timestamp,mem_available_kb,temp_mC,inference_cpu_pct,inference_rss_kb,inference_hwm_kb,vision_cpu_pct,vision_rss_kb,vision_hwm_kb,web_cpu_pct,web_rss_kb,web_hwm_kb,mediamtx_cpu_pct,mediamtx_rss_kb,mediamtx_hwm_kb
1789817989.9684453,15123884,37923,0,58660,113688,0,71768,71768,0,48348,48348,0,18480,18920
1789817990.975972,15118492,37000,6.947736810117955,63292,113688,50.619225330859386,71768,71768,0.9925338300168507,48348,48348,0.0,18480,18920
1789817991.9990466,15118500,37000,0.0,63292,113688,51.804543182787135,71768,71768,0.9774442109959837,48348,48348,0.0,18480,18920
1789817993.0096996,15118564,37000,0.0,63292,113688,51.451978545014846,71768,71768,0.9894611258656701,48348,48348,0.0,18480,18920
1789817994.0426853,15117704,37000,0.0,63292,113688,52.27561897251944,71768,71768,0.9680670180096193,48348,48348,0.0,18480,18920
1789817995.0549943,15117708,37000,1.9756915026946547,63292,113688,51.367979070061025,71768,71768,0.0,48348,48348,0.0,18480,18920
1789817996.0912907,15116960,37000,0.9649742095299206,63888,113688,49.21368468602595,71768,71768,0.9649742095299206,48348,48348,0.0,18480,18920
1789817997.1279862,15116960,37000,0.0,63888,113688,49.19473760998086,71768,71768,0.9646026982349188,48348,48348,0.0,18480,18920
1789817998.1702957,15116964,37000,0.0,63888,113688,51.80812346463679,71768,71768,0.9594096937895703,48348,48348,0.0,18480,18920
1789817999.2049904,15116972,36076,0.0,63888,113688,47.35707646403881,71768,71768,0.96647094824569,48348,48348,0.0,18480,18920
1789818000.251443,15116652,37000,2.8668145995239596,64580,113688,50.64705792492328,71768,71768,0.9556048665079865,48348,48348,0.0,18480,18920
1789818001.3027892,15116728,37000,0.0,64616,113688,50.41174544512863,71768,71768,0.9511650083986534,48348,48348,0.0,18480,18920
1789818002.3338957,15116736,37000,0.0,64616,113688,46.55184387348488,71768,71768,0.0,48348,48348,0.0,18480,18920
1789818003.3689451,15116740,37000,0.0,64616,113688,54.10376883742905,71768,71768,0.9661387292398045,48348,48348,0.0,18480,18920
1789818004.3925178,15116732,37000,0.0,64616,113688,48.84845463917994,71768,71768,1.9539381855671976,48348,48348,0.0,18480,18920
1789818005.453846,15116344,37000,1.884421148811539,65280,113688,44.28389699707117,71768,71768,0.9422105744057695,48348,48348,0.0,18480,18920
1789818006.4900753,15115972,37000,0.0,65280,113688,50.18207886964728,71768,71768,0.9650399782624477,48348,48348,0.0,18480,18920
1789818007.4994957,15115724,37000,0.0,65280,113688,53.495881560116885,71768,71768,0.0,48348,48348,0.0,18480,18920
1789818008.5159683,15115724,37000,0.0,65280,113688,56.07654773025139,71768,71768,0.9837990829868665,48348,48348,0.0,18480,18920
1789818009.556521,15115728,37000,0.0,65280,113688,49.973459576131226,71768,71768,0.9610280687717544,48348,48348,0.0,18480,18920
1789818010.6080174,15115728,37000,0.9510261920212456,65492,113688,48.502335793083525,71768,71768,0.9510261920212456,48348,48348,0.0,18480,18920
1789818011.638123,15115476,37000,0.0,65492,113688,50.480284718514675,71768,71768,0.9707747061252822,48348,48348,0.0,18480,18920
1789818012.6724324,15115480,37000,0.0,65492,113688,52.20877352254449,71768,71768,0.9668291393063795,48348,48348,0.0,18480,18920
1789818013.730298,15115480,37000,0.0,65492,113688,47.26508274543006,71768,71768,0.9453016549086012,48348,48348,0.0,18480,18920
1789818014.7499475,15115488,37000,0.0,65492,113688,50.99742254612912,71768,71768,0.980719664348637,48348,48348,0.0,18480,18920
1789818015.7605355,15115492,37000,0.9895289687149308,65572,113688,52.445035341891334,71768,71768,0.9895289687149308,48348,48348,0.0,18480,18920
1789818016.80263,15115476,37000,0.0,65572,113688,50.85891792878829,71768,71768,0.0,48348,48348,0.0,18480,18920
1789818017.8147385,15115256,37000,0.0,65572,113688,54.34216097037522,71768,71768,0.9880392903704585,48348,48348,0.0,18480,18920
1789818018.8548305,15115248,37000,0.0,65572,113688,49.99568542041638,71768,71768,0.9614554888541612,48348,48348,0.0,18480,18920
1789818019.868272,15115252,37000,0.0,65572,113688,52.29693522129599,71768,71768,0.9867346268169055,48348,48348,0.0,18480,18920
1789818020.9160864,15115000,37000,0.9543669062922046,65652,113688,53.44454675236346,71768,71768,0.9543669062922046,48348,48348,0.0,18480,18920
1789818021.972879,15114784,37000,0.0,65652,113688,52.04442731469913,71768,71768,0.9462623148127114,48348,48348,0.0,18480,18920
1789818022.9920647,15114784,37000,0.0,65652,113688,50.039894944006114,71768,71768,0.9811744106667866,48348,48348,0.0,18480,18920
1789818024.0224404,15114792,37000,0.0,65652,113688,50.46682414049867,71768,71768,0.0,48348,48348,0.0,18480,18920
1789818025.04487,15114328,37000,0.9780616296938223,65652,113688,55.74951289254787,71768,71768,0.9780616296938223,48348,48348,0.0,18480,18920
1789818026.0850818,15114324,37000,0.0,65732,113688,55.75807909979747,71768,71768,0.9613461913758184,48348,48348,0.0,18480,18920
1789818027.1202626,15114340,37000,0.0,65732,113688,54.097048414318536,71768,71768,0.9660187216842596,48348,48348,0.0,18480,18920
1789818028.150541,15114324,37000,0.0,65732,113688,49.501016360691395,71768,71768,0.0,48348,48348,0.0,18480,18920
1789818029.1989384,15114328,37000,0.0,65732,113688,51.50687615508935,71768,71768,0.953831039909062,48348,48348,0.0,18480,18920
1789818030.2139137,15114092,37000,0.9852506334799481,65812,113688,51.2330329409573,71768,71768,0.9852506334799481,48348,48348,0.0,18480,18920
1789818031.2445533,15114092,37000,0.0,65812,113688,54.335073691565626,71768,71768,0.9702691730636719,48348,48348,0.0,18480,18920
1789818032.256394,15114112,37000,0.0,65812,113688,53.368347818778695,71768,71768,1.9766054747695811,48348,48348,0.0,18480,18920
1789818033.2866926,15114112,36076,0.0,65812,113688,48.529652565983106,71768,71768,0.0,48348,48348,0.0,18480,18920
1789818034.303518,15114124,37000,0.0,65812,113688,54.089768345295596,71768,71768,0.983450333550829,48348,48348,0.0,18480,18920
1789818035.3363574,15114116,37000,0.0,65892,113688,49.37833719135353,71768,71768,0.9682026900265398,48348,48348,0.0,18480,18920
1789818036.3599813,15114116,37000,0.0,65892,113688,51.7784029100487,71768,71768,0.9769509983028056,48348,48348,0.0,18480,18920
1789818037.40866,15114120,37000,0.0,65892,113688,52.445520708746145,71768,71768,0.0,48348,48348,0.0,18480,18920
1789818038.4445186,15114120,37000,0.0,65892,113688,54.06158797467794,71768,71768,0.9653854995478203,48348,48348,0.0,18480,18920
1789818039.4818797,15114124,37000,0.0,65892,113688,50.12700645887146,71768,71768,0.9639808934398358,48348,48348,0.0,18480,18920
1789818040.516229,15114128,37000,0.9667915550594759,65972,113688,48.339577752973796,71768,71768,0.9667915550594759,48348,48348,0.0,18480,18920
1789818041.5481672,15114128,37000,0.0,65972,113688,53.29749157778444,71768,71768,0.9690453014142626,48348,48348,0.0,18480,18920
1789818042.5650532,15113900,37000,0.0,65972,113688,54.08666546946692,71768,71768,0.9833939176266713,48348,48348,0.0,18480,18920
1789818043.575492,15113920,37000,0.0,65972,113688,49.483574962487175,71768,71768,0.9896714992497435,48348,48348,0.0,18480,18920
1789818044.5865479,15113924,37000,0.0,65972,113688,48.46434180416444,71768,71768,0.0,48348,48348,0.0,18480,18920
1789818045.6216516,15113932,37000,0.9660833486321903,66052,113688,51.20241747750608,71768,71768,0.9660833486321903,48348,48348,0.0,18480,18920
1789818046.6568298,15113684,37000,0.0,66052,113688,46.36883328762614,71768,71768,0.9660173601588778,48348,48348,0.0,18480,18920
1789818047.6666331,15113692,37000,0.0,66052,113688,48.52449431109751,71768,71768,0.9902958022672962,48348,48348,0.0,18480,18920
1789818048.6979058,15113696,37000,0.0,66052,113688,54.30183674207388,71768,71768,0.0,48348,48348,0.0,18480,18920
1789818049.732668,15113448,37000,0.0,66052,113688,50.252822432859226,71768,71768,0.966400431401139,48348,48348,0.0,18480,18920
1789818050.7721133,15113196,37000,0.0,66392,113688,54.837261771988715,71768,71768,0.9620572240699775,48348,48348,0.0,18480,18920
1789818051.8102098,15113200,37000,0.0,66392,113688,53.94496431859417,71768,71768,0.9633029342606101,48348,48348,0.0,18480,18920
1789818052.840861,15113208,37000,0.0,66392,113688,53.364502446046835,71768,71768,0.9702636808372153,48348,48348,0.0,18480,18920
1789818053.8728411,15113216,37000,0.0,66392,113688,54.264343680402966,71768,71768,0.969006137150053,48348,48348,0.0,18480,18920
1789818054.905301,15112968,37000,0.0,66392,113688,50.365106634153314,71768,71768,0.9685597429644868,48348,48348,0.0,18480,18920
1789818055.9350064,15112972,37000,0.9711511849008226,66472,113688,49.52871042994195,71768,71768,0.0,48348,48348,0.0,18480,18920
1789818056.955675,15112736,37000,0.0,66472,113688,48.987359800367116,71768,71768,0.9797471960073424,48348,48348,0.0,18480,18920
1789818057.9898553,15112740,37000,0.0,66472,113688,50.281647718226296,71768,71768,0.9669547638120441,48348,48348,0.0,18480,18920
1789818059.041256,15112732,37000,0.0,66472,113688,54.213489835390256,71768,71768,0.9511138567612326,48348,48348,0.0,18480,18920
1789818060.1132255,15112732,37000,0.9328559799828683,66472,113688,49.44136693909202,71768,71768,0.9328559799828683,48348,48348,0.0,18480,18920
1789818061.1530576,15112736,37000,0.0,66552,113688,54.81670981458074,71768,71768,0.9616966634136972,48348,48348,0.0,18480,18920
1789818062.189338,15112736,37000,0.0,66552,113688,52.109556432252155,71768,71768,0.9649917857824473,48348,48348,0.0,18480,18920
1789818063.2206979,15112768,37000,0.0,66552,113688,50.418556824424996,71768,71768,0.9695876312389422,48348,48348,0.0,18480,18920
1789818064.232106,15112752,37000,0.0,66552,113688,49.4361681432868,71768,71768,0.988723362865736,48348,48348,0.0,18480,18920
1789818065.2669706,15112752,37000,0.9663133101435256,66632,113688,51.214605437606856,71768,71768,0.0,48348,48348,0.0,18480,18920
1789818066.3235867,15112756,37000,0.0,66632,113688,51.10637411597844,71768,71768,0.9464143354810822,48348,48348,0.0,18480,18920
1789818067.3573961,15112772,37000,0.0,66632,113688,50.29955440156575,71768,71768,0.9672991231070336,48348,48348,0.0,18480,18920
1789818068.3912435,15112764,37000,0.0,66632,113688,51.26477696193371,71768,71768,0.9672599426779945,48348,48348,0.0,18480,18920
1789818069.4318864,15112772,37000,0.0,66632,113688,51.89093403199861,71768,71768,0.960943222814789,48348,48348,0.0,18480,18920
1789818070.4794486,15112776,37000,0.0,66712,113688,51.54853222714357,71768,71768,0.9546024486508068,48348,48348,0.0,18480,18920
1789818071.516096,15112780,37000,0.0,66712,113688,54.98438468072914,71768,71768,0.9646383277320902,48348,48348,0.0,18480,18920
1789818072.5356743,15112752,37000,0.0,66712,113688,52.96337648524314,71768,71768,0.9808032682452432,48348,48348,0.0,18480,18920
1789818073.5670624,15112792,37000,0.0,66712,113688,52.35656237647395,71768,71768,0.9695659699347029,48348,48348,0.0,18480,18920
1789818074.6114368,15112784,37000,0.0,66712,113688,47.875607665818016,71768,71768,0.9575121533163603,48348,48348,0.0,18480,18920
1789818075.6385212,15112532,37000,0.9736270790116718,66792,113688,46.734099792560244,71768,71768,0.0,48348,48348,0.0,18480,18920
1789818076.6698925,15112536,37000,0.0,66792,113688,48.47927189950991,71768,71768,0.9695854379901983,48348,48348,0.0,18480,18920
1789818077.704888,15112536,37000,0.0,66792,113688,52.17391929427093,71768,71768,1.9323673812692936,48348,48348,0.0,18480,18920
1789818078.736684,15112540,37000,0.0,66792,113688,55.24352740567959,71768,71768,0.9691846913277122,48348,48348,0.0,18480,18920
1789818079.773297,15112556,37000,0.0,66792,113688,52.0929592258932,71768,71768,0.0,48348,48348,0.0,18480,18920
1789818080.8119276,15112548,37000,0.9628039543921862,66872,113688,52.95421749157024,71768,71768,1.9256079087843725,48348,48348,0.0,18480,18920
1789818081.852941,15112564,37000,0.0,66872,113688,51.872407805502014,71768,71768,0.0,48348,48348,0.0,18480,18920
1789818082.8830624,15112568,37000,0.0,66872,113688,49.50869493251119,71768,71768,0.9707587241668861,48348,48348,0.0,18480,18920
1789818083.9128644,15112568,37000,0.0,66872,113688,51.46647695773749,71768,71768,0.971065602976179,48348,48348,0.0,18480,18920
1789818084.9491115,15112552,37000,0.0,66872,113688,55.006126432780626,71768,71768,0.9650197619786074,48348,48348,0.0,18480,18920
1789818085.9877634,15112572,37000,0.0,66952,113688,50.064994182894964,71768,71768,0.9627883496710571,48348,48348,0.0,18480,18920
1789818087.0192664,15112576,37000,0.0,66952,113688,52.35074221718759,71768,71768,0.9694581892071775,48348,48348,0.0,18480,18920
1789818088.0565696,15112564,37000,0.0,66952,113688,53.986327945097415,71768,71768,0.9640415704481682,48348,48348,0.0,18480,18920
1789818089.1016908,15112572,37000,0.0,66952,113688,50.71161911965181,71768,71768,0.0,48348,48348,0.0,18480,18920
1789818090.143436,15112576,37000,0.9599283119393887,67032,113688,51.836128844726986,71768,71768,0.9599283119393887,48348,48348,0.0,18480,18920
1789818091.1715624,15112576,37000,0.0,67032,113688,50.577413294198934,71768,71768,0.9726425633499794,48348,48348,0.0,18480,18920
1789818092.2077763,15112580,37000,0.0,67032,113688,55.97302100387447,71768,71768,0.9650520862736978,48348,48348,0.0,18480,18920
1789818093.2476442,15112580,37923,0.0,67032,113688,49.04442501043616,71768,71768,0.9616553923614933,48348,48348,0.0,18480,18920
1789818094.2807086,15112588,37000,0.0,67032,113688,49.3676324749572,71768,71768,0.9679927936266117,48348,48348,0.0,18480,18920
1789818095.2912412,15112588,37000,0.9895827034536311,67112,113688,47.49996976577429,71768,71768,0.9895827034536311,48348,48348,0.0,18480,18920
1789818096.3236809,15112344,37000,0.0,67112,113688,49.39745794405104,71768,71768,0.0,48348,48348,0.0,18480,18920
1789818097.3362722,15112348,37000,0.0,67112,113688,50.365945181117304,71768,71768,0.9875675525709275,48348,48348,0.0,18480,18920
1789818098.3795905,15112348,37000,0.0,67112,113688,55.59167374288535,71768,71768,0.9584771334980232,48348,48348,0.0,18480,18920
1789818099.4119933,15112356,37000,0.0,67112,113688,49.399581121382056,71768,71768,0.968619237674158,48348,48348,0.0,18480,18920
1789818100.4304428,15112360,37000,0.9818802589660587,67192,113688,50.07589320726899,71768,71768,0.9818802589660587,48348,48348,0.0,18480,18920
1789818101.4615562,15112116,37923,0.0,67192,113688,51.40065155892679,71768,71768,0.9698236143193734,48348,48348,0.0,18480,18920
1789818102.4756863,15112124,37000,0.0,67192,113688,53.247827839912375,71768,71768,0.0,48348,48348,0.0,18480,18920
1789818103.5074284,15112120,37000,0.0,67192,113688,47.49232061533269,71768,71768,1.9384620659319465,48348,48348,0.0,18480,18920
1789818104.5525703,15112128,37000,0.0,67192,113688,51.66764910627954,71768,71768,0.0,48348,48348,0.0,18480,18920
1789818105.5794337,15111880,37000,0.0,67272,113688,48.692168903820196,71768,71768,0.9738433780764039,48348,48348,0.0,18480,18920
1789818106.611615,15111880,37000,0.0,67272,113688,49.409980598679056,71768,71768,0.9688231489937069,48348,48348,0.0,18480,18920
1789818107.654287,15111892,37923,0.0,67272,113688,48.912496199341966,71768,71768,0.9590685529282739,48348,48348,0.0,18480,18920
1789818108.6910443,15111876,37000,0.0,67272,113688,50.15642128779906,71768,71768,0.964546563226905,48348,48348,0.0,18480,18920
1789818109.7307844,15111644,37000,0.0,67272,113688,51.93620449790044,71768,71768,0.9617815647759341,48348,48348,0.0,18480,18920
1789818110.7761023,15111904,37000,0.9566426047677816,67352,113688,48.78877284315686,71768,71768,0.0,48348,48348,0.0,18480,18920
1789818111.8051443,15111912,37000,0.0,67352,113688,55.391753502363116,71768,71768,0.9717851491642652,48348,48348,0.0,18480,18920
1789818112.8562825,15114824,37000,0.0,67352,113688,55.178224657212326,71768,71768,0.9513487009864194,48348,48348,0.0,18480,18920
1789818113.8980274,15114376,37000,0.0,67352,113688,55.67575305355539,71768,71768,0.9599267767854378,48348,48348,0.0,18480,18920
1789818114.9431324,15114384,37000,0.0,67352,113688,50.712411642579895,71768,71768,0.9568379555203754,48348,48348,0.0,18480,18920
1789818115.9750097,15114388,37000,0.9691084960067493,67432,113688,55.23918427238471,71768,71768,0.0,48348,48348,0.0,18480,18920
1789818116.984663,15114392,37000,0.0,67432,113688,48.531643289572315,71768,71768,0.9904416997871902,48348,48348,0.0,18480,18920
1789818118.0058985,15114400,37000,0.0,67432,113688,54.835772555304516,71768,71768,0.9792102242018664,48348,48348,0.0,18480,18920
1789818119.04458,15114388,37000,0.0,67432,113688,55.83990986668471,71768,71768,0.9627570666669777,48348,48348,0.0,18480,18920
1789818120.078554,15114400,37000,0.9671395002333925,67432,113688,51.2583935123698,71768,71768,0.0,48348,48348,0.0,18480,18920
1789818121.1186259,15114392,37000,0.0,67776,113688,50.957796248375864,71768,71768,0.9614678537429409,48348,48348,0.0,18480,18920
1789818122.1281946,15114392,37000,0.0,67776,113688,49.52646096487908,71768,71768,0.9905292192975816,48348,48348,0.0,18480,18920
1789818123.1664262,15114396,37923,0.0,67776,113688,48.1584663813872,71768,71768,0.9631693276277439,48348,48348,0.0,18480,18920
1789818124.1970394,15114400,37000,0.0,67776,113688,52.39633162376278,71768,71768,0.9703024374770884,48348,48348,0.0,18480,18920
1789818125.2344592,15114164,37000,0.9639289357850411,67856,113688,53.016091468177265,71768,71768,0.9639289357850411,48348,48348,0.0,18480,18920
1789818126.2762692,15114184,37000,0.0,67856,113688,54.71247151139373,71768,71768,0.9598679212525215,48348,48348,0.0,18480,18920
1789818127.2928202,15113944,37000,0.0,67856,113688,53.124893550385316,71768,71768,0.9837943250071355,48348,48348,0.0,18480,18920
1789818128.330656,15113944,37000,0.0,67856,113688,50.10050204065467,71768,71768,0.0,48348,48348,0.0,18480,18920
1789818129.3700974,15113940,37000,0.0,67856,113688,55.79904613108487,71768,71768,0.9620525195014633,48348,48348,0.0,18480,18920
1789818130.4072025,15113948,37000,0.0,67936,113688,50.14211954511555,71768,71768,0.9642715297137605,48348,48348,0.0,18480,18920
1789818131.4417913,15113948,37000,0.0,67936,113688,55.09151957874879,71768,71768,0.9665178873464699,48348,48348,0.0,18480,18920
1789818132.459805,15113944,37000,0.0,67936,113688,55.9918640795958,71768,71768,0.9823134049051895,48348,48348,0.0,18480,18920
1789818133.4922352,15113712,37000,0.0,67936,113688,46.491873365822215,71768,71768,0.9685806951212962,48348,48348,0.0,18480,18920
1789818134.526135,15113708,37000,0.0,67936,113688,52.22964353657091,71768,71768,0.9672156210476094,48348,48348,0.0,18480,18920
1789818135.5676916,15113708,37000,0.9600983140674616,68016,113688,45.124620761170696,71768,71768,0.9600983140674616,48348,48348,0.0,18480,18920
1789818136.598734,15113720,37000,0.0,68016,113688,51.404135033385565,71768,71768,0.9698893402525578,48348,48348,0.0,18480,18920
1789818137.6178641,15113724,37000,0.0,68016,113688,52.986572196843916,71768,71768,0.0,48348,48348,0.0,18480,18920
1789818138.6582644,15113724,37000,0.0,68016,113688,46.136227083615786,71768,71768,0.9611713975753289,48348,48348,0.0,18480,18920
1789818139.6782038,15113476,37000,0.0,68016,113688,49.022633693113505,71768,71768,0.9804526738622701,48348,48348,0.0,18480,18920
1789818140.7135055,15113240,37000,0.9658943114638083,68096,113688,50.226504196118036,71768,71768,0.9658943114638083,48348,48348,0.0,18480,18920
1789818141.7280061,15113240,37000,0.0,68096,113688,52.242636307262046,71768,71768,0.9857101190049442,48348,48348,0.0,18480,18920
1789818142.7705314,15113240,37000,0.0,68096,113688,52.756560248293034,71768,71768,0.9592101863326006,48348,48348,0.0,18480,18920
1789818143.8197913,15113244,37000,0.0,68096,113688,51.46463951441592,71768,71768,0.9530488798965912,48348,48348,0.0,18480,18920
1789818144.861033,15113244,37000,0.0,68096,113688,55.702985244183374,71768,71768,0.9603962973135065,48348,48348,0.0,18480,18920
1789818145.9009957,15113256,37000,0.9615673936220505,68176,113688,54.809341436456876,71768,71768,0.9615673936220505,48348,48348,0.0,18480,18920
1789818146.939681,15113004,37000,0.0,68176,113688,48.13785134050619,71768,71768,0.9627570268101238,48348,48348,0.0,18480,18920
1789818147.9727924,15113008,37000,0.0,68176,113688,55.173168126803816,71768,71768,0.967950318014102,48348,48348,0.0,18480,18920
1789818149.0127463,15113000,37000,0.0,68176,113688,51.92556500642255,71768,71768,0.9615845371559733,48348,48348,0.0,18480,18920
1789818150.0481532,15113016,37000,0.0,68176,113688,51.18738226159733,71768,71768,0.9657996653131571,48348,48348,0.0,18480,18920
1789818151.091667,15112772,37000,0.0,68256,113688,56.53993558581289,71768,71768,0.9583039929798794,48348,48348,0.0,18480,18920
1789818152.1328197,15112780,37000,0.0,68256,113688,46.10249431427719,71768,71768,0.0,48348,48348,0.0,18480,18920
1789818153.1443336,15112784,37000,0.0,68256,113688,50.41952833986053,71768,71768,0.9886182027423633,48348,48348,0.0,18480,18920
1789818154.1623135,15112772,37000,0.0,68256,113688,56.975793618953,71768,71768,0.982341269292293,48348,48348,0.0,18480,18920
1789818155.195504,15112556,37000,0.9678765396351475,68336,113688,51.29745660066282,71768,71768,0.9678765396351475,48348,48348,0.0,18480,18920
1789818156.2386205,15112532,37000,0.0,68336,113688,53.68525505873253,71768,71768,0.9586652689059381,48348,48348,0.0,18480,18920
1789818157.2665937,15112532,37000,0.0,68336,113688,55.448828288585766,71768,71768,0.9727864612032591,48348,48348,0.0,18480,18920
1789818158.3060896,15112548,37000,0.0,68336,113688,48.1003295297751,71768,71768,0.9620065905955021,48348,48348,0.0,18480,18920
1789818159.3522093,15112552,37000,0.0,68336,113688,54.48704391296969,71768,71768,0.9559130511047315,48348,48348,0.0,18480,18920
1789818160.3819258,15112548,37000,0.9711388846947624,68416,113688,52.44149977351717,71768,71768,0.0,48348,48348,0.0,18480,18920
1789818161.424535,15112556,37000,0.0,68416,113688,55.629728526926236,71768,71768,0.9591332504642455,48348,48348,0.0,18480,18920
1789818162.4693265,15112560,37000,0.0,68416,113688,59.34210418311565,71768,71768,0.9571307126308976,48348,48348,0.0,18480,18920
1789818163.523294,15112560,37000,0.0,68416,113688,50.286136799862064,71768,71768,0.9487950339596616,48348,48348,0.0,18480,18920
1789818164.5369005,15112560,37000,0.0,68416,113688,47.35565719200358,71768,71768,0.9865761915000745,48348,48348,0.0,18480,18920
1789818165.5590653,15112572,37000,0.9783151946636,68496,113688,48.91575973318,71768,71768,0.9783151946636,48348,48348,0.0,18480,18920
1789818166.5956433,15112560,37000,0.0,68496,113688,54.023848152472375,71768,71768,0.9647115741512924,48348,48348,0.0,18480,18920
1789818167.6116292,15112580,37000,0.0,68496,113688,52.16628921633027,71768,71768,0.9842696078552882,48348,48348,0.0,18480,18920
1789818168.6461601,15112564,37000,0.0,68496,113688,53.16411888968541,71768,71768,0.0,48348,48348,0.0,18480,18920
1789818169.678509,15112564,37000,0.0,68496,113688,48.43312772814511,71768,71768,0.9686625545629022,48348,48348,0.0,18480,18920
1789818170.7164097,15112572,37000,0.9634837639772778,68576,113688,49.13767196284116,71768,71768,0.9634837639772778,48348,48348,0.0,18480,18920
1789818171.745229,15112336,37000,0.0,68576,113688,50.5434248247164,71768,71768,0.9719889389368539,48348,48348,0.0,18480,18920
1789818172.789876,15112348,37000,0.0,68576,113688,52.649382751808346,71768,71768,0.9572615045783336,48348,48348,0.0,18480,18920
1789818173.8259249,15112340,37000,0.0,68576,113688,50.19073279583241,71768,71768,0.0,48348,48348,0.0,18480,18920
1789818174.8616726,15112340,37000,0.0,68576,113688,49.23951500042943,71768,71768,0.9654806862829299,48348,48348,0.0,18480,18920
1789818175.8917375,15112336,37000,0.0,68656,113688,54.36578045982294,71768,71768,0.970817508211124,48348,48348,0.0,18480,18920
1789818176.944514,15112360,37000,0.0,68656,113688,57.94214661125459,71768,71768,0.9498712559222064,48348,48348,0.0,18480,18920
1789818177.9901102,15112344,37000,0.0,68656,113688,49.73215566428975,71768,71768,0.956387608928649,48348,48348,0.0,18480,18920
1789818179.032032,15112372,37000,0.0,68656,113688,56.626223935992485,71768,71768,0.9597665073897031,48348,48348,0.0,18480,18920
1789818180.080243,15112384,37000,0.9540068899466552,68656,113688,49.60835827722607,71768,71768,0.0,48348,48348,0.0,18480,18920
1789818181.1195936,15112376,37000,0.0,68736,113688,47.14463468801062,71768,71768,0.9621354017961351,48348,48348,0.0,18480,18920
1789818182.129227,15112380,37000,0.0,68736,113688,48.5326808063502,71768,71768,0.9904628735989837,48348,48348,0.0,18480,18920
1789818183.16163,15112388,37000,0.0,68736,113688,52.30487104851448,71768,71768,0.9686087231206385,48348,48348,0.0,18480,18920
1789818184.1991239,15112388,37000,0.0,68736,113688,49.15714963285557,71768,71768,0.9638656790755994,48348,48348,0.0,18480,18920
1789818185.2340002,15112392,37000,1.9325882602622404,69080,113688,50.24729476681825,71768,71768,0.0,48348,48348,0.0,18480,18920
1789818186.270475,15112396,37000,0.0,69080,113688,54.994331488229996,71768,71768,0.964812833126842,48348,48348,0.0,18480,18920
1789818187.3036952,15112404,37000,0.0,69080,113688,51.29601268185902,71768,71768,0.9678492958841325,48348,48348,0.0,18480,18920
1789818188.348995,15112408,37000,0.0,69080,113688,48.789546887415064,71768,71768,0.0,48348,48348,0.0,18480,18920
1789818189.3817093,15112424,37000,0.0,69080,113688,50.35299341463007,71768,71768,0.9683267964351936,48348,48348,0.0,18480,18920
1789818190.4055617,15112428,37000,0.0,69160,113688,51.7654079109027,71768,71768,0.9767058096396737,48348,48348,0.0,18480,18920
1789818191.4439287,15112424,37000,0.0,69160,113688,53.930554282053755,71768,71768,0.9630456121795313,48348,48348,0.0,18480,18920
1789818192.483076,15112424,37000,0.0,69160,113688,54.85252369724922,71768,71768,0.9623249771447232,48348,48348,0.0,18480,18920
1789818193.5302875,15112420,37000,0.0,69160,113688,53.47542941574757,71768,71768,0.9549183824240637,48348,48348,0.0,18480,18920
1789818194.5510182,15112424,37000,0.0,69160,113688,49.964363603444724,71768,71768,0.9796934039891122,48348,48348,0.0,18480,18920
1789818195.5928497,15112424,37000,0.9598479597760231,69240,113688,47.99239798880116,71768,71768,0.0,48348,48348,0.0,18480,18920
1789818196.6243558,15111920,37000,0.0,69240,113688,50.412683119865996,71768,71768,0.9694746753820384,48348,48348,0.0,18480,18920
1789818197.6367471,15111932,37000,0.0,69240,113688,56.3014120789219,71768,71768,0.9877440715600333,48348,48348,0.0,18480,18920
1789818198.677435,15111932,37000,0.0,69240,113688,50.92786197209048,71768,71768,0.0,48348,48348,0.0,18480,18920
1789818199.7319996,15111944,37000,0.0,69240,113688,55.94704436633837,71768,71768,0.9482549892599723,48348,48348,0.0,18480,18920
1789818200.769757,15111936,37000,0.0,69320,113688,53.96269027111148,71768,71768,0.9636194691269907,48348,48348,0.0,18480,18920
1789818201.8013408,15111956,37000,0.0,69320,113688,51.377203901862195,71768,71768,0.969381205695513,48348,48348,0.0,18480,18920
1789818202.8324814,15111708,37000,0.0,69320,113688,55.278364567040946,71768,71768,0.9697958695972095,48348,48348,0.0,18480,18920
1789818203.8500597,15111732,37000,0.0,69320,113688,57.98106009953201,71768,71768,0.0,48348,48348,0.0,18480,18920
1789818204.8859258,15111728,37000,0.0,69320,113688,52.13015645079559,71768,71768,0.9653732676073257,48348,48348,0.0,18480,18920
1789818205.9196134,15111748,37000,0.9674111813458215,69400,113688,52.24020379267436,71768,71768,0.9674111813458215,48348,48348,0.0,18480,18920
1789818206.9495254,15111756,37000,0.0,69400,113688,56.31553433876595,71768,71768,0.9709574885994129,48348,48348,0.0,18480,18920
1789818207.9933498,15111752,37000,0.0,69400,113688,54.60709215702303,71768,71768,0.9580191606495269,48348,48348,0.0,18480,18920
1789818209.0365765,15111752,37000,0.0,69400,113688,53.679656532946225,71768,71768,0.9585652952311826,48348,48348,0.0,18480,18920
1789818210.0765026,15111756,37000,0.9615992161166292,69400,113688,49.041560021948094,71768,71768,0.9615992161166292,48348,48348,0.0,18480,18920
1789818211.0990124,15111756,37000,0.0,69480,113688,59.657322471777576,71768,71768,0.9779888929799602,48348,48348,0.0,18480,18920
1789818212.1364224,15111768,37000,0.0,69480,113688,52.052975724613546,71768,71768,0.9639439949002508,48348,48348,0.0,18480,18920
1789818213.1696892,15111768,37000,0.0,69480,113688,55.16472252925429,71768,71768,0.0,48348,48348,0.0,18480,18920
1789818214.2070515,15111752,37000,0.0,69480,113688,53.01908120583584,71768,71768,0.9639832946515607,48348,48348,0.0,18480,18920
1789818215.2363553,15111780,37000,0.9715287816800714,69560,113688,53.43408299240393,71768,71768,0.9715287816800714,48348,48348,0.0,18480,18920
1789818216.281592,15111524,37000,0.0,69560,113688,52.61962412124639,71768,71768,0.9567204385681162,48348,48348,0.0,18480,18920
1789818217.3167741,15111524,37923,0.0,69560,113688,48.3006094224989,71768,71768,0.0,48348,48348,0.0,18480,18920
1789818218.3523579,15111284,37923,0.0,69560,113688,55.04166123134636,71768,71768,0.9656431794973046,48348,48348,0.0,18480,18920
1789818219.3848004,15111284,37000,0.0,69560,113688,53.27154908111201,71768,71768,0.9685736196565821,48348,48348,0.0,18480,18920
1789818220.432847,15111288,37000,0.0,69640,113688,57.24938188558158,71768,71768,0.9541563647596929,48348,48348,0.0,18480,18920
1789818221.4809783,15111292,37000,0.0,69640,113688,54.38252808212108,71768,71768,0.9540794400372119,48348,48348,0.0,18480,18920
1789818222.514077,15111276,37000,0.0,69640,113688,54.20582119702263,71768,71768,0.9679610928039755,48348,48348,0.0,18480,18920
1789818223.5655212,15111312,37000,0.0,69640,113688,42.79828331558688,71768,71768,0.9510729625685972,48348,48348,0.0,18480,18920
1789818224.598826,15111312,37000,0.0,69640,113688,52.25953951634065,71768,71768,0.0,48348,48348,0.0,18480,18920
1789818225.6376379,15111280,37000,0.9626353493457313,69720,113688,54.87021491270668,71768,71768,0.9626353493457313,48348,48348,0.9626353493457313,18480,18920
1789818226.6726909,15111284,37000,0.0,69720,113688,55.06981440457822,71768,71768,0.9661370948171617,48348,48348,0.0,18480,18920
1789818227.7073848,15111296,37923,0.0,69720,113688,53.155576806267625,71768,71768,0.9664650328412295,48348,48348,0.0,18480,18920
1789818228.7535903,15111312,37000,0.0,69720,113688,52.57139008862942,71768,71768,0.9558434561568986,48348,48348,0.0,18480,18920
1789818229.7893424,15111308,37000,0.0,69720,113688,53.1011664345097,71768,71768,0.0,48348,48348,0.0,18480,18920
1789818230.8294275,15111060,37000,0.9617306532374897,69800,113688,54.81864723453692,71768,71768,0.9617306532374897,48348,48348,0.0,18480,18920
1789818231.8731072,15111060,37000,0.0,69800,113688,55.55702116466956,71768,71768,0.9578796752529234,48348,48348,0.0,18480,18920
1789818232.9135156,15111068,37000,0.0,69800,113688,57.669602559807274,71768,71768,0.9611600426634546,48348,48348,0.0,18480,18920
1789818233.944499,15111072,37000,0.0,69800,113688,55.287477301527794,71768,71768,0.9699557421320665,48348,48348,0.0,18480,18920
1789818234.978791,15111072,37000,0.0,69800,113688,52.20920046018339,71768,71768,0.9668370455589517,48348,48348,0.0,18480,18920
1789818236.0143855,15111076,37000,0.9656309027962319,69880,113688,54.07533055658898,71768,71768,0.0,48348,48348,0.0,18480,18920
1789818237.0582113,15111092,37000,0.0,69880,113688,53.64892307220671,71768,71768,0.9580164834322628,48348,48348,0.0,18480,18920
1789818238.103376,15111092,37000,0.0,69880,113688,50.70971271171573,71768,71768,1.9135740645930466,48348,48348,0.0,18480,18920
1789818239.1445673,15111104,37000,0.0,69880,113688,51.863546049904286,71768,71768,0.0,48348,48348,0.0,18480,18920
1789818240.1846333,15111104,37923,0.9614769815570117,69960,113688,55.76566493030668,71768,71768,0.9614769815570117,48348,48348,0.0,18480,18920
1789818241.2154016,15110868,37923,0.0,69960,113688,55.29861592638053,71768,71768,0.9701511566031672,48348,48348,0.0,18480,18920
1789818242.2504036,15110864,37000,0.0,69960,113688,55.0724016719867,71768,71768,0.9661824854734508,48348,48348,0.0,18480,18920
1789818243.2826183,15110864,37000,0.0,69960,113688,46.5019249559001,71768,71768,0.9687901032479188,48348,48348,0.0,18480,18920
1789818244.3161237,15110872,37000,0.0,69960,113688,56.11965484477172,71768,71768,0.0,48348,48348,0.0,18480,18920
1789818245.3468983,15110880,37000,0.0,70040,113688,47.53715496027692,71768,71768,0.9701460195974883,48348,48348,0.0,18480,18920
1789818246.3916767,15110368,37000,0.0,70040,113688,59.34286625368632,71768,71768,0.9571430040917147,48348,48348,0.0,18480,18920
1789818247.4397275,15110380,37000,0.0,70040,113688,52.47813894551298,71768,71768,0.9541479808275087,48348,48348,0.0,18480,18920
1789818248.4760547,15110392,37000,0.0,70040,113688,53.07199391787125,71768,71768,0.9649453439612954,48348,48348,0.0,18480,18920
1789818249.517296,15110376,37000,0.0,70040,113688,48.01974573481662,71768,71768,0.9603949146963323,48348,48348,0.0,18480,18920
1789818250.5619006,15110412,37000,0.9573021684020724,70384,113688,56.48082793572227,71768,71768,0.9573021684020724,48348,48348,0.0,18480,18920
1789818251.5930622,15110384,37000,0.0,70384,113688,54.307719382932405,71768,71768,0.0,48348,48348,0.0,18480,18920
1789818252.6333916,15110384,37000,0.0,70384,113688,52.86765788000768,71768,71768,0.9612301432728669,48348,48348,0.0,18480,18920
1789818253.6748066,15110388,37000,0.0,70384,113688,52.812651798867336,71768,71768,0.9602300327066788,48348,48348,0.0,18480,18920
1789818254.7050624,15110388,37000,0.0,70384,113688,59.20858982069925,71768,71768,0.9706326200114632,48348,48348,0.0,18480,18920
1789818255.7244637,15110392,37000,0.9809714820740617,70464,113688,51.99148854992527,71768,71768,0.9809714820740617,48348,48348,0.0,18480,18920
1789818256.7552547,15110392,37000,0.0,70464,113688,52.38663568417665,71768,71768,0.9701228830403084,48348,48348,0.0,18480,18920
1789818257.771459,15110392,37000,0.0,70464,113688,51.17081320100772,71768,71768,0.9840541000193792,48348,48348,0.0,18480,18920
1789818258.8080695,15110404,37000,0.0,70464,113688,53.05788248107393,71768,71768,0.9646887723831624,48348,48348,0.0,18480,18920
1789818259.8401122,15110404,37000,0.0,70464,113688,57.168199847380755,71768,71768,0.9689525397861145,48348,48348,0.0,18480,18920
1789818260.8813024,15110408,37000,0.9604373828768173,70544,113688,51.863618675348135,71768,71768,0.0,48348,48348,0.0,18480,18920
1789818261.920803,15110420,37000,0.0,70544,113688,53.87211430002658,71768,71768,0.9620020410719032,48348,48348,0.0,18480,18920
1789818262.96146,15110440,37000,0.0,70544,113688,49.968513398313405,71768,71768,0.0,48348,48348,0.0,18480,18920
1789818263.9890354,15110448,37000,0.0,70544,113688,52.550868189384495,71768,71768,0.9731642257293425,48348,48348,0.0,18480,18920
1789818265.0307016,15110448,37000,0.0,70544,113688,52.7997127357739,71768,71768,0.959994777014071,48348,48348,0.0,18480,18920
1789818266.0596993,15110208,37000,0.0,70624,113688,58.309281054548876,71768,71768,0.971821350909148,48348,48348,0.0,18480,18920
1789818267.0958455,15109956,37000,0.0,70624,113688,54.04646136092798,71768,71768,0.9651153814451424,48348,48348,0.0,18480,18920
1789818268.1277027,15109956,37000,0.0,70624,113688,54.27109258732508,71768,71768,0.9691266533450907,48348,48348,0.0,18480,18920
1789818269.1474266,15109936,37000,0.0,70624,113688,47.07135087722481,71768,71768,0.0,48348,48348,0.0,18480,18920
1789818270.186345,15109944,37000,0.9625452385072087,70704,113688,44.27708097133161,71768,71768,0.9625452385072087,48348,48348,0.0,18480,18920
1789818271.226466,15109948,37923,0.0,70704,113688,53.8396179753787,71768,71768,0.9614217495603339,48348,48348,0.0,18480,18920
1789818272.2430606,15109948,37000,0.0,70704,113688,47.21655729007384,71768,71768,0.9836782768765383,48348,48348,0.0,18480,18920
1789818273.2927172,15109960,37000,0.0,70704,113688,51.4455341480787,71768,71768,0.9526950768162723,48348,48348,0.0,18480,18920
1789818274.3257732,15109968,37000,0.0,70704,113688,50.336151060399665,71768,71768,0.0,48348,48348,0.0,18480,18920
1789818275.372663,15109980,37000,0.9552095480055711,70784,113688,57.312572880334265,71768,71768,0.9552095480055711,48348,48348,0.0,18480,18920
1789818276.402178,15109980,37000,0.0,70784,113688,53.423148927063515,71768,71768,1.9426599609841277,48348,48348,0.0,18480,18920
1789818277.4307008,15109992,37000,0.0,70784,113688,50.557886835889974,71768,71768,0.0,48348,48348,0.0,18480,18920
1789818278.4660888,15109992,37000,0.0,70784,113688,54.08609150138316,71768,71768,0.9658230625246993,48348,48348,0.0,18480,18920
1789818279.5215292,15110012,37000,0.0,70784,113688,51.16339680544498,71768,71768,0.9474703112119441,48348,48348,0.0,18480,18920
1789818280.5341978,15110000,37000,0.9874869758368584,70864,113688,46.41188786433234,71768,71768,0.9874869758368584,48348,48348,0.0,18480,18920
1789818281.5651011,15109488,37000,0.0,70864,113688,51.41136312241754,71768,71768,0.0,48348,48348,0.0,18480,18920
1789818282.6130955,15109488,37000,0.0,70864,113688,47.71033339027172,71768,71768,0.9542066678054345,48348,48348,0.0,18480,18920
1789818283.6258109,15109492,37000,0.0,70864,113688,53.322001841800585,71768,71768,0.9874444785518627,48348,48348,0.0,18480,18920
1789818284.6648629,15109480,37000,0.0,70864,113688,55.819971875097345,71768,71768,0.9624133081913335,48348,48348,0.0,18480,18920
1789818285.7223403,15109484,37000,1.8912950571884188,70944,113688,58.63014677284099,71768,71768,0.9456475285942094,48348,48348,0.0,18480,18920
1789818286.7555327,15109492,37000,0.0,70944,113688,54.200935450071285,71768,71768,0.0,48348,48348,0.0,18480,18920
1789818287.7920058,15109496,37000,0.0,70944,113688,50.1699002707865,71768,71768,0.9648057744382019,48348,48348,0.0,18480,18920
1789818288.833101,15109496,37000,0.0,70944,113688,59.55288506502066,71768,71768,1.9210608085490535,48348,48348,0.0,18480,18920
1789818289.8830643,15109500,37000,0.0,70944,113688,53.33522541316191,71768,71768,0.0,48348,48348,0.0,18480,18920
1789818290.9220896,15109548,37000,0.9624382793263708,71024,113688,47.159475686992174,71768,71768,0.9624382793263708,48348,48348,0.0,18480,18920
1789818291.9493582,15112672,37000,0.0,71024,113688,51.593241446567006,71768,71768,0.9734573857842831,48348,48348,0.0,18480,18920
1789818292.9902225,15112680,37000,0.0,71024,113688,56.68385064500342,71768,71768,0.9607432312712443,48348,48348,0.0,18480,18920
1789818294.039375,15112428,37000,0.0,71024,113688,48.6105330137876,71768,71768,0.9531477061526982,48348,48348,0.0,18480,18920
1789818295.0770693,15112440,37000,0.0,71024,113688,59.74807987282758,71768,71768,0.9636787076262513,48348,48348,0.0,18480,18920
1789818296.1094706,15111960,37000,0.9686165412280385,71104,113688,47.46221052017389,71768,71768,0.0,48348,48348,0.0,18480,18920
1789818297.144234,15111956,37000,0.0,71104,113688,53.15198088774092,71768,71768,0.9663996525043804,48348,48348,0.0,18480,18920
1789818298.1882887,15111940,37923,0.0,71104,113688,46.932237919836695,71768,71768,0.9578007738742184,48348,48348,0.0,18480,18920
1789818299.2056842,15111948,37000,0.0,71104,113688,57.00857571748021,71768,71768,0.9829064778875899,48348,48348,0.0,18480,18920
1789818300.2359276,15111948,37000,0.0,71184,113688,51.44420296179901,71768,71768,0.970645338901868,48348,48348,0.0,18480,18920
1789818301.2682955,15111968,37000,0.0,71184,113688,55.21275618082283,71768,71768,0.0,48348,48348,0.0,18480,18920
1789818302.299975,15111952,37000,0.0,71184,113688,46.52599817382896,71768,71768,0.9692916286214367,48348,48348,0.0,18480,18920
1789818303.3384352,15111964,37923,0.0,71184,113688,48.148248456999,71768,71768,0.96296496913998,48348,48348,0.0,18480,18920
1789818304.3667734,15111960,37000,0.0,71184,113688,50.56684907837577,71768,71768,0.9724394053533801,48348,48348,0.0,18480,18920
1789818305.390979,15111980,37000,0.9763706098031102,71264,113688,48.81853049015551,71768,71768,0.0,48348,48348,0.0,18480,18920
1789818306.425181,15111976,37000,0.0,71264,113688,52.21430976670936,71768,71768,0.9669316623464697,48348,48348,0.0,18480,18920
1789818307.471321,15111976,37000,0.0,71264,113688,52.573927887352745,71768,71768,0.9558895979518681,48348,48348,0.0,18480,18920
1789818308.5181944,15111976,37000,0.0,71264,113688,55.40319448877854,71768,71768,0.9552274911858368,48348,48348,0.0,18480,18920
1789818309.5475028,15111972,37000,0.0,71264,113688,54.40577917150377,71768,71768,0.9715317709197102,48348,48348,0.0,18480,18920
1789818310.5692196,15111988,37000,0.9787383768700562,71344,113688,52.85187235098303,71768,71768,0.9787383768700562,48348,48348,0.0,18480,18920
1789818311.6095965,15111992,37000,0.0,71344,113688,50.943155232107046,71768,71768,0.0,48348,48348,0.0,18480,18920
1789818312.6457376,15112000,37000,0.0,71344,113688,52.11653862588858,71768,71768,0.9651210856646034,48348,48348,0.0,18480,18920
1789818313.6828208,15111988,37000,0.0,71344,113688,49.17629109759915,71768,71768,0.9642410019137088,48348,48348,0.0,18480,18920
1789818314.7257292,15112004,37000,0.0,71344,113688,49.86072752963112,71768,71768,0.9588601448005984,48348,48348,0.0,18480,18920
1789818315.7537775,15112000,37000,0.9727110770880043,71688,113688,54.47182031692824,71768,71768,0.9727110770880043,48348,48348,0.0,18480,18920
1789818316.764711,15112004,37000,0.0,71688,113688,52.42689321489292,71768,71768,0.0,48348,48348,0.0,18480,18920
1789818317.8004706,15112008,37923,0.0,71688,113688,52.13544106738543,71768,71768,0.9654711308775079,48348,48348,0.0,18480,18920
1789818318.837239,15112012,37000,0.0,71688,113688,50.156179397941855,71768,71768,0.9645419114988818,48348,48348,0.0,18480,18920
1789818319.8711927,15112020,37000,0.0,71688,113688,51.259550298597915,71768,71768,0.9671613263886399,48348,48348,0.0,18480,18920
1789818320.905438,15112016,37923,0.0,71768,113688,48.344164037548,71768,71768,0.96688328075096,48348,48348,0.0,18480,18920
1789818321.9405196,15112024,37923,0.0,71768,113688,52.170080029563465,71768,71768,0.9661125931400643,48348,48348,0.0,18480,18920
1789818322.9810207,15112024,37000,0.0,71768,113688,54.78099315778757,71768,71768,0.0,48348,48348,0.0,18480,18920
1789818324.010942,15112028,37000,0.0,71768,113688,54.37351150267321,71768,71768,0.9709555625477359,48348,48348,0.0,18480,18920
1789818325.048483,15112052,37000,0.9638093985105571,71768,113688,51.081898121059524,71768,71768,0.9638093985105571,48348,48348,0.0,18480,18920
1789818326.0885952,15112064,37000,0.0,71848,113688,51.91775200879878,71768,71768,0.9614398520147921,48348,48348,0.0,18480,18920
1789818327.1177254,15111812,37000,0.0,71848,113688,49.5563492128958,71768,71768,0.0,48348,48348,0.0,18480,18920
1789818328.160546,15111816,37000,0.0,71848,113688,49.86459241163,71768,71768,0.9589344694544231,48348,48348,0.0,18480,18920
1789818329.1985168,15111792,37000,0.0,71848,113688,53.95166436670056,71768,71768,0.9634225779767958,48348,48348,0.0,18480,18920
1789818330.2579064,15108900,37923,5.663643073859792,74348,113688,50.028847152428156,71768,71768,0.9439405123099652,48348,48348,0.0,18480,18920
1789818331.293066,15108652,37000,0.9660342362534212,74576,113688,51.19981452143133,71768,71768,0.0,48348,48348,0.0,18480,18920
1789818332.323037,15107636,37000,0.0,74576,113688,50.48696860900831,71768,71768,0.970903242480929,48348,48348,0.0,18480,18920
1789818333.3643975,15107636,37000,0.0,74576,113688,51.854774462346136,71768,71768,1.9205472023091161,48348,48348,0.0,18480,18920
1789818334.3795807,15107640,37000,0.0,74576,113688,56.14764362139812,71768,71768,0.0,48348,48348,0.0,18480,18920
1789818335.4017138,15105640,37000,5.8700962377820805,77132,113688,48.917468648184006,71768,71768,0.9783493729636801,48348,48348,0.0,18480,18920
1789818336.4342253,15105528,37000,0.0,77132,113688,53.26813097155369,71768,71768,0.9685114722100671,48348,48348,0.0,18480,18920
1789818337.4777758,15105520,37000,0.0,77132,113688,54.62114879479817,71768,71768,0.9582657683297924,48348,48348,0.0,18480,18920
1789818338.51272,15105528,37000,0.0,77132,113688,57.974272590862945,71768,71768,0.0,48348,48348,0.0,18480,18920
1789818339.5479465,15105540,37000,0.0,77132,113688,54.09433543226698,71768,71768,0.9659702755761961,48348,48348,0.0,18480,18920
1789818340.5861742,15103340,37000,4.815915441631819,79556,113688,52.975069857950004,71768,71768,0.9631830883263637,48348,48348,0.0,18480,18920
1789818341.6294494,15102896,37000,0.0,79556,113688,51.76016717200394,71768,71768,0.9585216142963693,48348,48348,0.0,18480,18920
1789818342.658446,15102904,37000,0.0,79556,113688,53.44990590658844,71768,71768,0.9718164710288807,48348,48348,0.0,18480,18920
1789818343.6992886,15102908,37000,0.0,79556,113688,52.84183595527831,71768,71768,0.960760653732333,48348,48348,0.0,18480,18920
1789818344.7303889,15102908,37000,0.0,79556,113688,50.43159215943267,71768,71768,0.9698383107583205,48348,48348,0.0,18480,18920
1789818345.7767327,15099996,37000,5.7342623332727705,82036,114568,50.65265061057614,71768,71768,0.9557103888787951,48348,48348,0.9557103888787951,18480,18920
1789818346.8168721,15100012,37000,0.0,82036,114568,53.83880490105093,71768,71768,0.9614072303759095,48348,48348,0.0,18480,18920
1789818347.839049,15100024,37923,0.0,82036,114568,53.8067106074214,71768,71768,0.9783038292258436,48348,48348,0.0,18480,18920
1789818348.8691561,15100016,37923,0.0,82036,114568,55.334142563782166,71768,71768,0.9707744309435468,48348,48348,0.0,18480,18920
1789818349.9053714,15100016,37000,0.0,82036,114568,50.1826095945569,71768,71768,0.0,48348,48348,0.0,18480,18920
1789818350.940747,15100016,37000,0.0,82116,114568,47.32583669543894,71768,71768,0.9658334019477335,48348,48348,0.0,18480,18920
1789818351.9694724,15100020,37000,0.0,82116,114568,52.49207328137114,71768,71768,0.9720754311365026,48348,48348,0.0,18480,18920
1789818353.002273,15100028,37000,0.0,82116,114568,49.38006432439015,71768,71768,0.968236555380199,48348,48348,0.0,18480,18920
1789818354.017047,15100032,37000,0.0,82116,114568,48.28664331087697,71768,71768,0.9854417002219789,48348,48348,0.0,18480,18920
1789818355.0261052,15099800,37923,0.9910238009321172,82116,114568,51.53323764847009,71768,71768,0.9910238009321172,48348,48348,0.0,18480,18920
1789818356.0587285,15099804,37000,0.0,82196,114568,50.357534427093874,71768,71768,0.0,48348,48348,0.0,18480,18920
1789818357.0891113,15099812,37000,0.0,82196,114568,51.43686165314283,71768,71768,0.9705068236442044,48348,48348,0.0,18480,18920
1789818358.111591,15099812,37923,0.0,82196,114568,54.769118769989134,71768,71768,0.0,48348,48348,0.0,18480,18920
1789818359.166962,15099832,37000,0.0,82196,114568,50.21895778276773,71768,71768,0.9475275053352402,48348,48348,0.0,18480,18920
1789818360.17809,15099828,37000,0.9890007050338903,82276,114568,52.41703736679619,71768,71768,0.9890007050338903,48348,48348,0.0,18480,18920
1789818361.2230048,15099820,37000,0.0,82276,114568,54.549985117471316,71768,71768,0.9570172827626546,48348,48348,0.0,18480,18920
1789818362.2545702,15099824,37000,0.0,82276,114568,49.43933606904297,71768,71768,0.0,48348,48348,0.0,18480,18920
1789818363.2996995,15099824,37000,0.0,82276,114568,53.58178912976406,71768,71768,1.9136353260630021,48348,48348,0.0,18480,18920
1789818364.3272195,15099348,37923,0.0,82276,114568,54.50010702361532,71768,71768,0.9732161968502736,48348,48348,0.0,18480,18920
1789818365.3571537,15099348,37000,0.9709363552432692,82356,114568,55.343372248866345,71768,71768,0.9709363552432692,48348,48348,0.0,18480,18920
1789818366.3839533,15099336,37000,0.0,82356,114568,50.64281682164341,71768,71768,0.9739003234931425,48348,48348,0.0,18480,18920
1789818367.4165068,15099340,37000,0.0,82356,114568,54.23448443599455,71768,71768,0.0,48348,48348,0.0,18480,18920
1789818368.4606416,15099340,37000,0.0,82356,114568,51.71751427478764,71768,71768,0.9577317458294008,48348,48348,0.0,18480,18920
1789818369.503725,15099344,37000,0.0,82356,114568,51.7697194830545,71768,71768,0.9586985089454537,48348,48348,0.0,18480,18920
1789818370.5562088,15099344,37000,0.0,82436,114568,51.30707948936082,71768,71768,0.95013110165483,48348,48348,0.0,18480,18920
1789818371.5860991,15099352,37000,0.0,82436,114568,49.51987163703069,71768,71768,0.9709778752358958,48348,48348,0.0,18480,18920
1789818372.623738,15099348,37000,0.0,82436,114568,50.11377189894531,71768,71768,0.0,48348,48348,0.0,18480,18920
1789818373.6607258,15099364,37000,0.0,82436,114568,52.073880427307074,71768,71768,0.9643311190242051,48348,48348,0.0,18480,18920
1789818374.678454,15099360,37000,0.0,82436,114568,51.09427729355676,71768,71768,0.9825822556453222,48348,48348,0.0,18480,18920
1789818375.717018,15099388,37000,0.9628658350486501,82516,114568,50.0690234225298,71768,71768,0.0,48348,48348,0.0,18480,18920
1789818376.757746,15099392,37000,0.0,82516,114568,48.043223481180654,71768,71768,0.960864469623613,48348,48348,0.0,18480,18920
1789818377.7936087,15099384,37000,0.0,82516,114568,55.992124703802354,71768,71768,0.9653814604103854,48348,48348,0.0,18480,18920
1789818378.8161168,15099400,37000,0.0,82516,114568,53.78920062932787,71768,71768,0.9779854659877795,48348,48348,0.0,18480,18920
1789818379.8588974,15099384,37000,0.0,82516,114568,51.78470629571792,71768,71768,0.9589760425132947,48348,48348,0.0,18480,18920
1789818380.8995395,15099396,37000,0.0,82596,114568,45.16410544436281,71768,71768,0.9609384137098471,48348,48348,0.0,18480,18920
1789818381.9393232,15099396,37000,0.0,82596,114568,50.010843697358354,71768,71768,0.9617469941799683,48348,48348,0.0,18480,18920
1789818382.9689195,15099416,37000,0.0,82596,114568,54.39010277907446,71768,71768,0.9712518353406153,48348,48348,0.0,18480,18920
1789818384.0202367,15099432,37000,0.0,82596,114568,51.364223454556395,71768,71768,0.9511893232325259,48348,48348,0.0,18480,18920
1789818385.0571842,15099440,37923,0.9643620793979005,82596,114568,50.14682812869083,71768,71768,0.9643620793979005,48348,48348,0.0,18480,18920
1789818386.0914485,15099424,37000,0.0,82676,114568,51.2441986031773,71768,71768,0.0,48348,48348,0.0,18480,18920
1789818387.126077,15099420,37000,0.0,82676,114568,57.02661304542853,71768,71768,0.9665527634818396,48348,48348,0.0,18480,18920
1789818388.1632223,15099428,37000,0.0,82676,114568,51.10091330357433,71768,71768,0.9641681755391383,48348,48348,0.0,18480,18920
1789818389.2000122,15099416,37000,0.0,82676,114568,47.26096009684464,71768,71768,0.9645093897315232,48348,48348,0.0,18480,18920
1789818390.229485,15099432,37000,1.942751956715468,83020,114568,50.511550874602165,71768,71768,0.971375978357734,48348,48348,0.0,18480,18920
1789818391.2653224,15099436,37000,0.0,83020,114568,50.20096474341102,71768,71768,0.0,48348,48348,0.0,18480,18920
1789818392.3080986,15099440,37000,0.0,83020,114568,52.74381511087475,71768,71768,0.958978456561359,48348,48348,0.0,18480,18920
1789818393.3408623,15099432,37000,0.0,83020,114568,51.318580925473825,71768,71768,0.9682751118013929,48348,48348,0.0,18480,18920
1789818394.3815548,15099440,37000,0.0,83020,114568,44.2012945750072,71768,71768,0.9608977081523306,48348,48348,0.0,18480,18920
1789818395.4167962,15099440,37923,0.0,83100,114568,53.12777497839783,71768,71768,0.0,48348,48348,0.0,18480,18920
1789818396.4594564,15099188,37000,0.0,83100,114568,46.99532245677242,71768,71768,0.9590882134035188,48348,48348,0.0,18480,18920
1789818397.5064662,15099192,37000,0.0,83100,114568,44.88965143267938,71768,71768,0.9550989666527527,48348,48348,0.0,18480,18920
1789818398.5417495,15099192,37000,0.0,83100,114568,52.159441091576014,71768,71768,0.0,48348,48348,0.0,18480,18920
1789818399.5645037,15099216,37000,0.0,83100,114568,49.86550773907783,71768,71768,0.9777550537074085,48348,48348,0.0,18480,18920
1789818400.6072826,15098968,37923,0.0,83180,114568,54.661440053568825,71768,71768,0.9589726325187513,48348,48348,0.0,18480,18920
1789818401.634504,15098964,37000,0.0,83180,114568,50.621868135756564,71768,71768,0.9734974641491647,48348,48348,0.0,18480,18920
1789818402.6791332,15098976,37000,0.0,83180,114568,49.77873190928458,71768,71768,0.9572833059477804,48348,48348,0.0,18480,18920
1789818403.7085435,15098956,37000,0.0,83180,114568,50.51435390866361,71768,71768,0.9714298828589155,48348,48348,0.0,18480,18920
1789818404.7409532,15098984,37000,0.0,83180,114568,53.27353565574265,71768,71768,0.0,48348,48348,0.0,18480,18920
1789818405.7568538,15098720,37000,0.9843425134825342,83260,114568,46.264098133679106,71768,71768,1.9686850269650684,48348,48348,0.0,18560,18920
1789818406.767315,15098736,37000,0.0,83260,114568,49.482560861082575,71768,71768,0.9896512172216515,48348,48348,0.0,18560,18920
1789818407.809164,15098732,37000,0.0,83260,114568,50.87114024965201,71768,71768,0.0,48348,48348,0.0,18560,18920
1789818408.8473885,15098744,37000,0.0,83260,114568,49.122266534048215,71768,71768,0.9631816967460435,48348,48348,0.0,18560,18920
1789818409.8898618,15098736,37923,0.0,83260,114568,50.8404908215085,71768,71768,0.9592545438020472,48348,48348,0.0,18560,18920
1789818410.935522,15098748,37000,0.9563349794660314,83340,114568,49.729418932233635,71768,71768,0.9563349794660314,48348,48348,0.0,18560,18920
1789818411.976546,15098740,37000,0.0,83340,114568,51.872121292389856,71768,71768,0.9605948387479603,48348,48348,0.0,18560,18920
1789818413.0085993,15098740,37000,0.0,83340,114568,54.26066310372126,71768,71768,0.0,48348,48348,0.0,18560,18920
1789818414.046446,15098736,37000,0.0,83340,114568,60.703127681061176,71768,71768,0.9635417092231933,48348,48348,0.0,18560,18920
1789818415.0767202,15098736,37923,0.9706036108829004,83340,114568,51.44199137679372,71768,71768,0.9706036108829004,48348,48348,0.0,18560,18920
1789818416.0977154,15098748,37000,0.0,83420,114568,51.91026931101709,71768,71768,0.9794390436040961,48348,48348,0.0,18560,18920
1789818417.1440058,15098760,37000,0.0,83420,114568,49.699481381325704,71768,71768,0.9557592573331866,48348,48348,0.0,18560,18920
1789818418.173159,15098544,37000,0.0,83420,114568,47.61201644858143,71768,71768,0.0,48348,48348,0.0,18560,18920
1789818419.2082434,15098548,37000,0.0,83420,114568,47.33886923216201,71768,71768,0.966099372084939,48348,48348,0.0,18560,18920
1789818420.2445657,15098548,37000,0.0,83500,114568,49.21278633530025,71768,71768,0.9649565948098089,48348,48348,0.0,18560,18920
1789818421.2786238,15098532,37000,0.0,83500,114568,54.15519866266996,71768,71768,0.9670571189762492,48348,48348,0.0,18560,18920
1789818422.2993617,15098536,37000,0.0,83500,114568,46.045289282454256,71768,71768,0.9796870060096651,48348,48348,0.0,18560,18920
1789818423.3154826,15098536,37000,0.0,83500,114568,57.07974134540299,71768,71768,0.9841334714724653,48348,48348,0.0,18560,18920
1789818424.3565722,15098548,37000,0.0,83500,114568,48.98730353214615,71768,71768,0.9605353633754147,48348,48348,0.0,18560,18920
1789818425.4009457,15098564,37000,0.9575057355526216,83580,114568,47.87528677763108,71768,71768,0.0,48348,48348,0.0,18560,18920
1789818426.437711,15098564,37000,0.0,83580,114568,52.08535324835015,71768,71768,0.9645435786731509,48348,48348,0.0,18560,18920
1789818427.4585657,15098312,37000,0.0,83580,114568,49.962866617858914,71768,71768,0.979664051330567,48348,48348,0.0,18560,18920
1789818428.5087957,15098304,37000,0.0,83580,114568,51.4123887182078,71768,71768,0.9520812725594037,48348,48348,0.0,18560,18920
1789818429.536509,15098304,37000,0.0,83580,114568,52.54381812167043,71768,71768,0.9730336689198227,48348,48348,0.0,18560,18920
1789818430.574427,15098320,37000,1.9269421559665345,83660,114568,52.9909092890797,71768,71768,0.9634710779832673,48348,48348,0.0,18560,18920
1789818431.6121461,15098328,37000,0.0,83660,114568,49.146137985944236,71768,71768,0.0,48348,48348,0.0,18560,18920
1789818432.6353145,15098328,37000,0.0,83660,114568,55.70917207723053,71768,71768,0.9773538960917636,48348,48348,0.0,18560,18920
1789818433.671545,15098340,37923,0.0,83660,114568,49.21686671750149,71768,71768,0.9650366023039507,48348,48348,0.0,18560,18920
1789818434.6906471,15098340,37000,0.0,83660,114568,54.95062171476758,71768,71768,0.0,48348,48348,0.0,18560,18920
1789818435.7343347,15097832,37000,0.0,83740,114568,52.697719981783536,71768,71768,0.9581403633051552,48348,48348,0.0,18560,18920
1789818436.7676241,15097832,37000,0.0,83740,114568,52.260308776088,71768,71768,0.9677834958534816,48348,48348,0.0,18560,18920
1789818437.798823,15097824,37000,0.0,83740,114568,56.245178497233404,71768,71768,0.9697444568488518,48348,48348,0.0,18560,18920
1789818438.8308365,15097820,37000,0.0,83740,114568,57.16977859923554,71768,71768,0.9689792982921278,48348,48348,0.0,18560,18920
1789818439.8487082,15097836,37000,0.0,83740,114568,53.051887594171475,71768,71768,0.9824423628550273,48348,48348,0.0,18560,18920
1789818440.8892846,15097848,37000,0.961007942647872,83820,114568,53.81644478828083,71768,71768,0.961007942647872,48348,48348,0.0,18560,18920
1789818441.9258676,15097848,37000,0.0,83820,114568,54.023444245390955,71768,71768,0.0,48348,48348,0.0,18560,18920
1789818442.9389918,15097848,37000,0.0,83820,114568,52.31345562871237,71768,71768,0.9870463326172144,48348,48348,0.0,18560,18920
1789818443.9688747,15097852,37000,0.0,83820,114568,53.40415690345168,71768,71768,0.9709846709718487,48348,48348,0.0,18560,18920
1789818444.9869344,15097860,37000,0.0,83820,114568,54.02412617481335,71768,71768,0.9822568395420609,48348,48348,0.0,18560,18920
1789818446.0084183,15097872,37000,0.0,83900,114568,52.86439782584222,71768,71768,0.9789703301081892,48348,48348,0.0,18560,18920
1789818447.0460165,15097880,37923,0.0,83900,114568,54.93452148620712,71768,71768,0.9637635348457388,48348,48348,0.0,18560,18920
1789818448.0633354,15097872,37000,0.0,83900,114568,51.1149760848332,71768,71768,0.9829803093237154,48348,48348,0.0,18560,18920
1789818449.1015723,15097884,37000,0.0,83900,114568,47.19530650883372,71768,71768,0.0,48348,48348,0.0,18560,18920
1789818450.1458852,15097892,37000,0.9575672808653001,83980,114568,54.5813350093221,71768,71768,0.9575672808653001,48348,48348,0.0,18560,18920
1789818451.1807878,15097908,37000,0.0,83980,114568,51.2124960902176,71768,71768,0.9662735111361811,48348,48348,0.0,18560,18920
1789818452.2179034,15097896,37000,0.0,83980,114568,55.9244592152063,71768,71768,0.964214814055281,48348,48348,0.0,18560,18920
1789818453.261763,15097896,37000,0.0,83980,114568,51.73090982425584,71768,71768,0.9579798115602933,48348,48348,0.0,18560,18920
1789818454.2943447,15097888,37000,0.0,83980,114568,50.359540047691105,71768,71768,0.968452693224829,48348,48348,0.0,18560,18920
1789818455.3319802,15097904,37000,0.963725221712566,84324,114568,50.11371152905343,71768,71768,0.0,48348,48348,0.0,18560,18920
1789818456.371622,15097660,37923,0.0,84324,114568,52.90282402796641,71768,71768,0.9618695277812075,48348,48348,0.0,18560,18920
1789818457.411033,15097660,37923,0.0,84324,114568,51.95268740721633,71768,71768,0.9620868038373395,48348,48348,0.0,18560,18920
1789818458.4437406,15097648,37000,0.0,84324,114568,49.38464672486946,71768,71768,0.9683264063699895,48348,48348,0.0,18560,18920
1789818459.4727595,15097648,37000,0.0,84324,114568,47.61814329082016,71768,71768,0.9717988426697992,48348,48348,0.0,18560,18920
1789818460.5160122,15097660,37000,0.958540066182429,84404,114568,48.88554337530388,71768,71768,0.958540066182429,48348,48348,0.0,18560,18920
1789818461.5491211,15097432,37923,0.0,84404,114568,49.36536066559104,71768,71768,0.0,48348,48348,0.0,18560,18920
1789818462.5622013,15097436,37000,0.0,84404,114568,51.32891716505423,71768,71768,0.9870945608664274,48348,48348,0.0,18560,18920
1789818463.601484,15097444,37000,0.0,84404,114568,54.845475461208494,71768,71768,0.9622013238808508,48348,48348,0.0,18560,18920
1789818464.629881,15097440,37000,0.0,84404,114568,51.536496614909844,71768,71768,0.9723867285832045,48348,48348,0.0,18560,18920
1789818465.6512873,15097440,37923,0.0,84484,114568,54.82602399976904,71768,71768,0.9790361428530185,48348,48348,0.0,18560,18920
1789818466.7113316,15097448,37000,0.0,84484,114568,52.82813491074288,71768,71768,0.0,48348,48348,0.9433595519775515,18560,18920
1789818467.7513354,15097452,37923,0.0,84484,114568,51.92305196007589,71768,71768,0.9615379992606646,48348,48348,0.0,18560,18920
1789818468.7797499,15097452,37000,0.0,84484,114568,52.50807917747829,71768,71768,0.9723718366199683,48348,48348,0.0,18560,18920
1789818469.8245366,15097456,37000,0.0,84484,114568,56.47088770778921,71768,71768,0.957133689962529,48348,48348,0.0,18560,18920
1789818470.8567104,15097204,37000,0.9688252618279459,84564,114568,51.34773887688113,71768,71768,0.0,48348,48348,0.0,18560,18920
1789818471.8934305,15097216,37000,0.0,84564,114568,52.08750731710505,71768,71768,0.9645834688352787,48348,48348,0.0,18560,18920
1789818472.9243925,15097224,37000,0.0,84564,114568,49.468344592309606,71768,71768,0.9699675410256785,48348,48348,0.0,18560,18920
1789818473.9459398,15097224,37923,0.0,84564,114568,51.88184247900313,71768,71768,0.9789026882830779,48348,48348,0.0,18560,18920
1789818474.9690702,15097220,37000,0.0,84564,114568,51.80203474365679,71768,71768,0.9773968819557884,48348,48348,0.0,18560,18920
1789818476.011906,15096976,37000,0.958921865275269,84644,114568,50.82285885958925,71768,71768,0.958921865275269,48348,48348,0.0,18560,18920
1789818477.029338,15096984,37000,0.0,84644,114568,52.09217656389282,71768,71768,0.0,48348,48348,0.0,18560,18920
1789818478.0692677,15097004,37000,0.0,84644,114568,52.88810310073693,71768,71768,0.9616018745588533,48348,48348,0.0,18560,18920
1789818479.1162524,15097004,37000,0.0,84644,114568,52.531689111077704,71768,71768,0.9551216202014128,48348,48348,0.0,18560,18920
1789818480.1571107,15097008,37000,0.9607463455763299,84724,114568,48.037317278816495,71768,71768,0.9607463455763299,48348,48348,0.0,18560,18920
1789818481.1879313,15096992,37000,0.0,84724,114568,50.445345870862496,71768,71768,0.9701028052088941,48348,48348,0.0,18560,18920
1789818482.2079132,15097000,37923,0.0,84724,114568,51.96152512206547,71768,71768,0.9804061343785938,48348,48348,0.0,18560,18920
1789818483.2385452,15097004,37000,0.0,84724,114568,49.48431598679723,71768,71768,0.0,48348,48348,0.0,18560,18920
1789818484.282627,15096996,37000,0.0,84724,114568,56.508935417461245,71768,71768,0.9577785663976482,48348,48348,0.0,18560,18920
1789818485.3108618,15097016,37000,0.9725427661044475,84804,114568,47.65459553911793,71768,71768,0.9725427661044475,48348,48348,0.0,18560,18920
1789818486.3431332,15097016,37000,0.0,84804,114568,56.186825410446865,71768,71768,0.9687383691456356,48348,48348,0.0,18560,18920
1789818487.375385,15097012,37000,0.0,84804,114568,53.28140812756057,71768,71768,0.9687528750465557,48348,48348,0.0,18560,18920
1789818488.405409,15097012,37000,0.0,84804,114568,47.57173015955599,71768,71768,0.9708516359093059,48348,48348,0.0,18560,18920
1789818489.4416087,15097020,37000,0.0,84804,114568,55.974092341181255,71768,71768,0.9650705576065733,48348,48348,0.0,18560,18920
1789818490.4760544,15097024,37000,0.0,84884,114568,48.334846368696404,71768,71768,0.9666969273739281,48348,48348,0.0,18560,18920
1789818491.5075383,15097040,37000,0.0,84884,114568,50.41286845006714,71768,71768,0.0,48348,48348,0.0,18560,18920
1789818492.5447888,15097044,37000,0.0,84884,114568,55.916832334658444,71768,71768,0.9640833161148007,48348,48348,0.0,18560,18920
1789818493.590383,15097044,37000,0.0,84884,114568,51.645336348955716,71768,71768,0.956395117573254,48348,48348,0.0,18560,18920
1789818494.6324685,15097056,37000,0.0,84884,114568,53.73838420355144,71768,71768,0.9596140036348472,48348,48348,0.0,18560,18920
1789818495.6662884,15097048,37923,0.9672874667004997,84964,114568,49.331660801725484,71768,71768,0.9672874667004997,48348,48348,0.0,18560,18920
1789818496.7068,15097040,37000,0.0,84964,114568,51.89743589704328,71768,71768,0.0,48348,48348,0.0,18560,18920
1789818497.7193415,15097052,37000,0.0,84964,114568,49.38073062700186,71768,71768,0.9876146125400371,48348,48348,0.0,18560,18920
1789818498.7617574,15097048,37000,0.0,84964,114568,56.59932768690305,71768,71768,0.9593106387610687,48348,48348,0.0,18560,18920
1789818499.8206768,15097064,37000,0.0,84964,114568,49.10671036142321,71768,71768,0.9443598146427541,48348,48348,0.0,18560,18920
1789818500.8555617,15096820,37000,0.9662913681825226,85044,114568,51.2134425136737,71768,71768,0.9662913681825226,48348,48348,0.0,18560,18920
1789818501.9052374,15096820,37000,0.0,85044,114568,56.20783814930661,71768,71768,0.9526752228696035,48348,48348,0.0,18560,18920
1789818502.9492314,15096812,37000,0.0,85044,114568,52.682265639029474,71768,71768,0.0,48348,48348,0.0,18560,18920
1789818503.9857826,15096824,37000,0.0,85044,114568,50.166300466021745,71768,71768,0.964736547423495,48348,48348,0.0,18560,18920
1789818505.0136366,15096824,37923,0.0,85044,114568,51.56378522734216,71768,71768,1.9458032161261192,48348,48348,0.0,18560,18920
1789818506.0450833,15096828,37000,0.0,85124,114568,50.41470335128638,71768,71768,0.0,48348,48348,0.0,18560,18920
1789818507.0879052,15096828,37000,0.0,85124,114568,56.577466004054465,71768,71768,0.958940101763635,48348,48348,0.0,18560,18920
1789818508.147103,15096832,37000,0.0,85124,114568,55.702169329863096,71768,71768,0.9441045649129338,48348,48348,0.0,18560,18920
1789818509.1795478,15096840,37000,0.0,85124,114568,53.27165439163763,71768,71768,0.9685755343934115,48348,48348,0.0,18560,18920
1789818510.2212582,15096840,37000,1.9199234322251266,85204,114568,55.677779534528675,71768,71768,0.0,48348,48348,0.0,18560,18920
1789818511.2569523,15096852,37000,0.0,85204,114568,56.00104726592953,71768,71768,0.9655352976884402,48348,48348,0.0,18560,18920
1789818512.2866273,15096600,37000,0.0,85204,114568,54.38583520921679,71768,71768,0.9711756287360142,48348,48348,0.0,18560,18920
1789818513.326488,15096612,37923,0.0,85204,114568,50.968591534435674,71768,71768,0.9616715383855788,48348,48348,0.0,18560,18920
1789818514.3703861,15096612,37000,0.0,85204,114568,57.476877612541,71768,71768,0.0,48348,48348,0.0,18560,18920
1789818515.4084065,15096612,37000,0.9633705626217438,85284,114568,52.98538094419591,71768,71768,0.9633705626217438,48348,48348,0.0,18560,18920
1789818516.4412944,15096620,37000,0.0,85284,114568,48.40799030304481,71768,71768,0.9681598060608964,48348,48348,0.0,18560,18920
1789818517.4825263,15096620,37000,0.0,85284,114568,51.86162832368345,71768,71768,0.9604005245126565,48348,48348,0.0,18560,18920
1789818518.5268507,15096636,37000,0.0,85284,114568,53.62307669105927,71768,71768,0.9575549409117726,48348,48348,0.0,18560,18920
1789818519.5371723,15096636,37000,0.0,85284,114568,55.42806775541551,71768,71768,0.9897869242038484,48348,48348,0.0,18560,18920
1789818520.5724933,15096648,37000,0.0,85628,114568,51.191679467454854,71768,71768,0.9658807446689596,48348,48348,0.0,18560,18920
1789818521.6014214,15096388,37000,0.0,85628,114568,55.397323144786405,71768,71768,0.9718828621892351,48348,48348,0.0,18560,18920
1789818522.6452644,15096388,37000,0.0,85628,114568,53.64805361082685,71768,71768,0.9580009573361938,48348,48348,0.0,18560,18920
1789818523.6853862,15096408,37000,0.0,85628,114568,54.80141738731855,71768,71768,0.0,48348,48348,0.0,18560,18920
1789818524.734433,15096408,37000,0.0,85628,114568,47.66226135728224,71768,71768,0.9532452271456449,48348,48348,0.0,18560,18920
1789818525.7666411,15096408,37923,0.9687929189189942,85708,114568,49.40843886486871,71768,71768,0.9687929189189942,48348,48348,0.0,18560,18920
1789818526.7842374,15096400,37000,0.0,85708,114568,47.17009908802261,71768,71768,0.0,48348,48348,0.0,18560,18920
1789818527.8188891,15096412,37000,0.0,85708,114568,45.426057122268254,71768,71768,0.966511853665282,48348,48348,0.0,18560,18920
1789818528.8514025,15096424,37000,0.0,85708,114568,46.488432476561194,71768,71768,0.9685090099283581,48348,48348,0.0,18560,18920
1789818529.8905184,15096416,37000,0.0,85708,114568,53.891827999494694,71768,71768,0.9623540714195481,48348,48348,0.0,18560,18920
1789818530.919036,15096172,37000,0.9722787915629884,85788,114568,48.61393957814941,71768,71768,0.9722787915629884,48348,48348,0.0,18560,18920
1789818531.957169,15096192,37000,0.0,85788,114568,54.906310270685346,71768,71768,0.0,48348,48348,0.0,18560,18920
1789818532.9991398,15096184,37000,0.0,85788,114568,52.784162606073906,71768,71768,0.959712047383162,48348,48348,0.0,18560,18920
1789818534.0332172,15096188,37000,0.0,85788,114568,56.08892187587881,71768,71768,0.9670503771703243,48348,48348,0.0,18560,18920
1789818535.0645537,15096208,37000,0.9696154825066402,85788,114568,50.42000509034529,71768,71768,0.9696154825066402,48348,48348,0.0,18560,18920
1789818536.1029205,15096184,37000,0.0,85868,114568,50.07877574404623,71768,71768,0.9630533796931967,48348,48348,0.0,18560,18920
1789818537.1436434,15096196,37000,0.0,85868,114568,60.5345197517633,71768,71768,0.9608653928851317,48348,48348,0.0,18560,18920
1789818538.173429,15096184,37000,0.0,85868,114568,53.40991561666897,71768,71768,0.9710893748485268,48348,48348,0.0,18560,18920
1789818539.2106771,15096196,37000,0.0,85868,114568,50.1322699934335,71768,71768,0.0,48348,48348,0.0,18560,18920
1789818540.239953,15096196,37000,0.0,85948,114568,45.663172585150214,71768,71768,0.9715568635138344,48348,48348,0.0,18560,18920
1789818541.272242,15095948,37000,0.0,85948,114568,57.15432022367461,71768,71768,0.9687172919266883,48348,48348,0.0,18560,18920
1789818542.3141708,15095952,37000,0.0,85948,114568,47.0281827431909,71768,71768,0.9597588314936918,48348,48348,0.0,18560,18920
1789818543.3451886,15095952,37000,0.0,85948,114568,54.31539224928729,71768,71768,0.0,48348,48348,0.0,18560,18920
1789818544.3650534,15095952,37000,0.0,85948,114568,50.98679049920739,71768,71768,0.9805152019078344,48348,48348,0.0,18560,18920
1789818545.3802974,15095956,37000,0.9849859003060238,86028,114568,52.204252716219266,71768,71768,0.9849859003060238,48348,48348,0.0,18560,18920
1789818546.4183474,15095704,37923,0.0,86028,114568,54.91058143203486,71768,71768,0.9633435338953484,48348,48348,0.0,18560,18920
1789818547.449803,15095704,37000,0.0,86028,114568,49.44491217122894,71768,71768,0.9695080817888028,48348,48348,0.0,18560,18920
1789818548.4915793,15095724,37000,0.0,86028,114568,55.6742565902516,71768,71768,0.0,48348,48348,0.0,18560,18920
1789818549.5221636,15095728,37923,0.0,86028,114568,52.39723618978203,71768,71768,0.9703191886996672,48348,48348,0.0,18560,18920
1789818550.553119,15095732,37000,0.9699773023079851,86108,114568,50.43881972001522,71768,71768,1.9399546046159701,48348,48348,0.0,18560,18920
1789818551.5896282,15095732,37000,0.0,86108,114568,51.13312327750061,71768,71768,0.0,48348,48348,0.0,18560,18920
1789818552.61753,15095736,37000,0.0,86108,114568,51.56112237709763,71768,71768,0.9728513656056157,48348,48348,0.0,18560,18920
1789818553.6414282,15095744,37000,0.0,86108,114568,56.646387386955396,71768,71768,0.976661851499231,48348,48348,0.0,18560,18920
1789818554.6814861,15095756,37000,0.0,86108,114568,50.95859442673978,71768,71768,0.9614829137120713,48348,48348,0.0,18560,18920
1789818555.6979253,15095756,37000,0.0,86188,114568,51.158976256038926,71768,71768,0.0,48348,48348,0.0,18560,18920
1789818556.7368097,15095496,37000,0.0,86188,114568,51.97908558731121,71768,71768,0.9625756590242817,48348,48348,0.0,18560,18920
1789818557.7730079,15095504,37000,0.0,86188,114568,50.183513630067296,71768,71768,0.9650675698089864,48348,48348,0.0,18560,18920
1789818558.8139179,15095508,37000,0.0,86188,114568,52.83810469376652,71768,71768,0.9606928126139367,48348,48348,0.0,18560,18920
1789818559.8555248,15095516,37000,0.0,86188,114568,52.803275898338555,71768,71768,0.0,48348,48348,0.0,18560,18920
1789818560.8969505,15095520,37000,0.9602209654341497,86268,114568,54.732595029746534,71768,71768,0.9602209654341497,48348,48348,0.0,18560,18920
1789818561.9413056,15095532,37000,0.0,86268,114568,59.366831162921635,71768,71768,0.9575295348858328,48348,48348,0.0,18560,18920
1789818562.9725425,15095280,37000,0.0,86268,114568,55.27348210079828,71768,71768,0.9697102122947067,48348,48348,0.0,18560,18920
1789818564.0163715,15095280,37000,0.0,86268,114568,48.85840965471308,71768,71768,0.9580080324453545,48348,48348,0.0,18560,18920
1789818565.0657241,15095296,37000,0.9529655504591127,86268,114568,53.36607082571031,71768,71768,0.9529655504591127,48348,48348,0.0,18560,18920
1789818566.0972333,15095300,37000,0.0,86348,114568,53.32027794406766,71768,71768,0.0,48348,48348,0.0,18560,18920
1789818567.1323075,15095296,37000,0.0,86348,114568,57.96671593873472,71768,71768,0.9661119323122453,48348,48348,0.0,18560,18920
1789818568.158219,15095288,37000,0.0,86348,114568,53.611088575229005,71768,71768,0.9747470650041636,48348,48348,0.0,18560,18920
1789818569.1954017,15095308,37000,0.0,86348,114568,61.70544448106151,71768,71768,0.9641475700165861,48348,48348,0.0,18560,18920
1789818570.2144806,15095300,37000,0.9812729773102475,86428,114568,52.00746779744312,71768,71768,0.9812729773102475,48348,48348,0.0,18560,18920
1789818571.2459161,15095316,37000,0.0,86428,114568,53.324176622071825,71768,71768,0.9695304840376696,48348,48348,0.0,18560,18920
1789818572.2918336,15095320,37000,0.0,86428,114568,55.453644823034125,71768,71768,0.0,48348,48348,0.0,18560,18920
1789818573.3283632,15095332,37000,0.0,86428,114568,52.09675573482634,71768,71768,0.9647547358301174,48348,48348,0.0,18560,18920
1789818574.366006,15095308,37000,0.0,86428,114568,51.077342387357,71768,71768,0.9637234412708867,48348,48348,0.0,18560,18920
1789818575.3840818,15095316,37000,0.9822451006142066,86508,114568,51.07674523193874,71768,71768,0.9822451006142066,48348,48348,0.0,18560,18920
1789818576.4097726,15095076,37000,0.0,86508,114568,55.57243218823966,71768,71768,0.9749549506708712,48348,48348,0.0,18560,18920
1789818577.448949,15095080,37000,0.0,86508,114568,55.81327984401904,71768,71768,0.9622979283451559,48348,48348,0.0,18560,18920
1789818578.5020552,15095080,37000,0.0,86508,114568,49.3777727856804,71768,71768,0.0,48348,48348,0.0,18560,18920
1789818579.5625985,15095076,37000,0.0,86508,114568,50.91748715129217,71768,71768,0.9429164287276328,48348,48348,0.0,18560,18920
1789818580.6012797,15095076,37000,0.0,86588,114568,52.95149628114241,71768,71768,0.962754477838953,48348,48348,0.0,18560,18920
1789818581.6474767,15095088,37000,0.0,86588,114568,49.703653911544926,71768,71768,0.9558394982989409,48348,48348,0.0,18560,18920
1789818582.661478,15094840,37000,0.0,86588,114568,49.30969912353221,71768,71768,0.9861939824706443,48348,48348,0.0,18560,18920
1789818583.6803174,15094836,37000,0.0,86588,114568,53.00161951748588,71768,71768,0.9815114725460348,48348,48348,0.0,18560,18920
1789818584.7296362,15094836,37000,0.0,86588,114568,57.17997642309611,71768,71768,0.9529996070516018,48348,48348,0.0,18560,18920
1789818585.7775352,15094844,37000,0.9542879377766664,86668,114568,50.57726070216332,71768,71768,0.0,48348,48348,0.0,18560,18920
1789818586.8092253,15094844,37000,0.0,86668,114568,51.3723235143034,71768,71768,0.9692891229113849,48348,48348,1.9385782458227698,18560,18920
1789818587.845011,15094848,37000,0.0,86668,114568,55.03055281810758,71768,71768,0.965448295054519,48348,48348,0.0,18560,18920
1789818588.8866363,15094848,37000,0.0,86668,114568,49.92206474464602,71768,71768,0.9600397066278081,48348,48348,0.0,18560,18920
1789818589.9146035,15094852,37000,0.0,86668,114568,53.50360450135991,71768,71768,0.0,48348,48348,0.0,18560,18920
1789818590.955143,15094872,37000,0.9610388821090196,87012,114568,54.779216280214115,71768,71768,0.9610388821090196,48348,48348,0.0,18560,18920
1789818591.9913309,15094876,37000,0.0,87012,114568,50.18402215527246,71768,71768,0.9650773491398549,48348,48348,0.0,18560,18920
1789818593.0241342,15094868,37000,0.0,87012,114568,51.31661400223808,71768,71768,0.968238000042228,48348,48348,0.0,18560,18920
1789818594.062927,15094872,37000,0.0,87012,114568,51.983295071862244,71768,71768,0.9626536124418934,48348,48348,0.0,18560,18920
1789818595.1049669,15094880,37000,0.0,87012,114568,54.700480627983566,71768,71768,0.9596575548769047,48348,48348,0.0,18560,18920
1789818596.1513338,15094888,37000,0.0,87092,114568,49.695495628937714,71768,71768,0.9556826082488021,48348,48348,0.0,18560,18920
1789818597.1746645,15094892,37000,0.0,87092,114568,53.74619526653589,71768,71768,0.0,48348,48348,0.0,18560,18920
1789818598.204123,15094896,37000,0.0,87092,114568,55.368834146058674,71768,71768,0.9713830551940118,48348,48348,0.0,18560,18920
1789818599.2466671,15094896,37000,0.0,87092,114568,53.71502328513747,71768,71768,0.9591968443774548,48348,48348,0.0,18560,18920
1789818600.2836947,15094912,37000,0.9642933037905704,87172,114568,52.0718384046908,71768,71768,0.9642933037905704,48348,48348,0.0,18560,18920
1789818601.2948906,15094916,37000,0.0,87172,114568,51.424056989717045,71768,71768,0.9889241728791739,48348,48348,0.0,18560,18920
1789818602.3392467,15094916,37000,0.0,87172,114568,49.79196686434694,71768,71768,0.9575378243143642,48348,48348,0.0,18560,18920
1789818603.3852458,15094912,37000,0.0,87172,114568,55.44898621567011,71768,71768,0.9560170037184502,48348,48348,0.0,18560,18920
1789818604.420532,15094912,37000,0.0,87172,114568,51.19336480828545,71768,71768,0.9659125435525557,48348,48348,0.0,18560,18920
1789818605.4525962,15094912,37000,0.9689368524776004,87252,114568,54.26046373874563,71768,71768,0.0,48348,48348,0.0,18560,18920
1789818606.4945858,15094664,37000,0.0,87252,114568,52.78341121262482,71768,71768,0.9596983856840876,48348,48348,0.0,18560,18920
1789818607.5305815,15094664,37000,0.0,87252,114568,57.91544923566297,71768,71768,1.930514974522099,48348,48348,0.0,18560,18920
1789818608.5758026,15094676,37000,0.0,87252,114568,49.750089466684415,71768,71768,0.9567324897439311,48348,48348,0.0,18560,18920
1789818609.585188,15094676,37000,0.0,87252,114568,52.507410445141446,71768,71768,0.9907058574554989,48348,48348,0.0,18560,18920
1789818610.6282215,15094408,37000,0.9587402913427832,87332,114568,54.64819660653864,71768,71768,0.0,48348,48348,0.0,18560,18920
1789818611.6646843,15094172,37000,0.0,87332,114568,51.135328907937605,71768,71768,0.9648175265648604,48348,48348,0.0,18560,18920
1789818612.6748374,15094180,37000,0.0,87332,114568,54.44730540285827,71768,71768,0.9899510073246958,48348,48348,0.0,18560,18920
1789818613.6971064,15094176,37000,0.0,87332,114568,50.86743856589332,71768,71768,0.9782199724210255,48348,48348,0.0,18560,18920
1789818614.72651,15094200,37000,0.0,87332,114568,47.6003513205158,71768,71768,0.0,48348,48348,0.0,18560,18920
1789818615.7564912,15093944,37000,0.9708892998990469,87412,114568,53.39891149444758,71768,71768,0.9708892998990469,48348,48348,0.0,18560,18920
1789818616.7940423,15093944,37000,0.0,87412,114568,53.97335227459262,71768,71768,0.9638098620462968,48348,48348,0.0,18560,18920
1789818617.8307447,15093948,37000,0.0,87412,114568,51.1236553577993,71768,71768,0.9645972709018735,48348,48348,0.0,18560,18920
1789818618.8615668,15093948,37000,0.0,87412,114568,50.445019608851,71768,71768,0.0,48348,48348,0.0,18560,18920
1789818619.8722904,15093948,37000,0.0,87412,114568,48.48027727141625,71768,71768,0.9893934137023723,48348,48348,0.0,18560,18920
1789818620.9109063,15093960,37000,0.0,87492,114568,52.95504386172406,71768,71768,0.9628189793040737,48348,48348,0.0,18560,18920
1789818621.9222136,15093968,37000,0.0,87492,114568,54.384994092430084,71768,71768,0.9888180744078198,48348,48348,0.0,18560,18920
1789818622.9597416,15093968,37000,0.0,87492,114568,56.86833312711044,71768,71768,0.9638700530018719,48348,48348,0.0,18560,18920
1789818623.991588,15093972,37000,0.0,87492,114568,51.362302257792294,71768,71768,0.9691000425998546,48348,48348,0.0,18560,18920
1789818625.008448,15093980,37000,0.9834167660019892,87492,114568,50.15425506610145,71768,71768,0.9834167660019892,48348,48348,0.0,18560,18920
1789818626.0430253,15093720,37000,0.0,87572,114568,50.26215454257638,71768,71768,0.0,48348,48348,0.0,18560,18920
1789818627.0892785,15093992,37000,0.0,87572,114568,58.30294232728665,71768,71768,0.9557859397915844,48348,48348,0.0,18560,18920
1789818628.1227255,15094004,37923,0.0,87572,114568,52.25261375943762,71768,71768,0.9676409955451412,48348,48348,0.0,18560,18920
1789818629.145379,15094020,37000,0.0,87572,114568,54.759405141743144,71768,71768,0.9778465203882704,48348,48348,0.0,18560,18920
1789818630.1718874,15093992,37000,0.9741719808980506,87652,114568,49.68277102580058,71768,71768,0.9741719808980506,48348,48348,0.0,18560,18920
1789818631.193825,15094000,37000,0.0,87652,114568,54.798195619501534,71768,71768,0.9785392074910989,48348,48348,0.0,18560,18920
1789818632.24014,15094020,37000,0.0,87652,114568,53.520953993949966,71768,71768,0.9557313213205352,48348,48348,0.0,18560,18920
1789818633.2715893,15094036,37000,0.0,87652,114568,56.23155051916748,71768,71768,0.0,48348,48348,0.0,18560,18920
1789818634.3006308,15094012,37000,0.0,87652,114568,58.30650924560411,71768,71768,0.9717751540934019,48348,48348,0.0,18560,18920
1789818635.3246045,15094016,37000,0.9765966341504807,87732,114568,55.666008146577404,71768,71768,0.9765966341504807,48348,48348,0.0,18560,18920
1789818636.3826234,15094032,37000,0.0,87732,114568,59.544665234081585,71768,71768,0.9451534164139934,48348,48348,0.0,18560,18920
1789818637.3929756,15094024,37000,0.0,87732,114568,52.45723807198779,71768,71768,0.0,48348,48348,0.0,18560,18920
1789818638.4237545,15094028,37000,0.0,87732,114568,51.41756025963496,71768,71768,0.9701426464082068,48348,48348,0.0,18560,18920
1789818639.4696136,15094036,37000,0.0,87732,114568,54.500758707926835,71768,71768,0.9561536615425761,48348,48348,0.0,18560,18920
1789818640.5049846,15093764,37000,0.0,87812,114568,48.2918138475656,71768,71768,0.965836276951312,48348,48348,0.0,18560,18920
1789818641.5404265,15093780,37000,0.0,87812,114568,49.254173506514945,71768,71768,0.9657681079708812,48348,48348,0.0,18560,18920
1789818642.5700452,15093788,37000,0.0,87812,114568,51.47539945691631,71768,71768,0.9712339520172888,48348,48348,0.0,18560,18920
1789818643.6108682,15093792,37000,0.0,87812,114568,54.76446213646854,71768,71768,0.0,48348,48348,0.0,18560,18920
1789818644.6398554,15093792,37000,0.0,87812,114568,53.45064829338949,71768,71768,0.9718299689707179,48348,48348,0.0,18560,18920
1789818645.6701117,15093796,37000,0.9706313641568864,87892,114568,53.38472502862876,71768,71768,0.9706313641568864,48348,48348,0.0,18560,18920
1789818646.710957,15093800,37000,0.0,87892,114568,51.88087173415604,71768,71768,0.9607568839658525,48348,48348,0.0,18560,18920
1789818647.7401254,15093816,37000,0.0,87892,114568,53.44090821031549,71768,71768,0.9716528765511908,48348,48348,0.0,18560,18920
1789818648.7823336,15093832,37000,0.0,87892,114568,49.89403710691509,71768,71768,0.0,48348,48348,0.0,18560,18920
1789818649.7913547,15093832,37000,0.0,87892,114568,56.490442089750026,71768,71768,0.9910603875394741,48348,48348,0.0,18560,18920
1789818650.8017027,15093580,37000,0.9897575758757707,87972,114568,48.49812121791276,71768,71768,0.9897575758757707,48348,48348,0.0,18560,18920
1789818651.8440273,15093600,37000,0.0,87972,114568,55.64518385014694,71768,71768,0.9593997215542577,48348,48348,0.0,18560,18920
1789818652.8911347,15093584,37000,0.0,87972,114568,57.300672745709726,71768,71768,0.9550112124284954,48348,48348,0.0,18560,18920
1789818653.9466937,15093584,37000,0.0,87972,114568,53.99993459754922,71768,71768,0.9473672736412144,48348,48348,0.0,18560,18920
1789818654.9905345,15093588,37000,0.9579961400075825,87972,114568,55.56377612043978,71768,71768,0.9579961400075825,48348,48348,0.0,18560,18920
1789818656.0471194,15093588,37000,0.0,88316,114568,52.05442651454865,71768,71768,0.0,48348,48348,0.0,18560,18920
1789818657.0613432,15093584,37000,0.0,88316,114568,53.242927683497776,71768,71768,0.9859801422869958,48348,48348,0.0,18560,18920
1789818658.0770688,15093592,37000,0.0,88316,114568,56.11757907176716,71768,71768,0.9845189310836344,48348,48348,0.0,18560,18920
1789818659.1101673,15093584,37000,0.0,88316,114568,46.46187947982154,71768,71768,0.9679558224962821,48348,48348,0.0,18560,18920
1789818660.1233006,15093336,37000,0.987041663983133,88316,114568,55.27433318305545,71768,71768,0.0,48348,48348,0.0,18560,18920
1789818661.153516,15093336,37000,0.0,88396,114568,50.47482532074977,71768,71768,0.9706697177067264,48348,48348,0.0,18560,18920
1789818662.1701877,15093340,37000,0.0,88396,114568,56.0653830011324,71768,71768,0.9836032105461826,48348,48348,0.0,18560,18920
1789818663.2060735,15093348,37000,0.0,88396,114568,52.129053499819264,71768,71768,0.9653528425892457,48348,48348,0.0,18560,18920
1789818664.2201533,15093352,37000,0.0,88396,114568,57.194959496960465,71768,71768,0.9861199913269045,48348,48348,0.0,18560,18920
1789818665.2535124,15093352,37000,0.0,88476,114568,50.321243463631475,71768,71768,0.0,48348,48348,0.0,18560,18920
1789818666.2910182,15093356,37000,0.0,88476,114568,53.01198641783517,71768,71768,0.9638542985060939,48348,48348,0.0,18560,18920
1789818667.3439147,15093356,37923,0.0,88476,114568,51.28698676565491,71768,71768,0.9497590141787945,48348,48348,0.0,18560,18920
1789818668.371133,15093108,37000,0.0,88476,114568,46.72806778906713,71768,71768,0.0,48348,48348,0.0,18560,18920
1789818669.391767,15093108,37000,0.0,88476,114568,53.88957607678164,71768,71768,0.9798104741233026,48348,48348,0.0,18560,18920
1789818670.4143445,15094576,37000,5.867369577541897,86888,119420,55.740010986648024,71768,71768,0.9778949295903162,48348,48348,0.0,18560,18920
1789818671.4501328,15094260,37000,0.0,86888,119420,57.92681610818976,71768,71768,0.965446935136496,48348,48348,0.0,18560,18920
1789818672.5103486,15094264,37000,0.0,86888,119420,49.04641081893474,71768,71768,0.9432002080564372,48348,48348,0.0,18560,18920
1789818673.5495298,15094268,37923,0.0,86888,119420,56.77546620787051,71768,71768,0.0,48348,48348,0.0,18560,18920
1789818674.5672777,15094268,37923,0.0,86888,119420,50.11063027013557,71768,71768,0.9825613778457954,48348,48348,0.0,18560,18920
1789818675.5850322,15095564,37000,5.895361501371522,85572,119420,46.18033176074359,71768,71768,0.982560250228587,48348,48348,0.0,18560,18920
1789818676.614596,15095436,37923,0.0,85572,119420,51.47789306116052,71768,71768,0.9712810011539721,48348,48348,0.0,18560,18920
1789818677.6519706,15095440,37000,0.0,85572,119420,58.80225348626944,71768,71768,0.9639713686273679,48348,48348,0.0,18560,18920
1789818678.6943843,15095440,37000,0.0,85572,119420,57.558960461201856,71768,71768,0.0,48348,48348,0.0,18560,18920
1789818679.7425807,15095452,37000,0.0,85572,119420,50.56297619065624,71768,71768,0.9540184186916271,48348,48348,0.0,18560,18920
1789818680.783271,15096836,37000,3.8436088375197888,84128,119420,50.9278170971372,71768,71768,0.9609022093799472,48348,48348,0.0,18560,18920
1789818681.830918,15096840,37000,0.0,84128,119420,56.31659403837189,71768,71768,0.9545185430232523,48348,48348,0.0,18560,18920
1789818682.870864,15096848,37923,0.0,84128,119420,49.04121421238507,71768,71768,0.9615924355369623,48348,48348,0.0,18560,18920
1789818683.9101148,15096844,37000,0.0,84128,119420,53.88469129655721,71768,71768,0.9622266302956644,48348,48348,0.0,18560,18920
1789818684.937179,15096852,37000,0.0,84128,119420,55.49824296360237,71768,71768,0.9736533853263574,48348,48348,0.0,18560,18920
1789818685.9971745,15099244,37000,4.716991883256839,82516,119420,52.8303090924766,71768,71768,0.9433983766513678,48348,48348,0.0,18560,18920
1789818687.0334451,15099244,37000,0.0,82516,119420,55.96994669394461,71768,71768,0.0,48348,48348,0.0,18560,18920
1789818688.0676394,15099256,37000,0.0,82516,119420,55.1151047004568,71768,71768,0.9669316614115228,48348,48348,0.0,18560,18920
1789818689.1020944,15099272,37000,0.0,82516,119420,57.03516701395631,71768,71768,1.933395491998519,48348,48348,0.0,18560,18920
1789818690.1453307,15099264,37000,0.0,82596,119420,49.84486977683194,71768,71768,0.0,48348,48348,0.0,18560,18920
1789818691.18244,15099260,37000,0.0,82596,119420,52.06778195038755,71768,71768,0.9642181842664361,48348,48348,0.0,18560,18920
1789818692.212702,15098756,37000,0.0,82596,119420,57.26701191375388,71768,71768,0.9706273205720998,48348,48348,0.0,18560,18920
1789818693.2435772,15098760,37000,0.0,82596,119420,54.32296405214096,71768,71768,0.0,48348,48348,0.0,18560,18920
1789818694.2809544,15098768,37000,0.0,82596,119420,50.126193076661146,71768,71768,0.9639652514742528,48348,48348,0.0,18560,18920
1789818695.3193038,15098768,37000,0.963067755720897,82676,119420,52.00565880892844,71768,71768,0.963067755720897,48348,48348,0.0,18560,18920
1789818696.3604348,15098772,37000,0.0,82676,119420,57.62974616977288,71768,71768,0.9604957694962147,48348,48348,0.0,18560,18920
1789818697.3980966,15098772,37000,0.0,82676,119420,54.931137680122276,71768,71768,0.9637041698267066,48348,48348,0.0,18560,18920
1789818698.4303052,15098776,37000,0.0,82676,119420,58.12766901004039,71768,71768,0.9687944835006732,48348,48348,0.0,18560,18920
1789818699.4614913,15098784,37000,0.0,82676,119420,48.48792227822954,71768,71768,0.9697584455645909,48348,48348,0.0,18560,18920
1789818700.4978755,15098784,37000,0.9648886663213558,82756,119420,52.103987981353214,71768,71768,0.0,48348,48348,0.0,18560,18920
1789818701.508593,15098792,37000,0.0,82756,119420,50.45945096181745,71768,71768,0.9894009992513226,48348,48348,0.0,18560,18920
1789818702.555385,15098792,37000,0.0,82756,119420,52.541554398896196,71768,71768,0.9553009890708399,48348,48348,0.0,18560,18920
1789818703.589106,15098796,37000,0.0,82756,119420,55.14041695331468,71768,71768,0.9673757360230646,48348,48348,0.0,18560,18920
1789818704.6207907,15098800,37000,0.0,82756,119420,55.24979023859264,71768,71768,0.9692945655893445,48348,48348,0.0,18560,18920
1789818705.661585,15098804,37000,0.9607959999627201,82836,119420,51.882983997986884,71768,71768,0.0,48348,48348,0.0,18560,18920
1789818706.6948657,15098804,37923,0.0,82836,119420,54.196610023529054,71768,71768,0.9677966075630188,48348,48348,0.0,18560,18920
1789818707.7443752,15098804,37923,0.0,82836,119420,47.640988926047825,71768,71768,0.9528197785209566,48348,48348,0.0,18560,18920
1789818708.7748187,15098808,37000,0.0,82836,119420,53.375365068198825,71768,71768,0.9704611830581604,48348,48348,0.0,18560,18920
1789818709.8082674,15098808,37000,0.0,82836,119420,51.28460886311971,71768,71768,0.9676341294928247,48348,48348,0.0,18560,18920
1789818710.8246448,15098812,37000,0.9838871661904235,82916,119420,48.21047114333075,71768,71768,0.9838871661904235,48348,48348,0.0,18560,18920
1789818711.8546965,15098812,37000,0.0,82916,119420,48.54132507508622,71768,71768,0.9708265015017243,48348,48348,0.0,18560,18920
1789818712.8907745,15098816,37000,0.0,82916,119420,53.08476787784881,71768,71768,0.9651775977790693,48348,48348,0.0,18560,18920
1789818713.922083,15098836,37923,0.0,82916,119420,51.39070645130866,71768,71768,0.9696359707794087,48348,48348,0.0,18560,18920
1789818714.95341,15098836,37000,0.0,82916,119420,52.36007161380654,71768,71768,0.0,48348,48348,0.0,18560,18920
1789818715.9899418,15098844,37000,0.0,82996,119420,50.16729867944054,71768,71768,0.964755743835395,48348,48348,0.0,18560,18920
1789818717.0298321,15098844,37000,0.0,82996,119420,59.62164293872055,71768,71768,0.9616394022374283,48348,48348,0.0,18560,18920
1789818718.0738235,15098844,37000,0.0,82996,119420,57.471849215451954,71768,71768,0.957864153590866,48348,48348,0.0,18560,18920
1789818719.1035461,15098848,37000,0.0,82996,119420,52.44126851058405,71768,71768,0.9711346020478527,48348,48348,0.0,18560,18920
1789818720.1503155,15098860,37000,0.9553173778223785,83076,119420,52.54245578023082,71768,71768,0.9553173778223785,48348,48348,0.0,18560,18920
1789818721.1835659,15098860,37000,0.0,83076,119420,56.13353194009873,71768,71768,0.9678195162085987,48348,48348,0.0,18560,18920
1789818722.2180886,15098864,37923,0.0,83076,119420,57.99749861620739,71768,71768,0.9666249769367897,48348,48348,0.0,18560,18920
1789818723.227514,15098872,37000,0.0,83076,119420,50.52413004366096,71768,71768,0.0,48348,48348,0.0,18560,18920
1789818724.2644157,15098864,37000,0.0,83076,119420,54.97131341779834,71768,71768,0.9644090073297955,48348,48348,0.0,18560,18920
1789818725.294295,15098864,37923,0.9709861643869916,83156,119420,53.404239041284534,71768,71768,0.9709861643869916,48348,48348,0.0,18560,18920
1789818726.346256,15098620,37000,0.0,83156,119420,47.530495634914885,71768,71768,0.9506099126982978,48348,48348,0.0,18560,18920
1789818727.3837771,15098624,37000,0.0,83156,119420,56.86613841712653,71768,71768,0.9638328545275683,48348,48348,0.0,18560,18920
1789818728.4246206,15098624,37000,0.0,83156,119420,54.76349532348319,71768,71768,0.9607630758505824,48348,48348,0.0,18560,18920
1789818729.4440775,15098632,37000,0.0,83156,119420,52.96917997777843,71768,71768,0.0,48348,48348,0.0,18560,18920
1789818730.4888878,15098132,37000,0.9571123919134927,83500,119420,57.42674351480956,71768,71768,0.9571123919134927,48348,48348,0.0,18560,18920
1789818731.5307431,15098384,37000,0.0,83500,119420,51.83325955316811,71768,71768,0.9598751769105206,48348,48348,0.0,18560,18920
1789818732.5629058,15098392,37000,0.0,83500,119420,54.25216915092285,71768,71768,0.9687887348379081,48348,48348,0.0,18560,18920
1789818733.600918,15098392,37000,0.0,83500,119420,50.09573584132416,71768,71768,0.9633795354100799,48348,48348,0.0,18560,18920
1789818734.6360624,15098396,37000,0.0,83500,119420,43.47228777722403,71768,71768,0.0,48348,48348,0.0,18560,18920
1789818735.675799,15098408,37000,0.9617806397531529,83580,119420,54.82149646592971,71768,71768,0.9617806397531529,48348,48348,0.0,18560,18920
1789818736.72039,15098412,37000,0.0,83580,119420,58.395944787245845,71768,71768,0.9573105702827188,48348,48348,0.0,18560,18920
1789818737.7534707,15098412,37000,0.0,83580,119420,51.302850356066685,71768,71768,0.9679783086050318,48348,48348,0.0,18560,18920
1789818738.783005,15098412,37000,0.0,83580,119420,51.479701456583285,71768,71768,0.9713151218223262,48348,48348,0.0,18560,18920
1789818739.8175998,15098416,37923,0.0,83580,119420,52.19413506856541,71768,71768,0.9665580568252854,48348,48348,0.0,18560,18920
1789818740.8438923,15098424,37000,0.9743808080842021,83660,119420,51.642182828462715,71768,71768,0.9743808080842021,48348,48348,0.0,18560,18920
1789818741.873362,15098424,37000,0.0,83660,119420,55.36850466510701,71768,71768,0.0,48348,48348,0.0,18560,18920
1789818742.9156475,15098428,37000,0.0,83660,119420,50.849610255207295,71768,71768,0.9594266085888169,48348,48348,0.0,18560,18920
1789818743.9534383,15098180,37000,0.0,83660,119420,55.88826422756942,71768,71768,0.9635907625443003,48348,48348,0.0,18560,18920
1789818744.991547,15098184,37000,0.9632896331725579,83660,119420,47.201192025455335,71768,71768,0.9632896331725579,48348,48348,0.0,18560,18920
1789818746.0236714,15098192,37000,0.0,83740,119420,49.41262155835868,71768,71768,0.9688749325168369,48348,48348,0.0,18560,18920
1789818747.0716994,15098200,37923,0.0,83740,119420,52.47947009093619,71768,71768,0.9541721834715671,48348,48348,0.0,18560,18920
1789818748.0901346,15098208,37923,0.0,83740,119420,53.022638112554105,71768,71768,0.0,48348,48348,0.0,18560,18920
1789818749.1277523,15098204,37000,0.0,83740,119420,53.0060110252423,71768,71768,0.9637456550044055,48348,48348,0.0,18560,18920
1789818750.1683617,15098204,37000,0.960972888337101,83820,119420,49.00961730519215,71768,71768,0.960972888337101,48348,48348,0.0,18560,18920
1789818751.197341,15098216,37000,0.0,83820,119420,55.39484210675219,71768,71768,0.9718393352061789,48348,48348,0.0,18560,18920
1789818752.2270627,15098216,37000,0.0,83820,119420,52.441389412826766,71768,71768,0.0,48348,48348,0.0,18560,18920
1789818753.2638853,15098220,37000,0.0,83820,119420,54.01088486377828,71768,71768,0.9644800868531835,48348,48348,0.0,18560,18920
1789818754.2724657,15098224,37000,0.0,83820,119420,51.55762909763963,71768,71768,0.9914928672623005,48348,48348,0.0,18560,18920
1789818755.2938871,15098224,37000,0.0,83900,119420,55.805003212837896,71768,71768,0.9790351440848755,48348,48348,0.0,18560,18920
1789818756.3342154,15097980,37000,0.0,83900,119420,49.02278838736763,71768,71768,0.9612311448503458,48348,48348,0.0,18560,18920
1789818757.362191,15097984,37000,0.0,83900,119420,50.58481188571551,71768,71768,0.9727848439560675,48348,48348,0.0,18560,18920
1789818758.3995435,15097984,37000,0.0,83900,119420,58.80359266891724,71768,71768,0.9639933224412662,48348,48348,0.0,18560,18920
1789818759.443348,15097988,37000,0.0,83900,119420,48.85981586353189,71768,71768,0.958035605167292,48348,48348,0.0,18560,18920
1789818760.479564,15097988,37000,0.9650498734492106,83980,119420,54.04279291315579,71768,71768,0.9650498734492106,48348,48348,0.0,18560,18920
1789818761.513594,15097996,37000,0.0,83980,119420,53.189890372776716,71768,71768,0.0,48348,48348,0.0,18560,18920
1789818762.5504155,15098000,37000,0.0,83980,119420,55.94014404587248,71768,71768,0.9644852421702151,48348,48348,0.0,18560,18920
1789818763.5895946,15098000,37000,0.0,83980,119420,49.07809167276825,71768,71768,0.962315522995456,48348,48348,0.0,18560,18920
1789818764.6269631,15098000,37000,0.0,83980,119420,52.053868524228086,71768,71768,0.9639605282264461,48348,48348,0.0,18560,18920
1789818765.6628423,15097996,37000,0.9653643359240134,84060,119420,53.095038475820736,71768,71768,0.9653643359240134,48348,48348,0.0,18560,18920
1789818766.7045527,15098024,37000,0.0,84060,119420,55.67767039281804,71768,71768,0.9599598343589317,48348,48348,0.9599598343589317,18560,18920
1789818767.7410088,15098016,37000,0.0,84060,119420,57.88964966726478,71768,71768,0.964827494454413,48348,48348,0.0,18560,18920
1789818768.7800565,15098016,37000,0.0,84060,119420,51.9705521223802,71768,71768,0.0,48348,48348,0.0,18560,18920
1789818769.8289442,15098020,37923,0.0,84060,119420,52.43660379802477,71768,71768,0.953392796327723,48348,48348,0.0,18560,18920
1789818770.863877,15097772,37000,0.9662407940719745,84140,119420,50.24452129174268,71768,71768,0.9662407940719745,48348,48348,0.0,18560,18920
1789818771.902436,15097784,37000,0.0,84140,119420,49.10649646451788,71768,71768,0.962872479696429,48348,48348,0.0,18560,18920
1789818772.9124224,15097784,37000,0.0,84140,119420,52.47628011246249,71768,71768,0.9901184926879716,48348,48348,0.0,18560,18920
1789818773.9497244,15097784,37000,0.0,84140,119420,53.02179439071712,71768,71768,0.0,48348,48348,0.0,18560,18920
1789818774.9706755,15097788,37000,0.0,84140,119420,52.891929469161646,71768,71768,0.9794801753548452,48348,48348,0.0,18560,18920
1789818775.9808834,15097788,37000,0.9898936393139075,84220,119420,53.454256522951006,71768,71768,0.9898936393139075,48348,48348,0.0,18560,18920
1789818777.0187984,15097800,37000,0.0,84220,119420,52.99121985973402,71768,71768,0.9634767247224367,48348,48348,0.0,18560,18920
1789818778.0531907,15097804,37000,0.0,84220,119420,51.2377253696647,71768,71768,0.9667495352766925,48348,48348,0.0,18560,18920
1789818779.1051545,15097808,37000,0.0,84220,119420,53.23350783151103,71768,71768,0.9505983541341255,48348,48348,0.0,18560,18920
1789818780.1451776,15097560,37000,0.9615227055096245,84220,119420,49.03765798099085,71768,71768,0.9615227055096245,48348,48348,0.0,18560,18920
1789818781.1856108,15097564,37000,0.0,84300,119420,54.78486303384356,71768,71768,0.0,48348,48348,0.0,18560,18920
1789818782.2228117,15097824,37000,0.0,84300,119420,49.170807035017134,71768,71768,0.9641334712748458,48348,48348,0.0,18560,18920
1789818783.2654927,15097828,37000,0.0,84300,119420,46.993977842579305,71768,71768,0.959060772297537,48348,48348,0.0,18560,18920
1789818784.3041933,15097828,37000,0.0,84300,119420,50.06286133556695,71768,71768,0.9627473333762875,48348,48348,0.0,18560,18920
1789818785.340088,15097828,37000,0.9653446111325119,84380,119420,45.37119672322806,71768,71768,0.0,48348,48348,0.0,18560,18920
1789818786.3736603,15097832,37000,0.0,84380,119420,49.34354537286201,71768,71768,0.9675204975070982,48348,48348,0.0,18560,18920
1789818787.4344304,15097840,37000,0.0,84380,119420,50.90840068717028,71768,71768,0.9427481608735236,48348,48348,0.0,18560,18920
1789818788.4749887,15097588,37000,0.0,84380,119420,49.971064399302136,71768,71768,0.9609820076788873,48348,48348,0.0,18560,18920
1789818789.4981368,15097588,37000,0.0,84380,119420,54.73289912252095,71768,71768,0.9773731986164456,48348,48348,0.0,18560,18920
1789818790.519452,15097592,37000,0.9791361191292309,84460,119420,51.89421431384924,71768,71768,0.0,48348,48348,0.0,18560,18920
1789818791.5582829,15097348,37000,0.0,84460,119420,51.01890401910744,71768,71768,0.962620830549197,48348,48348,0.0,18560,18920
1789818792.584517,15097356,37000,0.0,84460,119420,55.54280214863383,71768,71768,0.9744351254146286,48348,48348,0.0,18560,18920
1789818793.6328459,15097356,37000,0.0,84460,119420,51.51054678445574,71768,71768,0.9538990145269581,48348,48348,0.0,18560,18920
1789818794.6645794,15097356,37000,0.0,84460,119420,56.21600383813126,71768,71768,0.9692414454850218,48348,48348,0.0,18560,18920
1789818795.6877694,15097360,37000,0.0,84804,119420,53.753522941137945,71768,71768,0.0,48348,48348,0.0,18560,18920
1789818796.7116086,15096856,37000,0.0,84804,119420,52.74266754831814,71768,71768,0.9767160657095952,48348,48348,0.0,18560,18920
1789818797.751956,15096860,37000,0.0,84804,119420,53.82814424303728,71768,71768,0.9612168614828086,48348,48348,0.0,18560,18920
1789818798.7888763,15096860,37923,0.0,84804,119420,50.148407896395,71768,71768,0.9643924595460577,48348,48348,0.0,18560,18920
1789818799.8193762,15096864,37923,0.0,84804,119420,50.46118000800751,71768,71768,0.9704073078462983,48348,48348,0.0,18560,18920
1789818800.857237,15096868,37000,0.9635143988831354,84884,119420,48.17571994415677,71768,71768,0.9635143988831354,48348,48348,0.0,18560,18920
1789818801.8875282,15096868,37000,0.0,84884,119420,52.41263314158464,71768,71768,0.0,48348,48348,0.0,18560,18920
1789818802.9359841,15096868,37000,0.0,84884,119420,56.27313290135477,71768,71768,0.9537819135822843,48348,48348,0.0,18560,18920
1789818803.972088,15096888,37000,0.0,84884,119420,51.15326073521362,71768,71768,0.9651558629285588,48348,48348,0.0,18560,18920
1789818805.00807,15096876,37000,0.9652628437605651,84884,119420,51.15893071930995,71768,71768,0.9652628437605651,48348,48348,0.0,18560,18920
1789818806.0190969,15096880,37923,0.0,84964,119420,48.46561210275622,71768,71768,0.9890941245460452,48348,48348,0.0,18560,18920
1789818807.0531676,15096880,37000,0.0,84964,119420,54.15496948740448,71768,71768,0.9670530265607943,48348,48348,0.0,18560,18920
1789818808.0754468,15096884,37000,0.0,84964,119420,48.91047031436016,71768,71768,0.0,48348,48348,0.0,18560,18920
1789818809.105304,15096884,37000,0.0,84964,119420,51.463401436974365,71768,71768,0.9710075742825353,48348,48348,0.0,18560,18920
1789818810.136244,15096888,37000,0.9699941599172428,84964,119420,50.43969631569662,71768,71768,0.9699941599172428,48348,48348,0.0,18560,18920
1789818811.1727657,15096888,37000,0.0,85044,119420,53.06168964097786,71768,71768,0.9647579934723247,48348,48348,0.0,18560,18920
1789818812.2024891,15096896,37000,0.0,85044,119420,51.47019428979396,71768,71768,0.0,48348,48348,0.0,18560,18920
1789818813.2485516,15096896,37000,0.0,85044,119420,56.4017611627687,71768,71768,1.9119241072124984,48348,48348,0.0,18560,18920
1789818814.2683792,15096896,37000,0.0,85044,119420,50.98919654141615,71768,71768,0.9805614719503105,48348,48348,0.0,18560,18920
1789818815.314525,15096900,37000,0.9558890259602246,85124,119420,57.353341557613476,71768,71768,0.9558890259602246,48348,48348,0.0,18560,18920
1789818816.3292518,15096648,37000,0.0,85124,119420,50.25995359578379,71768,71768,0.0,48348,48348,0.0,18560,18920
1789818817.3440406,15096652,37000,0.0,85124,119420,52.2275244130495,71768,71768,0.9854249889254624,48348,48348,0.0,18560,18920
1789818818.373824,15096652,37000,0.0,85124,119420,52.43831488018084,71768,71768,0.0,48348,48348,0.0,18560,18920
1789818819.3961692,15096656,37000,0.0,85124,119420,47.92895554694593,71768,71768,0.978141949937672,48348,48348,0.0,18560,18920
1789818820.4263346,15096404,37000,0.0,85204,119420,48.536014268613364,71768,71768,0.9707202853722673,48348,48348,0.0,18560,18920
1789818821.459403,15096404,37000,0.0,85204,119420,50.33541209970592,71768,71768,0.9679886942251139,48348,48348,0.0,18560,18920
1789818822.4907985,15096404,37000,0.0,85204,119420,61.08230816883468,71768,71768,0.96956044712436,48348,48348,0.0,18560,18920
1789818823.5250835,15096408,37000,0.0,85204,119420,49.30935676109502,71768,71768,0.9668501325704906,48348,48348,0.0,18560,18920
1789818824.5565603,15096412,37000,0.0,85204,119420,52.351972927871536,71768,71768,0.9694809801457692,48348,48348,0.0,18560,18920
1789818825.5739028,15096412,37000,0.9829584087826735,85284,119420,47.18200362156833,71768,71768,0.9829584087826735,48348,48348,0.0,18560,18920
1789818826.61167,15096168,37000,0.0,85284,119420,51.07096861885248,71768,71768,0.9636031814877827,48348,48348,0.9636031814877827,18560,18920
1789818827.656544,15096172,37000,0.0,85284,119420,49.76677008964399,71768,71768,0.9570532709546922,48348,48348,0.0,18560,18920
1789818828.684024,15096172,37000,0.0,85284,119420,52.55568648712418,71768,71768,0.9732534534652626,48348,48348,0.0,18560,18920
1789818829.7240622,15096172,37000,0.0,85284,119420,50.95971322180673,71768,71768,0.0,48348,48348,0.0,18560,18920
1789818830.7355292,15096176,37000,0.0,85364,119420,54.376391101324835,71768,71768,0.9886616563877243,48348,48348,0.0,18560,18920
1789818831.7827365,15096180,37000,0.0,85364,119420,54.43069651100984,71768,71768,0.9549245001931551,48348,48348,0.0,18560,18920
1789818832.827186,15096180,37000,0.0,85364,119420,52.6590506449845,71768,71768,0.9574372844542637,48348,48348,0.0,18560,18920
1789818833.862562,15096184,37000,0.0,85364,119420,54.086964301183826,71768,71768,0.9658386482354254,48348,48348,0.0,18560,18920
1789818834.8725505,15096184,37000,0.0,85364,119420,50.49564945325977,71768,71768,0.9901107735933289,48348,48348,0.0,18560,18920
1789818835.908438,15096184,37000,0.9653559095019851,85444,119420,48.267795475099255,71768,71768,0.9653559095019851,48348,48348,0.0,18560,18920
1789818836.9398668,15096184,37000,0.0,85444,119420,47.507026374038844,71768,71768,0.0,48348,48348,0.0,18560,18920
1789818837.9753585,15096188,37000,0.0,85444,119420,51.1831928393792,71768,71768,0.9657206196109284,48348,48348,0.0,18560,18920
1789818839.0091724,15096192,37000,0.0,85444,119420,54.1685827513096,71768,71768,0.9672961205591001,48348,48348,0.0,18560,18920
1789818840.0488236,15096196,37923,1.9237116073284517,85444,119420,49.054645986875514,71768,71768,0.0,48348,48348,0.0,18560,18920
1789818841.066452,15096196,37000,0.0,85524,119420,50.11634854249626,71768,71768,1.9653470016665202,48348,48348,0.0,18560,18920
1789818842.0827773,15096200,37923,0.0,85524,119420,46.245074182550894,71768,71768,0.9839377485649126,48348,48348,0.0,18560,18920
1789818843.1071718,15096200,37000,0.0,85524,119420,52.71412242977843,71768,71768,0.9761874524033042,48348,48348,0.0,18560,18920
1789818844.1537971,15096220,37000,0.0,85524,119420,49.68369439681254,71768,71768,0.0,48348,48348,0.0,18560,18920
1789818845.166898,15096224,37000,0.0,85604,119420,54.288613303303016,71768,71768,0.9870656964236912,48348,48348,0.0,18560,18920
1789818846.1995604,15096228,37000,0.0,85604,119420,55.19720181794648,71768,71768,0.9683719617183593,48348,48348,0.0,18560,18920
1789818847.2453756,15096220,37923,0.0,85604,119420,51.63430546652467,71768,71768,0.9561908419726791,48348,48348,0.0,18560,18920
1789818848.2655208,15096220,37000,0.0,85604,119420,48.03242672657751,71768,71768,0.9802536066648473,48348,48348,0.0,18560,18920
1789818849.2943954,15096224,37000,0.0,85604,119420,53.45654256446734,71768,71768,0.0,48348,48348,0.0,18560,18920
1789818850.3347483,15096228,37000,0.9612071990377307,85684,119420,48.06035995188653,71768,71768,0.9612071990377307,48348,48348,0.0,18560,18920
1789818851.3624454,15096240,37000,0.0,85684,119420,52.54506646581206,71768,71768,0.9730567864039271,48348,48348,0.0,18560,18920
1789818852.3993611,15096240,37000,0.0,85684,119420,54.97052706007554,71768,71768,0.9643952115802726,48348,48348,0.0,18560,18920
1789818853.431037,15096252,37923,0.0,85684,119420,53.31132595271987,71768,71768,0.9692968355039976,48348,48348,0.0,18560,18920
1789818854.4799767,15096244,37000,0.0,85684,119420,51.48059541392789,71768,71768,0.953344359517183,48348,48348,0.0,18560,18920
1789818855.5278094,15096244,37000,0.9543513470728787,85764,119420,50.580621394862575,71768,71768,0.0,48348,48348,0.0,18560,18920
1789818856.5584445,15096252,37000,0.0,85764,119420,48.513750872413226,71768,71768,1.940550034896529,48348,48348,0.0,18560,18920
1789818857.5942,15096252,37000,0.0,85764,119420,48.27684645717723,71768,71768,0.0,48348,48348,0.0,18560,18920
1789818858.6052816,15096256,37000,0.0,85764,119420,53.40497068188754,71768,71768,0.988980938553473,48348,48348,0.0,18560,18920
1789818859.669822,15096260,37000,0.0,85764,119420,53.5442014456418,71768,71768,0.9393719551866981,48348,48348,0.0,18560,18920
1789818860.7110667,15096264,37000,1.9207789124204693,86108,119420,52.821420091562906,71768,71768,0.0,48348,48348,0.0,18560,18920
1789818861.7534218,15096268,37000,0.0,86108,119420,47.008853828850654,71768,71768,0.959364363854095,48348,48348,0.0,18560,18920
1789818862.7731297,15096268,37000,0.0,86108,119420,50.014070478065335,71768,71768,0.9806680485895164,48348,48348,0.0,18560,18920
1789818863.808274,15096028,37000,0.0,86108,119420,51.20085321874291,71768,71768,0.966053834315904,48348,48348,0.0,18560,18920
1789818864.850038,15096036,37000,0.0,86108,119420,54.714830507798105,71768,71768,0.9599093071543527,48348,48348,0.0,18560,18920
1789818865.886794,15095776,37923,0.0,86188,119420,54.97929113367439,71768,71768,0.9645489672574454,48348,48348,0.0,18560,18920
1789818866.9153898,15095780,37000,0.0,86188,119420,50.55405907114837,71768,71768,0.0,48348,48348,0.0,18560,18920
1789818867.9265838,15095780,37000,0.0,86188,119420,52.41343470058143,71768,71768,0.9889327301996498,48348,48348,0.0,18560,18920
1789818868.965947,15095784,37000,0.0,86188,119420,54.841286972716375,71768,71768,0.962127841626603,48348,48348,0.0,18560,18920
1789818870.0083976,15095776,37000,0.9592795031230953,86188,119420,53.71965217489333,71768,71768,0.9592795031230953,48348,48348,0.0,18560,18920
1789818871.0389848,15095788,37000,0.0,86268,119420,51.42712493741035,71768,71768,0.9703231120266104,48348,48348,0.0,18560,18920
1789818872.0702798,15095788,37000,0.0,86268,119420,48.48253697852344,71768,71768,0.9696507395704688,48348,48348,0.0,18560,18920
1789818873.0805774,15095792,37923,0.0,86268,119420,52.45994885320701,71768,71768,0.9898103557208869,48348,48348,0.0,18560,18920
1789818874.1241846,15095792,37000,0.0,86268,119420,51.743339269666244,71768,71768,0.0,48348,48348,0.0,18560,18920
1789818875.151781,15095560,37923,0.9731462321386047,86348,119420,51.57675030334605,71768,71768,0.9731462321386047,48348,48348,0.0,18560,18920
1789818876.189463,15095300,37000,0.0,86348,119420,51.075562149370505,71768,71768,0.9636898518749153,48348,48348,0.0,18560,18920
1789818877.2204287,15095300,37000,0.0,86348,119420,54.31796717778343,71768,71768,0.9699636996032756,48348,48348,0.0,18560,18920
1789818878.2532167,15095296,37000,0.0,86348,119420,48.41238440536028,71768,71768,0.9682476881072056,48348,48348,0.0,18560,18920
1789818879.2915375,15095300,37000,0.0,86348,119420,56.82286735170979,71768,71768,0.0,48348,48348,0.0,18560,18920
1789818880.332873,15095064,37923,0.0,86428,119420,53.776817069021604,71768,71768,0.9603003048039572,48348,48348,0.0,18560,18920
1789818881.3578331,15095064,37000,0.0,86428,119420,52.685231255587595,71768,71768,0.0,48348,48348,0.0,18560,18920
1789818882.3978305,15095064,37000,0.0,86428,119420,46.15362421704115,71768,71768,0.9615338378550239,48348,48348,0.0,18560,18920
1789818883.4247522,15095068,37000,0.0,86428,119420,55.50612432227645,71768,71768,0.9737916547767798,48348,48348,0.0,18560,18920
1789818884.4715824,15095068,37000,0.0,86428,119420,56.3605620608456,71768,71768,0.9552637637431458,48348,48348,0.0,18560,18920
1789818885.5080466,15095072,37000,0.9648185347011421,86508,119420,44.381652596252536,71768,71768,0.9648185347011421,48348,48348,0.0,18560,18920
1789818886.5501251,15095072,37000,0.0,86508,119420,51.81954993282137,71768,71768,0.9596212950522476,48348,48348,0.0,18560,18920
1789818887.5806112,15095064,37923,0.0,86508,119420,51.43198240318678,71768,71768,0.9704147623242789,48348,48348,0.0,18560,18920
1789818888.5943153,15095068,37000,0.0,86508,119420,49.323915025142085,71768,71768,0.9864783005028418,48348,48348,0.0,18560,18920
1789818889.632047,15095072,37000,0.0,86508,119420,53.96397734140504,71768,71768,0.9636424525250901,48348,48348,0.0,18560,18920
1789818890.6621568,15094836,37000,0.9707660276087202,86588,119420,58.245961656523214,71768,71768,0.9707660276087202,48348,48348,0.0,18560,18920
1789818891.677131,15094584,37923,0.0,86588,119420,49.262414362913084,71768,71768,0.0,48348,48348,0.0,18560,18920
1789818892.7262335,15094596,37000,0.0,86588,119420,55.28568700032106,71768,71768,0.9532015000055355,48348,48348,0.0,18560,18920
1789818893.776723,15094588,37000,0.0,86588,119420,53.308749927152476,71768,71768,1.9038839259697313,48348,48348,0.0,18560,18920
1789818894.8056605,15094588,37000,0.0,86588,119420,53.4525876242612,71768,71768,0.9718652295320218,48348,48348,0.0,18560,18920
1789818895.8186429,15094600,37000,0.9871830724512635,86668,119420,51.3335197674657,71768,71768,0.9871830724512635,48348,48348,0.0,18560,18920
1789818896.8408248,15094600,37000,0.0,86668,119420,52.828240982104255,71768,71768,0.9783007589278566,48348,48348,0.0,18560,18920
1789818897.863185,15094600,37000,0.0,86668,119420,52.81888175488277,71768,71768,0.9781274399052364,48348,48348,0.0,18560,18920
1789818898.8893483,15094612,37000,0.0,86668,119420,51.648966338522314,71768,71768,0.0,48348,48348,0.0,18560,18920
1789818899.9187713,15094612,37000,0.0,86668,119420,50.51356667242841,71768,71768,0.9714147437005464,48348,48348,0.0,18560,18920
1789818900.9544742,15094624,37000,0.965529665948222,86748,119420,49.24201296335932,71768,71768,0.965529665948222,48348,48348,0.0,18560,18920
1789818901.990931,15094624,37923,0.0,86748,119420,53.06523485110563,71768,71768,0.9648224518382841,48348,48348,0.0,18560,18920
1789818903.0055091,15094628,37000,0.0,86748,119420,54.20999770347124,71768,71768,0.9856363218812952,48348,48348,0.0,18560,18920
1789818904.0420744,15094628,37923,0.0,86748,119420,52.09489193772976,71768,71768,0.0,48348,48348,0.0,18560,18920
1789818905.057972,15094636,37000,0.9843548684663663,86748,119420,52.17080802871741,71768,71768,0.9843548684663663,48348,48348,0.0,18560,18920
1789818906.0687518,15094644,37000,0.0,86828,119420,53.42407950114987,71768,71768,0.9893348055768495,48348,48348,0.0,18560,18920
1789818907.1085641,15094648,37000,0.0,86828,119420,55.77899429221432,71768,71768,0.9617067981416262,48348,48348,0.0,18560,18920
1789818908.1492486,15094396,37000,0.0,86828,119420,53.81097833399535,71768,71768,0.960910327392774,48348,48348,0.0,18560,18920
1789818909.1825871,15094400,37000,0.0,86828,119420,56.12878100029571,71768,71768,0.0,48348,48348,0.0,18560,18920
1789818910.2238908,15094400,37923,0.0,86908,119420,51.85820430404009,71768,71768,0.9603371167414833,48348,48348,0.0,18560,18920
1789818911.2477949,15094412,37923,0.0,86908,119420,55.669025469723834,71768,71768,0.9766495696442777,48348,48348,0.0,18560,18920
1789818912.2802744,15094404,37000,0.0,86908,119420,54.238349683845236,71768,71768,0.9685419586400935,48348,48348,0.0,18560,18920
1789818913.3228745,15094408,37923,0.0,86908,119420,49.87523594632097,71768,71768,0.9591391528138649,48348,48348,0.0,18560,18920
1789818914.3565464,15094408,37000,0.0,86908,119420,57.078290457099534,71768,71768,0.9674286518152464,48348,48348,0.0,18560,18920
1789818915.3763957,15094420,37000,0.9805370340933521,86988,119420,55.89061094332107,71768,71768,0.9805370340933521,48348,48348,0.0,18560,18920
1789818916.414956,15094432,37000,0.0,86988,119420,57.772026589646714,71768,71768,0.9628671098274452,48348,48348,0.0,18560,18920
1789818917.4421012,15094436,37000,0.0,86988,119420,56.467422321112096,71768,71768,0.0,48348,48348,0.0,18560,18920
1789818918.4770167,15094436,37000,0.0,86988,119420,50.245870582504764,71768,71768,0.9662667419712454,48348,48348,0.0,18560,18920
1789818919.51275,15094440,37000,0.0,86988,119420,57.92975233353867,71768,71768,0.9654958722256446,48348,48348,0.0,18560,18920
1789818920.5626724,15094448,37000,0.9524520461229443,87068,119420,52.384862536761936,71768,71768,0.9524520461229443,48348,48348,0.0,18560,18920
1789818921.5834064,15094444,37000,0.0,87068,119420,55.84206360400364,71768,71768,0.9796853263860288,48348,48348,0.0,18560,18920
1789818922.627935,15094468,37000,0.0,87068,119420,54.57014599601718,71768,71768,0.0,48348,48348,0.0,18560,18920
1789818923.6546352,15094456,37000,0.0,87068,119420,55.51771401070539,71768,71768,0.9739949826439542,48348,48348,0.0,18560,18920
1789818924.6861546,15094456,37000,0.0,87068,119420,51.38051608776484,71768,71768,0.9694436997691479,48348,48348,0.0,18560,18920
1789818925.7245944,15094456,37000,0.9629786461045248,87412,119420,49.11191095133076,71768,71768,0.9629786461045248,48348,48348,0.0,18560,18920
1789818926.7650845,15094456,37000,0.0,87412,119420,48.05439369855238,71768,71768,0.9610878739710476,48348,48348,0.0,18560,18920
1789818927.795528,15094212,37923,0.0,87412,119420,48.522662801774494,71768,71768,0.9704532560354899,48348,48348,0.0,18560,18920
1789818928.8117409,15094216,37000,0.0,87412,119420,60.02681773853113,71768,71768,0.0,48348,48348,0.0,18560,18920
1789818929.8216124,15094216,37000,0.0,87412,119420,54.46241506207017,71768,71768,0.9902257284012759,48348,48348,0.0,18560,18920
1789818930.8821478,15094220,37000,0.9429221331724276,87492,119420,54.6894837240008,71768,71768,0.9429221331724276,48348,48348,0.0,18560,18920
1789818931.9106514,15093480,37000,0.0,87492,119420,49.58654384855267,71768,71768,0.9722851735010328,48348,48348,0.0,18560,18920
1789818932.951105,15093480,37000,0.0,87492,119420,55.744735192566814,71768,71768,0.9611161240097726,48348,48348,0.0,18560,18920
1789818933.9617846,15093480,37000,0.0,87492,119420,58.37663000178574,71768,71768,0.0,48348,48348,0.0,18560,18920
1789818934.9917703,15093484,37923,0.0,87492,119420,51.45701629019455,71768,71768,0.9708870998149915,48348,48348,0.0,18560,18920
1789818936.0045853,15093492,37000,0.0,87572,119420,56.27878272819484,71768,71768,0.9873470654069271,48348,48348,0.0,18560,18920
1789818937.0146353,15093496,37000,0.0,87572,119420,56.43303836946687,71768,71768,0.990053304727489,48348,48348,0.0,18560,18920
1789818938.0503478,15093504,37000,0.0,87572,119420,58.896657989955536,71768,71768,0.0,48348,48348,0.0,18560,18920
1789818939.086876,15093504,37000,0.0,87572,119420,52.09712218737763,71768,71768,0.9647615219884745,48348,48348,0.0,18560,18920
1789818940.125547,15093504,37000,0.9627697727959866,87572,119420,49.10125841259532,71768,71768,0.9627697727959866,48348,48348,0.0,18560,18920
1789818941.1623516,15093508,37000,0.0,87652,119420,52.082837220196055,71768,71768,0.9644969855591862,48348,48348,0.0,18560,18920
1789818942.1735373,15093508,37000,0.0,87652,119420,52.41390768427639,71768,71768,0.9889416544203092,48348,48348,0.0,18560,18920
1789818943.206089,15093524,37000,0.0,87652,119420,57.140057750424724,71768,71768,0.0,48348,48348,0.0,18560,18920
1789818944.2174706,15093528,37000,0.0,87652,119420,57.346850398609966,71768,71768,0.9887387999760339,48348,48348,0.0,18560,18920
1789818945.240728,15093528,37000,0.9772774443021806,87732,119420,52.77298199231775,71768,71768,0.9772774443021806,48348,48348,0.0,18560,18920
1789818946.2869325,15093540,37000,0.0,87732,119420,51.61510675303163,71768,71768,0.9558353102413265,48348,48348,1.911670620482653,18560,18920
1789818947.3299992,15093540,37000,0.0,87732,119420,54.64659430531875,71768,71768,0.0,48348,48348,0.0,18560,18920
1789818948.3668406,15093540,37000,0.0,87732,119420,48.223109020755935,71768,71768,0.9644621804151187,48348,48348,0.0,18560,18920
1789818949.3767204,15093544,37000,0.0,87732,119420,53.472050341495006,71768,71768,0.9902231544721297,48348,48348,0.0,18560,18920
1789818950.4164937,15093544,37000,0.9617414056205563,87812,119420,52.895777309130594,71768,71768,0.9617414056205563,48348,48348,0.0,18560,18920
1789818951.452648,15093548,37000,0.0,87812,119420,53.08100018177652,71768,71768,0.0,48348,48348,0.0,18560,18920
1789818952.4828315,15093548,37000,0.0,87812,119420,48.53520348195771,71768,71768,0.9707040696391541,48348,48348,0.0,18560,18920
1789818953.5126472,15093560,37000,0.0,87812,119420,55.35041015775433,71768,71768,0.9710598273290233,48348,48348,0.0,18560,18920
1789818954.5469491,15093560,37000,0.0,87812,119420,57.04267793553716,71768,71768,0.0,48348,48348,0.0,18560,18920
1789818955.591362,15093572,37000,0.0,87892,119420,54.576084994519384,71768,71768,0.9574751753424453,48348,48348,0.0,18560,18920
1789818956.6204233,15093576,37000,0.0,87892,119420,53.44673541154677,71768,71768,0.9717588256644868,48348,48348,0.0,18560,18920
1789818957.638153,15093576,37000,0.0,87892,119420,56.98957248625443,71768,71768,0.9825788359699039,48348,48348,0.0,18560,18920
1789818958.6817498,15093576,37000,0.0,87892,119420,52.70228993759387,71768,71768,0.9582234534107975,48348,48348,0.0,18560,18920
1789818959.723972,15093576,37000,0.0,87892,119420,51.812357054686814,71768,71768,0.0,48348,48348,0.0,18560,18920
1789818960.755518,15093580,37000,0.9694211436477049,87972,119420,58.1652686188623,71768,71768,1.9388422872954099,48348,48348,0.0,18560,18920
1789818961.8341417,15093580,37000,0.0,87972,119420,56.55320938314575,71768,71768,0.0,48348,48348,0.0,18560,18920
1789818962.8440235,15093584,37000,0.0,87972,119420,50.501278762679355,71768,71768,0.9902211522093991,48348,48348,0.0,18560,18920
1789818963.8863206,15093584,37000,0.0,87972,119420,48.93003526206162,71768,71768,0.9594124561188554,48348,48348,0.0,18560,18920
1789818964.9270957,15093588,37000,0.0,87972,119420,53.806335812497906,71768,71768,0.9608274252231769,48348,48348,0.0,18560,18920
1789818965.96487,15093340,37000,0.9636015955591708,88052,119420,49.14368137351771,71768,71768,0.9636015955591708,48348,48348,0.0,18560,18920
1789818967.0058823,15093344,37000,0.0,88052,119420,50.91201140370498,71768,71768,0.9606039887491505,48348,48348,0.0,18560,18920
1789818968.0728395,15093344,37000,0.0,88052,119420,57.17187823093254,71768,71768,0.0,48348,48348,0.0,18560,18920
1789818969.1259372,15093348,37000,0.0,88052,119420,51.27733172228618,71768,71768,0.9495802170793737,48348,48348,0.0,18560,18920
1789818970.165059,15093348,37000,0.0,88132,119420,55.816068393663414,71768,71768,0.9623460067873003,48348,48348,0.0,18560,18920
1789818971.1952095,15093356,37000,0.0,88132,119420,49.507515495668265,71768,71768,0.9707355979542798,48348,48348,0.0,18560,18920
1789818972.2267187,15093356,37000,0.0,88132,119420,55.25890025005766,71768,71768,0.0,48348,48348,0.0,18560,18920
1789818973.2788653,15093364,37000,0.0,88132,119420,49.42282020387502,71768,71768,1.9008777001490393,48348,48348,0.0,18560,18920
1789818974.320871,15093364,37000,0.0,88132,119420,52.78276115020986,71768,71768,0.959686566367452,48348,48348,0.0,18560,18920
1789818975.370521,15093368,37000,0.9527027535949079,88212,119420,54.30405695490975,71768,71768,0.0,48348,48348,0.0,18560,18920
1789818976.3999572,15093116,37000,0.0,88212,119420,53.42705192047749,71768,71768,0.9714009440086817,48348,48348,0.0,18560,18920
1789818977.4497132,15093120,37000,0.0,88212,119420,60.966487900920775,71768,71768,0.9526013734518871,48348,48348,0.0,18560,18920
1789818978.4853191,15093124,37000,0.0,88212,119420,56.00562112583104,71768,71768,0.0,48348,48348,0.0,18560,18920
1789818979.4957523,15093128,37923,0.0,88212,119420,51.463096221453476,71768,71768,0.9896749273356438,48348,48348,0.0,18560,18920
1789818980.5175734,15093128,37000,1.9572894946571886,88292,119420,46.97494787177253,71768,71768,0.9786447473285943,48348,48348,0.0,18560,18920
1789818981.549931,15093132,37923,0.0,88292,119420,57.15073553088418,71768,71768,1.9373130688435314,48348,48348,0.0,18560,18920
1789818982.5601695,15093132,37000,0.0,88292,119420,51.47342256341464,71768,71768,0.9898735108348968,48348,48348,0.0,18560,18920
1789818983.580894,15093140,37000,0.0,88292,119420,50.944059153544856,71768,71768,0.0,48348,48348,0.0,18560,18920
1789818984.6243036,15093144,37000,0.0,88292,119420,51.753182967386245,71768,71768,0.9583922771738193,48348,48348,0.0,18560,18920
1789818985.6584904,15093144,37000,0.0,88372,119420,50.2812688734258,71768,71768,0.0,48348,48348,0.0,18560,18920
1789818986.694243,15093144,37000,0.0,88372,119420,55.03220869111927,71768,71768,0.9654773454582328,48348,48348,0.0,18560,18920
1789818987.7248747,15093140,37000,0.0,88372,119420,53.36541079662226,71768,71768,0.9702801963022228,48348,48348,0.0,18560,18920
1789818988.7591987,15093152,37000,0.0,88372,119420,52.20818249446999,71768,71768,0.9668181943420368,48348,48348,0.0,18560,18920
1789818989.7993674,15093156,37000,0.0,88372,119420,54.79873698217596,71768,71768,0.9613813505644906,48348,48348,0.0,18560,18920
1789818990.841262,15093156,37000,0.9597864663997463,88716,119420,53.74804211838579,71768,71768,0.0,48348,48348,0.0,18560,18920
1789818991.8839138,15093160,37000,0.0,88716,119420,54.66852411769445,71768,71768,1.9181938286910334,48348,48348,0.0,18560,18920
1789818992.9189289,15093164,37000,0.0,88716,119420,53.139264411275036,71768,71768,0.9661684438413644,48348,48348,0.0,18560,18920
1789818993.9577892,15093176,37000,0.0,88716,119420,53.90537413467388,71768,71768,0.0,48348,48348,0.0,18560,18920
1789818994.994831,15092924,37000,0.0,88716,119420,54.96387686745384,71768,71768,0.9642785415342779,48348,48348,0.0,18560,18920
1789818996.0261753,15092672,37000,0.0,88796,119420,57.207167861884294,71768,71768,0.9696130146082084,48348,48348,0.0,18560,18920
1789818997.0563529,15092676,37000,0.0,88796,119420,52.41806428264261,71768,71768,0.9707048941230113,48348,48348,0.0,18560,18920
1789818998.0865147,15092676,37000,0.0,88796,119420,52.41864099090658,71768,71768,0.0,48348,48348,0.0,18560,18920
1789818999.1284451,15092688,37923,0.0,88796,119420,53.74662997112796,71768,71768,0.9597612494844279,48348,48348,0.0,18560,18920
1789819000.1676965,15092692,37000,0.9622289061144458,88876,119420,51.96036093018007,71768,71768,0.9622289061144458,48348,48348,0.0,18560,18920
1789819001.2046974,15092696,37000,0.0,88876,119420,54.96627969656482,71768,71768,0.9643206964309616,48348,48348,0.0,18560,18920
1789819002.2398102,15092696,37000,0.0,88876,119420,54.10033438354328,71768,71768,0.0,48348,48348,0.0,18560,18920
1789819003.2743025,15092696,37000,0.0,88876,119420,55.09962756509219,71768,71768,0.9666601327209157,48348,48348,0.0,18560,18920
1789819004.3100197,15092700,37000,0.0,88876,119420,51.17227553620241,71768,71768,0.9655146327585361,48348,48348,0.0,18560,18920
1789819005.3522692,15092700,37000,0.9594586347528131,88956,119420,48.93239037239347,71768,71768,0.9594586347528131,48348,48348,0.0,18560,18920
1789819006.3627748,15092704,37000,0.0,88956,119420,51.4593678810494,71768,71768,0.9896032284817192,48348,48348,0.0,18560,18920
1789819007.3778923,15092704,37000,0.0,88956,119420,56.15142329494336,71768,71768,0.9851126893849712,48348,48348,0.0,18560,18920
1789819008.4275618,15092456,37000,0.0,88956,119420,52.397515784623025,71768,71768,0.9526821051749641,48348,48348,0.0,18560,18920
1789819009.4705782,15092460,37000,0.0,88956,119420,50.81384645331397,71768,71768,0.0,48348,48348,0.0,18560,18920
1789819010.4994435,15093920,37000,5.831659191142775,87344,119876,50.54104632323738,71768,71768,0.9719431985237958,48348,48348,0.0,18560,18920
1789819011.5302124,15093864,37000,0.0,87344,119876,55.29878583016619,71768,71768,1.9403082747426734,48348,48348,0.0,18560,18920
1789819012.5752623,15093864,37000,0.0,87344,119876,50.71527066635759,71768,71768,0.0,48348,48348,0.0,18560,18920
1789819013.612661,15093868,37000,0.0,87344,119876,57.83694872500942,71768,71768,0.9639491454168236,48348,48348,0.0,18560,18920
1789819014.644136,15093876,37000,0.0,87344,119876,53.32159177663235,71768,71768,0.969483486847861,48348,48348,0.0,18560,18920
1789819015.6909847,15095324,37000,3.8210263105300104,85796,119876,52.539111769787645,71768,71768,0.9552565776325026,48348,48348,0.0,18560,18920
1789819016.726719,15095012,37000,0.0,85796,119876,52.136674310511616,71768,71768,0.965493968713178,48348,48348,0.0,18560,18920
1789819017.7603412,15095012,37000,0.0,85796,119876,54.17833911168347,71768,71768,0.967470341280062,48348,48348,0.0,18560,18920
1789819018.7716959,15094772,37000,0.0,85796,119876,52.4049591398199,71768,71768,0.9887728139588661,48348,48348,0.0,18560,18920
1789819019.8089209,15094776,37000,0.0,85796,119876,53.99030531373408,71768,71768,0.9641125948881086,48348,48348,0.0,18560,18920
1789819020.8568223,15096464,37000,4.771431720574201,84120,119876,44.85145817339749,71768,71768,0.9542863441148403,48348,48348,0.0,18560,18920
1789819021.8954556,15095440,37000,0.0,84120,119876,54.87991126307146,71768,71768,0.0,48348,48348,0.0,18560,18920
1789819022.9267552,15095440,37000,0.0,84120,119876,48.48255653515678,71768,71768,0.9696511307031357,48348,48348,0.0,18560,18920
1789819023.9637485,15095440,37923,0.0,84120,119876,54.00196769669753,71768,71768,0.9643208517267416,48348,48348,0.0,18560,18920
1789819024.998411,15080580,37000,1.9330058018018332,112596,119876,58.95667695495592,71768,71768,0.9665029009009166,48348,48348,0.0,18560,18920
1789819026.0366669,15097352,37000,2.8894706454911514,82516,119876,52.973628500671104,71768,71768,0.9631568818303837,48348,48348,0.0,18560,18920
1789819027.07582,15097360,37000,0.0,82516,119876,51.96500903783468,71768,71768,0.0,48348,48348,0.0,18560,18920
1789819028.113098,15097360,37000,0.0,82516,119876,53.02452278032939,71768,71768,0.9640822323696253,48348,48348,0.0,18560,18920
1789819029.1684885,15097380,37000,0.0,82516,119876,55.902454287719195,71768,71768,0.9474992252155796,48348,48348,0.0,18560,18920
1789819030.2017684,15097380,37000,0.0,82596,119876,52.260747077136216,71768,71768,0.9677916125395595,48348,48348,0.0,18560,18920
1789819031.2326448,15097376,37000,0.0,82596,119876,49.47247744661686,71768,71768,0.9700485773846443,48348,48348,0.0,18560,18920
1789819032.2657068,15097384,37000,0.0,82596,119876,49.36759066091591,71768,71768,0.9679919737434493,48348,48348,0.0,18560,18920
1789819033.2978914,15097388,37000,0.0,82596,119876,53.285187189192406,71768,71768,0.0,48348,48348,0.0,18560,18920
1789819034.3312337,15097388,37000,0.0,82596,119876,56.128665574925535,71768,71768,0.9677356133607851,48348,48348,0.0,18560,18920
1789819035.3632152,15097388,37000,0.9690120057662468,82676,119876,49.41961229407858,71768,71768,0.9690120057662468,48348,48348,0.0,18560,18920
1789819036.393499,15097392,37000,0.0,82676,119876,56.295177887257275,71768,71768,0.9706065152975392,48348,48348,0.0,18560,18920
1789819037.431338,15097400,37000,0.0,82676,119876,53.95812125402126,71768,71768,0.9635378795360939,48348,48348,0.0,18560,18920
1789819038.461111,15097388,37000,0.0,82676,119876,53.409848554285176,71768,71768,0.9710881555324578,48348,48348,0.0,18560,18920
1789819039.4850862,15097380,37923,0.0,82676,119876,50.78223564153749,71768,71768,0.9765814546449517,48348,48348,0.0,18560,18920
1789819040.5211182,15097384,37000,0.9652253429901627,82756,119876,57.91352057940976,71768,71768,0.9652253429901627,48348,48348,0.0,18560,18920
1789819041.5368507,15097376,37000,0.0,82756,119876,56.11717625552098,71768,71768,0.984511864131947,48348,48348,0.0,18560,18920
1789819042.5486407,15097376,37000,0.0,82756,119876,53.37065325679512,71768,71768,0.9883454306813911,48348,48348,0.0,18560,18920
1789819043.5884428,15097384,37000,0.0,82756,119876,58.66517016754551,71768,71768,0.0,48348,48348,0.0,18560,18920
1789819044.6226346,15097384,37000,0.0,82756,119876,55.11513582331562,71768,71768,0.9669322074265898,48348,48348,0.0,18560,18920
1789819045.6336691,15097392,37000,0.9890893142329322,82836,119876,54.39991228281127,71768,71768,0.9890893142329322,48348,48348,0.0,18560,18920
1789819046.645498,15097384,37000,0.0,82836,119876,57.32202370728179,71768,71768,0.9883107535738238,48348,48348,0.0,18560,18920
1789819047.6816034,15097396,37000,0.0,82836,119876,54.048530513352524,71768,71768,0.0,48348,48348,0.0,18560,18920
1789819048.7216089,15097396,37000,0.0,82836,119876,56.73029646011931,71768,71768,0.9615304484765985,48348,48348,0.0,18560,18920
1789819049.7613502,15097400,37000,0.0,82836,119876,57.707088142206075,71768,71768,0.9617848023701012,48348,48348,0.0,18560,18920
1789819050.7910955,15097408,37000,0.0,82916,119876,51.4688426432137,71768,71768,0.9711102385512019,48348,48348,0.0,18560,18920
1789819051.827948,15097408,37000,0.0,82916,119876,49.18728855795537,71768,71768,0.9644566383912818,48348,48348,0.0,18560,18920
1789819052.8619716,15097412,37000,0.0,82916,119876,50.28892758681591,71768,71768,0.9670947612849213,48348,48348,0.0,18560,18920
1789819053.905573,15097160,37000,0.0,82916,119876,52.70226049577918,71768,71768,0.0,48348,48348,0.0,18560,18920
1789819054.945728,15097164,37000,0.0,82916,119876,54.79922867220765,71768,71768,1.9227799534107946,48348,48348,0.0,18560,18920
1789819055.9857454,15097172,37000,0.961526326891227,82996,119876,48.07631634456135,71768,71768,0.961526326891227,48348,48348,0.0,18560,18920
1789819057.0224433,15097172,37000,0.0,82996,119876,54.982404608052164,71768,71768,0.9646035896149502,48348,48348,0.0,18560,18920
1789819058.0710168,15097164,37000,0.0,82996,119876,56.26688968114375,71768,71768,0.953676096290572,48348,48348,0.0,18560,18920
1789819059.1017885,15097180,37000,0.0,82996,119876,52.387806738762166,71768,71768,0.9701445692363363,48348,48348,0.0,18560,18920
1789819060.1361213,15097180,37000,0.9668087694764933,82996,119876,53.17448232120713,71768,71768,0.0,48348,48348,0.0,18560,18920
1789819061.1674442,15097176,37000,0.0,83076,119876,58.17770927002919,71768,71768,0.9696284878338198,48348,48348,0.0,18560,18920
1789819062.1969295,15097180,37000,0.0,83076,119876,56.33887634408987,71768,71768,0.9713599369670667,48348,48348,0.0,18560,18920
1789819063.247026,15097196,37000,0.0,83076,119876,57.1374925853083,71768,71768,0.9522915430884716,48348,48348,0.0,18560,18920
1789819064.2898097,15097192,37000,0.0,83076,119876,46.989666518742496,71768,71768,0.9589727860967857,48348,48348,0.0,18560,18920
1789819065.3179984,15097192,37000,0.9725826906798944,83420,119876,52.5194652967143,71768,71768,0.9725826906798944,48348,48348,0.0,18560,18920
1789819066.340589,15097188,37000,0.0,83420,119876,53.784825927821984,71768,71768,0.9779059259603997,48348,48348,1.9558118519207994,18560,18920
1789819067.3809707,15097188,37000,0.0,83420,119876,53.82656408220207,71768,71768,0.0,48348,48348,0.0,18560,18920
1789819068.408933,15097192,37000,0.0,83420,119876,56.422319058082465,71768,71768,0.9727986044496977,48348,48348,0.0,18560,18920
1789819069.4435453,15097196,37000,0.0,83420,119876,53.16078951987587,71768,71768,0.9665598094522885,48348,48348,0.0,18560,18920
1789819070.4746647,15097196,37000,0.0,83500,119876,53.33939134339584,71768,71768,0.9698071153344698,48348,48348,0.0,18560,18920
1789819071.5108194,15097204,37000,0.0,83500,119876,53.0808528989334,71768,71768,0.9651064163442437,48348,48348,0.0,18560,18920
1789819072.5539677,15097204,37923,0.0,83500,119876,51.76605733058261,71768,71768,0.9586306913070854,48348,48348,0.0,18560,18920
1789819073.5736678,15097200,37000,0.0,83500,119876,56.87972302618174,71768,71768,0.0,48348,48348,0.0,18560,18920
1789819074.6011047,15097204,37000,0.0,83500,119876,54.50452967778023,71768,71768,0.9732951728175042,48348,48348,0.0,18560,18920
1789819075.6487439,15096956,37000,0.9545286791811429,83580,119876,53.453606034144,71768,71768,0.9545286791811429,48348,48348,0.0,18560,18920
1789819076.694372,15096964,37000,0.0,83580,119876,53.555992371615886,71768,71768,0.9563570066359979,48348,48348,0.0,18560,18920
1789819077.721015,15096964,37000,0.0,83580,119876,56.49506326266879,71768,71768,0.9740528148735998,48348,48348,0.0,18560,18920
1789819078.76226,15096964,37000,0.0,83580,119876,53.78162019410976,71768,71768,0.0,48348,48348,0.0,18560,18920
1789819079.7791097,15096964,37000,0.0,83580,119876,59.0060722165522,71768,71768,0.9834345369425366,48348,48348,0.0,18560,18920
1789819080.8198385,15096976,37000,0.9608669319657444,83660,119876,50.925947394184455,71768,71768,0.9608669319657444,48348,48348,0.0,18560,18920
1789819081.8357193,15096992,37000,0.0,83660,119876,53.15570575948387,71768,71768,0.9843649214719236,48348,48348,0.0,18560,18920
1789819082.8698514,15096968,37000,0.0,83660,119876,49.316880604374326,71768,71768,0.9669976589093006,48348,48348,0.0,18560,18920
1789819083.908136,15096980,37923,0.0,83660,119876,48.156010016302375,71768,71768,0.9631202003260475,48348,48348,0.0,18560,18920
1789819084.9404035,15096980,37000,0.0,83660,119876,58.12477839928539,71768,71768,0.9687463066547565,48348,48348,0.0,18560,18920
1789819085.9887626,15096980,37000,0.9538689115734773,83740,119876,47.69344557867386,71768,71768,0.0,48348,48348,0.0,18560,18920
1789819087.025629,15096980,37000,0.0,83740,119876,53.04430081485479,71768,71768,0.9644418329973599,48348,48348,0.0,18560,18920
1789819088.0664434,15096984,37000,0.0,83740,119876,52.84322780644069,71768,71768,0.9607859601171034,48348,48348,0.0,18560,18920
1789819089.089585,15096988,37000,0.0,83740,119876,59.62069996807052,71768,71768,0.9773885240667298,48348,48348,0.0,18560,18920
1789819090.12449,15096996,37000,0.0,83740,119876,56.04360414257623,71768,71768,0.0,48348,48348,0.0,18560,18920
1789819091.1348639,15097004,37000,0.0,83820,119876,48.49667521936931,71768,71768,0.9897280657014145,48348,48348,0.0,18560,18920
1789819092.1754415,15097008,37000,0.0,83820,119876,51.894468400827364,71768,71768,0.9610086740893956,48348,48348,0.0,18560,18920
1789819093.2015278,15097008,37000,0.0,83820,119876,54.576262172107576,71768,71768,0.9745761102162067,48348,48348,0.0,18560,18920
1789819094.2503283,15097008,37000,0.0,83820,119876,56.25483214705689,71768,71768,0.953471731306049,48348,48348,0.0,18560,18920
1789819095.2773952,15097012,37000,0.9736490406575866,83900,119876,45.761504910906574,71768,71768,0.0,48348,48348,0.0,18560,18920
1789819096.3120074,15096784,37000,0.0,83900,119876,55.0929017442195,71768,71768,0.9665421358635001,48348,48348,0.0,18560,18920
1789819097.346368,15096788,37000,0.0,83900,119876,51.23922797951825,71768,71768,0.9667778864060047,48348,48348,0.0,18560,18920
1789819098.3756406,15096784,37000,0.0,83900,119876,53.43582212612643,71768,71768,0.9715604022932078,48348,48348,0.0,18560,18920
1789819099.4059253,15096776,37000,0.0,83900,119876,57.26591413249806,71768,71768,0.9706087141101367,48348,48348,0.0,18560,18920
1789819100.4430099,15096768,37000,0.9642412334244811,83980,119876,51.1047853714975,71768,71768,1.9284824668489622,48348,48348,0.0,18560,18920
1789819101.4934452,15096528,37000,0.0,83980,119876,51.4070518491558,71768,71768,0.0,48348,48348,0.0,18560,18920
1789819102.5315428,15096528,37000,0.0,83980,119876,50.091587699779474,71768,71768,0.9632997634572976,48348,48348,0.0,18560,18920
1789819103.5619946,15096532,37000,0.0,83980,119876,52.40435509382024,71768,71768,0.9704510202559304,48348,48348,0.0,18560,18920
1789819104.5722106,15096532,37000,0.0,83980,119876,57.4135729432091,71768,71768,0.9898891886760189,48348,48348,0.0,18560,18920
1789819105.6054082,15096532,37000,0.0,84060,119876,53.23285762441766,71768,71768,0.0,48348,48348,0.0,18560,18920
1789819106.6366522,15096536,37000,0.0,84060,119876,52.363759040823595,71768,71768,0.9696992414967333,48348,48348,0.0,18560,18920
1789819107.6604517,15096552,37000,0.0,84060,119876,52.74480332753076,71768,71768,0.9767556171764955,48348,48348,0.0,18560,18920
1789819108.6923697,15096560,37000,0.0,84060,119876,57.17525643637954,71768,71768,0.9690721429894837,48348,48348,0.0,18560,18920
1789819109.7288213,15096560,37000,0.0,84060,119876,54.03041569503395,71768,71768,0.9648288516970349,48348,48348,0.0,18560,18920
1789819110.76066,15096312,37000,0.9691447728552348,84140,119876,58.14868637131409,71768,71768,0.9691447728552348,48348,48348,0.0,18560,18920
1789819111.7999265,15096312,37000,0.0,84140,119876,52.92185781900782,71768,71768,0.9622155967092331,48348,48348,0.0,18560,18920
1789819112.843126,15096324,37000,0.0,84140,119876,57.51554417492445,71768,71768,0.9585924029154076,48348,48348,0.0,18560,18920
1789819113.8532624,15096328,37000,0.0,84140,119876,50.48791366321083,71768,71768,0.0,48348,48348,0.0,18560,18920
1789819114.8709028,15096328,37000,0.0,84140,119876,50.11604276347994,71768,71768,0.9826675051662733,48348,48348,0.0,18560,18920
1789819115.9208677,15096332,37000,0.0,84220,119876,47.62075021960511,71768,71768,0.9524150043921022,48348,48348,0.0,18560,18920
1789819116.9585388,15096336,37000,0.0,84220,119876,52.0395717576964,71768,71768,0.0,48348,48348,0.0,18560,18920
1789819117.9886591,15096348,37923,0.0,84220,119876,53.39151820612993,71768,71768,1.9415097529501792,48348,48348,0.0,18560,18920
1789819119.0005164,15096348,37000,0.0,84220,119876,49.414025801013956,71768,71768,0.9882805160202791,48348,48348,0.0,18560,18920
1789819120.0116777,15096352,37000,0.0,84220,119876,55.38198774665212,71768,71768,0.0,48348,48348,0.0,18560,18920
1789819121.0237575,15096336,37000,0.0,84300,119876,54.34376507189933,71768,71768,0.988068455852715,48348,48348,0.0,18560,18920
1789819122.0521302,15096336,37000,0.0,84300,119876,61.26177124514414,71768,71768,0.9724090673832403,48348,48348,0.0,18560,18920
1789819123.0792866,15096340,37000,0.0,84300,119876,53.54591813123224,71768,71768,0.9735621478405863,48348,48348,0.0,18560,18920
1789819124.1193964,15096340,37000,0.0,84300,119876,51.91735478193651,71768,71768,0.0,48348,48348,0.0,18560,18920
1789819125.1484137,15096344,37000,0.971803761093123,84380,119876,52.47740309902864,71768,71768,0.971803761093123,48348,48348,0.0,18560,18920
1789819126.190986,15096348,37000,0.0,84380,119876,50.83569972156873,71768,71768,1.9183282913799522,48348,48348,0.0,18560,18920
1789819127.218833,15096356,37000,0.0,84380,119876,56.42883770804812,71768,71768,0.9729109949663469,48348,48348,0.0,18560,18920
1789819128.2595491,15096348,37000,0.0,84380,119876,53.809312989577414,71768,71768,0.0,48348,48348,0.0,18560,18920
1789819129.2972507,15096352,37923,0.0,84380,119876,48.18326019641769,71768,71768,0.9636652039283539,48348,48348,0.0,18560,18920
1789819130.3422587,15096356,37000,0.9569258177824407,84724,119876,48.80321670690447,71768,71768,0.0,48348,48348,0.0,18560,18920
1789819131.3744388,15096356,37000,0.0,84724,119876,53.28562171058733,71768,71768,1.9376589712940846,48348,48348,0.0,18560,18920
1789819132.405427,15096360,37923,0.0,84724,119876,45.58715341369653,71768,71768,0.0,48348,48348,0.0,18560,18920
1789819133.4465373,15096364,37000,0.0,84724,119876,54.74916592311048,71768,71768,0.9605116828615874,48348,48348,0.0,18560,18920
1789819134.4686835,15096364,37000,0.0,84724,119876,54.786890428098474,71768,71768,0.9783373290731869,48348,48348,0.0,18560,18920
1789819135.5151973,15096116,37000,0.955552133235075,84804,119876,49.6887109282239,71768,71768,0.955552133235075,48348,48348,0.0,18560,18920
1789819136.5461295,15096124,37000,0.0,84804,119876,54.319964963618766,71768,71768,0.9699993743503351,48348,48348,0.0,18560,18920
1789819137.5835803,15096124,37000,0.0,84804,119876,54.94199415590473,71768,71768,0.9638946343141181,48348,48348,0.0,18560,18920
1789819138.6181276,15096136,37000,0.0,84804,119876,56.06314222359224,71768,71768,0.9666059004067628,48348,48348,0.0,18560,18920
1789819139.628204,15096148,37000,0.0,84804,119876,55.44194445099789,71768,71768,0.0,48348,48348,0.0,18560,18920
1789819140.688992,15096140,37000,0.9427068346897154,84884,119876,49.96346223855492,71768,71768,0.9427068346897154,48348,48348,0.0,18560,18920
1789819141.7248793,15096140,37000,0.0,84884,119876,53.09367597103892,71768,71768,0.9653395631097985,48348,48348,0.0,18560,18920
1789819142.7688255,15096148,37000,0.0,84884,119876,53.6425977761796,71768,71768,0.9579035317174928,48348,48348,0.0,18560,18920
1789819143.8001401,15096152,37000,0.0,84884,119876,50.42097881179143,71768,71768,0.0,48348,48348,0.0,18560,18920
1789819144.8200707,15096156,37000,0.0,84884,119876,51.96448209608424,71768,71768,0.9804619263412121,48348,48348,0.0,18560,18920
1789819145.8616931,15095652,37000,0.0,84964,119876,50.8818907384991,71768,71768,0.9600356743113038,48348,48348,0.0,18560,18920
1789819146.8727887,15095908,37000,0.0,84964,119876,55.38575804149229,71768,71768,0.9890313935980766,48348,48348,0.0,18560,18920
1789819147.8831217,15095908,37000,0.0,84964,119876,50.47808397085832,71768,71768,0.0,48348,48348,0.0,18560,18920
1789819148.90837,15095908,37000,0.0,84964,119876,55.59677894150915,71768,71768,1.950764173386286,48348,48348,0.0,18560,18920
1789819149.9559731,15095912,37000,0.0,84964,119876,50.59144057238472,71768,71768,0.9545554824978248,48348,48348,0.0,18560,18920
1789819150.997826,15095912,37000,0.0,85044,119876,53.7504108750998,71768,71768,0.9598287656267822,48348,48348,0.0,18560,18920
1789819152.0454476,15095912,37000,0.0,85044,119876,56.3180835815304,71768,71768,0.9545437895174644,48348,48348,0.0,18560,18920
1789819153.0942023,15095916,37000,0.0,85044,119876,57.21051309694901,71768,71768,0.0,48348,48348,0.0,18560,18920
1789819154.1310358,15095920,37000,0.0,85044,119876,52.08176560587157,71768,71768,0.9644771408494734,48348,48348,0.0,18560,18920
1789819155.1495738,15095936,37000,0.9817944220718902,85124,119876,46.144337837378835,71768,71768,0.9817944220718902,48348,48348,0.0,18560,18920
1789819156.1798246,15095928,37000,0.0,85124,119876,48.53218054987774,71768,71768,0.9706436109975548,48348,48348,0.0,18560,18920
1789819157.2159667,15095952,37000,0.0,85124,119876,49.22099333272108,71768,71768,0.9651175163278644,48348,48348,0.0,18560,18920
1789819158.2624788,15095964,37000,0.0,85124,119876,56.377775671754414,71768,71768,0.9555555198602443,48348,48348,0.0,18560,18920
1789819159.298502,15095960,37000,0.0,85124,119876,55.98331078820064,71768,71768,0.9652294963482869,48348,48348,0.0,18560,18920
1789819160.330959,15095952,37000,1.9371259757815291,85204,119876,50.36527537031976,71768,71768,0.9685629878907646,48348,48348,0.0,18560,18920
1789819161.361742,15095956,37000,0.0,85204,119876,48.50688526278331,71768,71768,0.0,48348,48348,0.0,18560,18920
1789819162.3971815,15095948,37000,0.0,85204,119876,49.254173506514945,71768,71768,0.9657681079708812,48348,48348,0.0,18560,18920
1789819163.4075038,15095948,37000,0.0,85204,119876,48.49953129954012,71768,71768,0.9897863530518393,48348,48348,0.0,18560,18920
1789819164.4397852,15095944,37000,0.0,85204,119876,52.31134611959937,71768,71768,0.9687286318444328,48348,48348,0.0,18560,18920
1789819165.4748926,15095944,37000,0.9660810153452933,85284,119876,53.134455843991134,71768,71768,0.0,48348,48348,0.0,18560,18920
1789819166.5065138,15095696,37000,0.0,85284,119876,52.34505015274542,71768,71768,0.9693527806063966,48348,48348,0.0,18560,18920
1789819167.5430455,15095700,37923,0.0,85284,119876,51.13204416264616,71768,71768,0.9647555502386067,48348,48348,0.0,18560,18920
1789819168.5744438,15095708,37000,0.0,85284,119876,51.3862552988719,71768,71768,0.9695519867711679,48348,48348,0.0,18560,18920
1789819169.6069634,15095712,37000,0.0,85284,119876,52.29948653613134,71768,71768,0.9685090099283581,48348,48348,0.0,18560,18920
1789819170.6487646,15095712,37000,0.0,85364,119876,51.83334249232256,71768,71768,0.0,48348,48348,0.0,18560,18920
1789819171.6872835,15095464,37000,0.0,85364,119876,52.960115376014386,71768,71768,0.962911188654807,48348,48348,0.0,18560,18920
1789819172.7218494,15095476,37000,0.0,85364,119876,49.29585258053505,71768,71768,0.9665853447163735,48348,48348,0.0,18560,18920
1789819173.7541363,15095472,37000,0.0,85364,119876,52.31107379088622,71768,71768,0.9687235887201151,48348,48348,0.0,18560,18920
1789819174.7912142,15095476,37000,0.0,85364,119876,51.104994801048655,71768,71768,0.9642451849254463,48348,48348,0.0,18560,18920
1789819175.8246684,15095732,37000,0.9676328813852487,85444,119876,51.28454271341818,71768,71768,0.9676328813852487,48348,48348,0.0,18560,18920
1789819176.873635,15095736,37923,0.0,85444,119876,55.292283835290256,71768,71768,0.9533152385394871,48348,48348,0.0,18560,18920
1789819177.914781,15095736,37000,0.0,85444,119876,49.94511037173047,71768,71768,0.9604828917640476,48348,48348,0.0,18560,18920
1789819178.944086,15095744,37000,0.0,85444,119876,49.54813836848592,71768,71768,0.0,48348,48348,0.0,18560,18920
1789819179.975203,15095748,37000,0.0,85444,119876,59.16192765078475,71768,71768,0.9698676664063074,48348,48348,0.0,18560,18920
1789819181.0182903,15095756,37000,0.9586451267493199,85524,119876,51.76683684446327,71768,71768,0.9586451267493199,48348,48348,0.0,18560,18920
1789819182.0528402,15095752,37923,0.0,85524,119876,55.09661397147406,71768,71768,0.9666072626574397,48348,48348,0.0,18560,18920
1789819183.0852935,15095752,37000,0.0,85524,119876,52.3023844262841,71768,71768,0.9685626745608167,48348,48348,0.0,18560,18920
1789819184.114058,15095756,37000,0.0,85524,119876,48.60203734025131,71768,71768,0.9720407468050262,48348,48348,0.0,18560,18920
1789819185.1456656,15095756,37000,0.9693600234428393,85604,119876,51.376081242470484,71768,71768,0.0,48348,48348,0.0,18560,18920
1789819186.1714308,15095768,37000,0.0,85604,119876,53.61856674248685,71768,71768,0.974883031681579,48348,48348,0.974883031681579,18560,18920
1789819187.2202816,15095768,37000,0.0,85604,119876,46.7177947992693,71768,71768,0.9534243836585572,48348,48348,0.0,18560,18920
1789819188.243445,15095772,37000,0.0,85604,119876,50.822826844362794,71768,71768,0.9773620546992845,48348,48348,0.0,18560,18920
1789819189.2757492,15095780,37000,0.0,85604,119876,52.309935706465666,71768,71768,0.9687025130826975,48348,48348,0.0,18560,18920
1789819190.3227344,15095776,37000,0.9551280443604839,85684,119876,52.53204243982662,71768,71768,0.0,48348,48348,0.0,18560,18920
1789819191.359373,15095784,37000,0.0,85684,119876,51.12935167990251,71768,71768,0.9647047486774059,48348,48348,0.0,18560,18920
1789819192.38217,15095784,37923,0.0,85684,119876,54.74865783298223,71768,71768,0.9776546041603971,48348,48348,0.0,18560,18920
1789819193.4013934,15095788,37000,0.0,85684,119876,48.07605627392921,71768,71768,0.981144005590392,48348,48348,0.0,18560,18920
1789819194.4407344,15095796,37000,0.0,85684,119876,53.88006632256077,71768,71768,0.9621440414742994,48348,48348,0.0,18560,18920
1789819195.485214,15095800,37000,0.0,85764,119876,51.70061925000158,71768,71768,0.0,48348,48348,0.0,18560,18920
1789819196.5270886,15095804,37923,0.0,85764,119876,56.628733129136776,71768,71768,0.9598090360870639,48348,48348,0.0,18560,18920
1789819197.556098,15095552,37000,0.0,85764,119876,53.44951202193505,71768,71768,0.9718093094897281,48348,48348,0.0,18560,18920
1789819198.5927532,15095556,37000,0.0,85764,119876,51.12591767634771,71768,71768,0.964639956157504,48348,48348,0.0,18560,18920
1789819199.6322312,15095556,37000,0.0,85764,119876,54.835191154243965,71768,71768,0.0,48348,48348,0.0,18560,18920
1789819200.6666145,15095564,37000,0.0,86108,119876,55.10522294467689,71768,71768,0.9667582972750332,48348,48348,0.0,18560,18920
1789819201.703326,15095564,37000,0.0,86108,119876,49.193936847283304,71768,71768,0.964586997005555,48348,48348,0.0,18560,18920
1789819202.7367744,15095556,37000,0.0,86108,119876,56.123078196918705,71768,71768,0.967639279257219,48348,48348,0.0,18560,18920
1789819203.7764096,15095560,37000,0.0,86108,119876,50.017552217131794,71768,71768,0.9618760041756114,48348,48348,0.0,18560,18920
1789819204.8215477,15095560,37000,0.0,86108,119876,49.75378849791426,71768,71768,0.9568036249598896,48348,48348,0.0,18560,18920
1789819205.8585756,15095320,37000,1.9286002450278381,86188,119876,54.96510698329339,71768,71768,0.9643001225139191,48348,48348,0.0,18560,18920
1789819206.8735752,15095320,37000,0.0,86188,119876,51.23149761655385,71768,71768,0.985221108010651,48348,48348,0.0,18560,18920
1789819207.911193,15095328,37000,0.0,86188,119876,53.96986283923122,71768,71768,0.0,48348,48348,0.0,18560,18920
1789819208.9482071,15095088,37000,0.0,86188,119876,51.10795577664,71768,71768,0.964301052389434,48348,48348,0.0,18560,18920
1789819209.958497,15095100,37000,0.0,86188,119876,54.440119626755134,71768,71768,0.9898203568500933,48348,48348,0.0,18560,18920
1789819210.998917,15095104,37923,0.0,86268,119876,45.17378930548493,71768,71768,0.9611444533081901,48348,48348,0.0,18560,18920
1789819212.0106287,15095104,37000,0.0,86268,119876,51.398231662422695,71768,71768,0.9884275319696672,48348,48348,0.0,18560,18920
1789819213.0423985,15095112,37000,0.0,86268,119876,53.306667025300555,71768,71768,0.9692121277327373,48348,48348,0.0,18560,18920
1789819214.0822213,15095108,37923,0.0,86268,119876,50.9698741433849,71768,71768,0.0,48348,48348,0.0,18560,18920
1789819215.1208599,15095104,37000,0.9628007479390823,86268,119876,52.95404113664953,71768,71768,0.9628007479390823,48348,48348,0.0,18560,18920
1789819216.1540008,15095088,37000,0.0,86348,119876,57.107613144837636,71768,71768,0.9679256465226718,48348,48348,0.0,18560,18920
1789819217.1903899,15095092,37000,0.0,86348,119876,50.17426303111604,71768,71768,0.9648896736753084,48348,48348,0.0,18560,18920
1789819218.2329533,15095092,37000,0.0,86348,119876,56.591378950862634,71768,71768,0.0,48348,48348,0.0,18560,18920
1789819219.2619991,15095092,37000,0.0,86348,119876,50.53193564448547,71768,71768,0.9717679931631821,48348,48348,0.0,18560,18920
1789819220.2823424,15095100,37923,0.0,86428,119876,56.84370663599332,71768,71768,0.9800639075171262,48348,48348,0.0,18560,18920
1789819221.315938,15094848,37000,0.0,86428,119876,56.114732034058434,71768,71768,0.9674953798975593,48348,48348,0.0,18560,18920
1789819222.3526688,15094852,37000,0.0,86428,119876,54.980641157107165,71768,71768,0.964572651879073,48348,48348,0.0,18560,18920
1789819223.3870938,15094852,37000,0.0,86428,119876,56.069892087201104,71768,71768,0.9667222773655363,48348,48348,0.0,18560,18920
1789819224.3978605,15094856,37000,0.0,86428,119876,51.44600793359698,71768,71768,0.9893463064153266,48348,48348,0.0,18560,18920
1789819225.442067,15094856,37000,0.9576666640199669,86508,119876,53.62933318511815,71768,71768,0.9576666640199669,48348,48348,0.0,18560,18920
1789819226.4702384,15094868,37000,0.0,86508,119876,53.49311884844631,71768,71768,0.0,48348,48348,0.0,18560,18920
1789819227.5049264,15094876,37000,0.0,86508,119876,53.15571160940081,71768,71768,1.932934967614575,48348,48348,0.0,18560,18920
1789819228.5214007,15094872,37000,0.0,86508,119876,51.15731325486208,71768,71768,0.9837944856704246,48348,48348,0.0,18560,18920
1789819229.5484211,15094640,37000,0.0,86508,119876,52.57923672718087,71768,71768,0.9736895690218679,48348,48348,0.0,18560,18920
1789819230.579579,15094644,37923,0.9697850134807074,86588,119876,52.36839072795821,71768,71768,0.0,48348,48348,0.0,18560,18920
1789819231.615586,15094652,37000,0.0,86588,119876,55.019026206671334,71768,71768,0.9652460738012515,48348,48348,0.0,18560,18920
1789819232.641059,15094652,37000,0.0,86588,119876,57.534465299824525,71768,71768,0.9751604288105852,48348,48348,0.0,18560,18920
1789819233.6707036,15094652,37000,0.0,86588,119876,55.358829806487805,71768,71768,0.9712075404646984,48348,48348,0.0,18560,18920
1789819234.7293425,15094652,37000,0.0,86588,119876,57.621239305172104,71768,71768,0.9446104804126575,48348,48348,0.0,18560,18920
1789819235.7587104,15094656,37000,0.9714712884090109,86668,119876,52.45944957408659,71768,71768,0.9714712884090109,48348,48348,0.0,18560,18920
1789819236.7987945,15094664,37000,0.0,86668,119876,51.91853609796546,71768,71768,0.9614543721845455,48348,48348,0.0,18560,18920
1789819237.830679,15094668,37000,0.0,86668,119876,52.33170024896373,71768,71768,0.969105560165995,48348,48348,0.0,18560,18920
1789819238.8731284,15094676,37000,0.0,86668,119876,49.88229696466668,71768,71768,0.9592749416282054,48348,48348,0.0,18560,18920
1789819239.923165,15094680,37923,0.0,86668,119876,58.093350006041405,71768,71768,0.9523500000990395,48348,48348,0.0,18560,18920
1789819240.9669287,15094424,37000,0.9580736967184545,86748,119876,51.73597962279655,71768,71768,0.9580736967184545,48348,48348,0.0,18560,18920
1789819241.997647,15094428,37000,0.0,86748,119876,54.33068956319158,71768,71768,0.9701908850569924,48348,48348,0.0,18560,18920
1789819243.0119991,15094428,37000,0.0,86748,119876,55.20801115719538,71768,71768,0.0,48348,48348,0.0,18560,18920
1789819244.0718105,15094436,37000,0.0,86748,119876,57.55725134399747,71768,71768,0.9435614974425814,48348,48348,0.0,18560,18920
1789819245.1042192,15094440,37000,0.0,86748,119876,49.39917445280246,71768,71768,0.9686112637804404,48348,48348,0.0,18560,18920
1789819246.142689,15094444,37000,0.0,86828,119876,55.85145275391603,71768,71768,0.9629560819640695,48348,48348,0.0,18560,18920
1789819247.18297,15094444,37000,0.0,86828,119876,55.75406812875825,71768,71768,0.9612770367027285,48348,48348,0.0,18560,18920
1789819248.2252126,15094436,37000,0.0,86828,119876,56.6087994759644,71768,71768,0.0,48348,48348,0.0,18560,18920
1789819249.2593691,15094440,37000,0.0,86828,119876,56.08407452218087,71768,71768,0.9669668021065667,48348,48348,0.0,18560,18920
1789819250.2706437,15094440,37000,0.9888561264261126,86908,119876,51.42051857415786,71768,71768,0.9888561264261126,48348,48348,0.0,18560,18920
1789819251.312885,15094444,37000,0.0,86908,119876,59.487108330943265,71768,71768,0.9594694892087624,48348,48348,0.0,18560,18920
1789819252.36285,15094452,37000,0.0,86908,119876,52.38261116364723,71768,71768,0.0,48348,48348,0.0,18560,18920
1789819253.3799613,15094460,37000,0.0,86908,119876,52.10865324337774,71768,71768,0.9831821366675044,48348,48348,0.0,18560,18920
1789819254.4162662,15094456,37000,0.0,86908,119876,53.072875181279,71768,71768,0.9649613669323456,48348,48348,0.0,18560,18920
1789819255.4584215,15094456,37000,0.9595546514949068,86988,119876,53.73506048371478,71768,71768,0.0,48348,48348,0.0,18560,18920
1789819256.4935157,15094468,37000,0.0,86988,119876,56.99929614855209,71768,71768,0.9660897652296965,48348,48348,0.0,18560,18920
1789819257.5327969,15094472,37000,0.0,86988,119876,56.770162647091524,71768,71768,0.9622061465608733,48348,48348,0.0,18560,18920
1789819258.5740411,15094484,37000,0.0,86988,119876,48.01946321809199,71768,71768,0.9603892643618399,48348,48348,0.0,18560,18920
1789819259.5905337,15094484,37000,0.0,86988,119876,56.07527889365911,71768,71768,0.9837768226957739,48348,48348,0.0,18560,18920
1789819260.634838,15094472,37000,0.9575748071277831,87068,119876,46.921165549261374,71768,71768,0.9575748071277831,48348,48348,0.0,18560,18920
1789819261.675108,15094472,37000,0.0,87068,119876,49.987034612903074,71768,71768,0.0,48348,48348,0.0,18560,18920
1789819262.7143135,15094472,37000,0.0,87068,119876,56.77404803297665,71768,71768,0.9622720005589264,48348,48348,0.0,18560,18920
1789819263.7541664,15094484,37923,0.0,87068,119876,52.89208084754682,71768,71768,0.961674197228124,48348,48348,0.0,18560,18920
1789819264.784291,15094476,37000,0.0,87068,119876,53.39171687157329,71768,71768,0.9707584885740598,48348,48348,0.0,18560,18920
1789819265.821401,15094236,37000,0.0,87412,119876,54.96036363673599,71768,71768,0.0,48348,48348,0.0,18560,18920
1789819266.8629873,15094244,37000,0.0,87412,119876,53.764060210211696,71768,71768,0.9600725037537803,48348,48348,0.0,18560,18920
1789819267.8995736,15094248,37000,0.0,87412,119876,52.094173724903015,71768,71768,0.9647069208315373,48348,48348,0.0,18560,18920
1789819268.9119432,15094248,37000,0.0,87412,119876,55.315821613846374,71768,71768,1.9755650576373704,48348,48348,0.0,18560,18920
1789819269.9434834,15094256,37000,0.0,87412,119876,53.31808971086228,71768,71768,0.9694198129247688,48348,48348,0.0,18560,18920
1789819270.9536731,15094004,37000,0.9899135236296417,87492,119876,57.41498437051922,71768,71768,0.9899135236296417,48348,48348,0.0,18560,18920
1789819271.9846392,15094008,37000,0.0,87492,119876,59.16802000254029,71768,71768,0.0,48348,48348,0.0,18560,18920
1789819273.02458,15094004,37923,0.0,87492,119876,53.84894337675866,71768,71768,0.9615882745849761,48348,48348,0.0,18560,18920
1789819274.063858,15094008,37000,0.0,87492,119876,50.99695226528753,71768,71768,0.9622066465148591,48348,48348,0.0,18560,18920
1789819275.1025136,15094016,37000,0.9627870760277499,87492,119876,54.87886333358175,71768,71768,0.9627870760277499,48348,48348,0.0,18560,18920
1789819276.1378584,15094016,37000,0.0,87572,119876,50.2248790466496,71768,71768,0.0,48348,48348,0.0,18560,18920
1789819277.1847913,15094016,37000,0.0,87572,119876,52.534262769759295,71768,71768,0.9551684139956236,48348,48348,0.0,18560,18920
1789819278.220517,15094020,37000,0.0,87572,119876,55.999470221846714,71768,71768,0.9655081072732192,48348,48348,0.0,18560,18920
1789819279.2517016,15094024,37000,0.0,87572,119876,52.3666915824108,71768,71768,0.0,48348,48348,0.0,18560,18920
1789819280.2904937,15094024,37000,0.9626634967466562,87652,119876,50.058501830826124,71768,71768,0.9626634967466562,48348,48348,0.0,18560,18920
1789819281.330241,15093780,37000,0.0,87652,119876,50.01195396303394,71768,71768,0.9617683454429603,48348,48348,0.0,18560,18920
1789819282.363777,15093780,37923,0.0,87652,119876,55.150289138588946,71768,71768,0.0,48348,48348,0.0,18560,18920
1789819283.373459,15093796,37000,0.0,87652,119876,57.44414176224674,71768,71768,0.9904162372801161,48348,48348,0.0,18560,18920
1789819284.4073653,15093800,37000,0.0,87652,119876,58.032202918597605,71768,71768,0.9672033819766267,48348,48348,0.0,18560,18920
1789819285.4234438,15093808,37000,0.9841821419434675,87732,119876,53.14583566494725,71768,71768,0.9841821419434675,48348,48348,0.0,18560,18920
1789819286.457668,15093812,37000,0.0,87732,119876,56.080402860342524,71768,71768,0.9669034975921125,48348,48348,0.0,18560,18920
1789819287.4925814,15093804,37000,0.0,87732,119876,55.07720429234889,71768,71768,0.9662667419710331,48348,48348,0.0,18560,18920
1789819288.539729,15093804,37000,0.0,87732,119876,54.43365713773851,71768,71768,0.0,48348,48348,0.0,18560,18920
1789819289.5791411,15093816,37000,0.0,87732,119876,54.838532391004215,71768,71768,0.962079515631653,48348,48348,0.0,18560,18920
1789819290.6104703,15093808,37000,0.0,87812,119876,52.35945177085696,71768,71768,1.9392389544761837,48348,48348,0.0,18560,18920
1789819291.6411042,15093812,37000,0.0,87812,119876,53.36539567704821,71768,71768,0.9702799214008766,48348,48348,0.0,18560,18920
1789819292.691749,15093812,37000,0.0,87812,119876,54.25237919548065,71768,71768,0.9517961262365027,48348,48348,0.0,18560,18920
1789819293.748503,15093816,37000,0.0,87812,119876,54.88504499080156,71768,71768,0.0,48348,48348,0.0,18560,18920
1789819294.806639,15093828,37000,0.0,87812,119876,56.70362454869178,71768,71768,0.945060409144863,48348,48348,0.0,18560,18920
1789819295.8674157,15093568,37000,0.9427039828721625,87892,119876,55.619534989457584,71768,71768,0.9427039828721625,48348,48348,0.0,18560,18920
1789819296.9101655,15093568,37923,0.0,87892,119876,52.74512608064384,71768,71768,0.9590022923753425,48348,48348,0.0,18560,18920
1789819297.9468913,15093572,37000,0.0,87892,119876,52.08700906452587,71768,71768,0.0,48348,48348,0.0,18560,18920
1789819298.9867566,15093320,37000,0.0,87892,119876,58.66166530259517,71768,71768,0.9616666443048388,48348,48348,0.0,18560,18920
1789819300.0280924,15093320,37000,0.0,87892,119876,48.97528422235795,71768,71768,0.9602996906344696,48348,48348,0.0,18560,18920
1789819301.0578055,15093072,37923,0.9711488657386146,87972,119876,57.29778307857826,71768,71768,0.0,48348,48348,0.0,18560,18920
1789819302.0882936,15093076,37923,0.0,87972,119876,51.43172247137433,71768,71768,1.9408197159009182,48348,48348,0.0,18560,18920
1789819303.1029282,15093096,37000,0.0,87972,119876,51.25008315818471,71768,71768,0.9855785222727829,48348,48348,0.0,18560,18920
1789819304.1205559,15093092,37000,0.0,87972,119876,55.03022069079616,71768,71768,0.0,48348,48348,0.0,18560,18920
1789819305.1531076,15093092,37000,0.0,88052,119876,54.23432034954924,71768,71768,0.9684700062419507,48348,48348,0.0,18560,18920
1789819306.1657584,15093096,37000,0.0,88052,119876,54.31289210988927,71768,71768,0.987507129270714,48348,48348,0.987507129270714,18560,18920
1789819307.2215211,15093096,37000,0.0,88052,119876,53.042326660872455,71768,71768,0.9471844046584368,48348,48348,0.0,18560,18920
1789819308.236353,15092848,37000,0.0,88052,119876,53.210609487238806,71768,71768,0.985381657171089,48348,48348,0.0,18560,18920
1789819309.2749763,15092856,37000,0.0,88052,119876,59.694810282436556,71768,71768,0.9628195206844606,48348,48348,0.0,18560,18920
1789819310.308804,15092856,37000,0.0,88132,119876,47.396497480282704,71768,71768,0.0,48348,48348,0.0,18560,18920
1789819311.3223138,15092856,37000,0.0,88132,119876,57.22689797168277,71768,71768,0.9866706546841857,48348,48348,0.0,18560,18920
1789819312.3427167,15092860,37923,0.0,88132,119876,53.89997994165986,71768,71768,0.9799996353029065,48348,48348,0.0,18560,18920
1789819313.3777351,15092860,37923,0.0,88132,119876,51.207001784952844,71768,71768,0.9661698449991102,48348,48348,0.0,18560,18920
1789819314.4181786,15092868,37000,0.0,88132,119876,55.745393770848466,71768,71768,0.9611274788077322,48348,48348,0.0,18560,18920
1789819315.4588628,15092868,37923,0.9609076339922217,88212,119876,54.77173513755663,71768,71768,0.9609076339922217,48348,48348,0.0,18560,18920
1789819316.503669,15092888,37923,0.0,88212,119876,56.469685170725235,71768,71768,0.0,48348,48348,0.0,18560,18920
1789819317.5329866,15092888,37923,0.0,88212,119876,53.433639557380765,71768,71768,0.9715207192251049,48348,48348,0.0,18560,18920
1789819318.5588253,15092872,37000,0.0,88212,119876,48.740595790836196,71768,71768,0.9748119158167239,48348,48348,0.0,18560,18920
1789819319.5922794,15092884,37000,0.0,88212,119876,52.25185746740729,71768,71768,0.9676269901371721,48348,48348,0.0,18560,18920
1789819320.6282184,15092884,37000,0.9653085790785051,88292,119876,50.196046112082264,71768,71768,0.0,48348,48348,0.0,18560,18920
1789819321.669223,15092892,37000,0.0,88292,119876,51.873005756119426,71768,71768,0.9606112177059153,48348,48348,0.0,18560,18920
1789819322.7051458,15092892,37000,0.0,88292,119876,52.12730901316823,71768,71768,0.9653205372808931,48348,48348,0.0,18560,18920
1789819323.717358,15092880,37923,0.0,88292,119876,51.37269866215098,71768,71768,0.9879365127336728,48348,48348,0.0,18560,18920
1789819324.7767549,15092900,37000,0.0,88292,119876,56.63601197839605,71768,71768,0.9439335329732674,48348,48348,0.0,18560,18920
1789819325.804616,15092648,37923,0.9728910003327886,88372,119876,49.61744101697222,71768,71768,0.0,48348,48348,0.0,18560,18920
1789819326.837477,15092648,37923,0.0,88372,119876,58.091385681084446,71768,71768,0.9681897613514074,48348,48348,0.0,18560,18920
1789819327.8664682,15092660,37923,0.0,88372,119876,53.450226244068176,71768,71768,0.9718222953466942,48348,48348,0.0,18560,18920
1789819328.900941,15092680,37923,0.0,88372,119876,56.066987823974266,71768,71768,0.9666722038616252,48348,48348,0.0,18560,18920
1789819329.9333284,15092672,37923,0.0,88372,119876,47.46297671327279,71768,71768,0.0,48348,48348,0.0,18560,18920
1789819330.9826536,15092424,37000,0.9529944230269982,88716,119876,52.4146932664849,71768,71768,0.9529944230269982,48348,48348,0.0,18560,18920
1789819332.0133088,15092420,37000,0.0,88716,119876,49.48316771834707,71768,71768,0.970258190555825,48348,48348,0.0,18560,18920
1789819333.0374212,15092420,37923,0.0,88716,119876,49.799129255784166,71768,71768,0.9764535148192973,48348,48348,0.0,18560,18920
1789819334.0747917,15092432,37923,0.0,88716,119876,53.982760908000834,71768,71768,0.0,48348,48348,0.0,18560,18920
1789819335.1113088,15092428,37000,0.0,88716,119876,55.95653942025786,71768,71768,0.9647679210389286,48348,48348,0.0,18560,18920
1789819336.1495733,15092444,37923,0.0,88796,119876,52.00970764274518,71768,71768,0.9631427341249107,48348,48348,0.0,18560,18920
1789819337.1789975,15092444,37923,0.0,88796,119876,53.42817426183705,71768,71768,0.971421350215219,48348,48348,0.0,18560,18920
1789819338.203473,15092456,37923,0.0,88796,119876,52.709723064039814,71768,71768,0.976105982667404,48348,48348,0.0,18560,18920
1789819339.2380376,15092440,37000,0.0,88796,119876,52.1959975482577,71768,71768,0.9665925471899574,48348,48348,0.0,18560,18920
1789819340.2929742,15092452,37000,0.9479204971345842,88876,119876,51.18770684526754,71768,71768,0.9479204971345842,48348,48348,0.0,18560,18920
1789819341.3195345,15092456,37000,0.0,88876,119876,56.49962191718853,71768,71768,0.9741314123653194,48348,48348,0.0,18560,18920
1789819342.356919,15092464,37000,0.0,88876,119876,54.94579640081557,71768,71768,0.9639613403651854,48348,48348,0.0,18560,18920
1789819343.400747,15092464,37923,0.0,88876,119876,53.64857619911471,71768,71768,0.9580102892699055,48348,48348,0.0,18560,18920
1789819344.4330058,15092468,37923,0.0,88876,119876,53.281175854260496,71768,71768,0.9687486518956454,48348,48348,0.0,18560,18920
1789819345.467442,15092460,37000,0.0,88956,119876,51.235750275667016,71768,71768,0.0,48348,48348,0.0,18560,18920
1789819346.5025942,15092464,37923,0.0,88956,119876,49.26792647968462,71768,71768,0.9660377741114631,48348,48348,0.0,18560,18920
1789819347.512707,15092468,37923,0.0,88956,119876,57.41934446745378,71768,71768,0.9899886977147204,48348,48348,0.0,18560,18920
1789819348.5476289,15092464,37000,0.0,88956,119876,58.941587820708286,71768,71768,0.9662555380443981,48348,48348,0.0,18560,18920
1789819349.5846205,15092464,37923,0.0,88956,119876,56.895394303541266,71768,71768,0.9643287170091741,48348,48348,0.0,18560,18920
1789819350.6096509,15093528,37923,6.829102835181669,87344,119876,46.82813372696002,71768,71768,0.0,48348,48348,0.0,18560,18920
1789819351.644466,15093616,37923,0.0,87344,119876,56.0487469481255,71768,71768,1.9327154120043275,48348,48348,0.0,18560,18920
1789819352.6635654,15092852,37000,0.0,87344,119876,50.04409517696009,71768,71768,0.0,48348,48348,0.0,18560,18920
1789819353.6987758,15092868,37923,0.0,87344,119876,52.16317377997227,71768,71768,0.965984699629116,48348,48348,0.0,18560,18920
1789819354.7396188,15092852,37923,0.0,87344,119876,54.7634624918908,71768,71768,0.9607624998577333,48348,48348,0.0,18560,18920
1789819355.7664168,15094260,37923,2.9216995449121126,85796,119876,48.69499241520188,71768,71768,0.9738998483040375,48348,48348,0.0,18560,18920
1789819356.8108373,15094264,37000,0.0,85796,119876,56.49060269250769,71768,71768,0.9574678422458931,48348,48348,0.0,18560,18920
1789819357.844717,15094268,37000,0.0,85796,119876,57.06678184432177,71768,71768,0.9672335905817249,48348,48348,0.0,18560,18920
1789819358.8758724,15094260,37923,0.0,85796,119876,53.33804430456717,71768,71768,0.9697826237194032,48348,48348,0.0,18560,18920
1789819359.891389,15094260,37000,0.0,85796,119876,52.190276523327164,71768,71768,0.9847221985533428,48348,48348,0.0,18560,18920
1789819360.9327753,15095936,37000,8.642321676059268,84120,119876,52.81418802036219,71768,71768,0.0,48348,48348,0.0,18560,18920
1789819361.9451275,15095936,37000,0.0,84120,119876,54.32899384315746,71768,71768,0.9877998880574084,48348,48348,0.0,18560,18920
1789819362.9994023,15095948,37000,0.0,84120,119876,52.1684240344923,71768,71768,0.9485168006271327,48348,48348,0.0,18560,18920
1789819364.0145836,15095940,37923,0.0,84120,119876,53.192508832389784,71768,71768,0.98504645985907,48348,48348,0.0,18560,18920
1789819365.045656,15098340,37923,3.879468001724345,82268,119876,51.402951022847574,71768,71768,0.0,48348,48348,0.0,18560,18920
1789819366.0594769,15097604,37000,0.986365833977658,82512,119876,50.30465753286056,71768,71768,0.986365833977658,48348,48348,0.0,18560,18920
1789819367.0981646,15097344,37000,0.0,82512,119876,51.02580723203096,71768,71768,0.9627510798496407,48348,48348,0.0,18560,18920
1789819368.134884,15097348,37000,0.0,82512,119876,53.0520311180942,71768,71768,0.964582383965349,48348,48348,0.0,18560,18920
1789819369.1722884,15097348,37000,0.0,82512,119876,48.19718622532565,71768,71768,0.963943724506513,48348,48348,0.0,18560,18920
1789819370.201838,15097352,37000,0.9712981390204638,82592,119876,54.392695785145975,71768,71768,0.9712981390204638,48348,48348,0.0,18560,18920
1789819371.2181346,15097360,37923,0.0,82592,119876,53.13391929401145,71768,71768,0.9839614684076194,48348,48348,0.0,18560,18920
1789819372.2496717,15097364,37923,0.0,82592,119876,53.31860230185269,71768,71768,0.0,48348,48348,0.0,18560,18920
1789819373.2845745,15097368,37000,0.0,82592,119876,54.11127087312081,71768,71768,0.9662726941628715,48348,48348,0.0,18560,18920
1789819374.3130429,15097368,37000,0.0,82592,119876,56.3944728189426,71768,71768,0.9723184968783207,48348,48348,0.0,18560,18920
1789819375.346049,15097368,37000,0.9680546402413107,82672,119876,51.306895932789466,71768,71768,0.0,48348,48348,0.0,18560,18920
1789819376.3873034,15097128,37000,0.0,82672,119876,52.82092127668225,71768,71768,0.9603803868487681,48348,48348,0.0,18560,18920
1789819377.4460113,15097128,37000,0.0,82672,119876,50.060905467186025,71768,71768,0.9445453861733213,48348,48348,0.0,18560,18920
1789819378.4633884,15097132,37000,0.0,82672,119876,52.09506526900092,71768,71768,0.9829257597924701,48348,48348,0.0,18560,18920
1789819379.5064752,15097132,37000,0.0,82672,119876,52.72763654099505,71768,71768,0.9586843007453646,48348,48348,0.0,18560,18920
1789819380.516074,15097136,37000,0.9904965157666833,82752,119876,50.51532230410085,71768,71768,0.9904965157666833,48348,48348,0.0,18560,18920
1789819381.5608456,15097144,37000,0.0,82752,119876,53.600337441676366,71768,71768,0.0,48348,48348,0.0,18560,18920
1789819382.6032388,15097144,37000,0.0,82752,119876,60.43775399062812,71768,71768,0.9593294284226686,48348,48348,0.0,18560,18920
1789819383.6428912,15097148,37923,0.0,82752,119876,55.78786917446283,71768,71768,0.9618598133528073,48348,48348,0.0,18560,18920
1789819384.6729784,15097148,37923,0.0,82752,119876,53.39366924098974,71768,71768,0.9707939861998135,48348,48348,0.0,18560,18920
1789819385.7084012,15097152,37923,0.9657880049086308,82832,119876,53.118340269974695,71768,71768,0.0,48348,48348,0.0,18560,18920
1789819386.7193894,15097156,37923,0.0,82832,119876,49.45633677671912,71768,71768,0.9891267355343824,48348,48348,0.0,18560,18920
1789819387.751103,15097160,37000,0.0,82832,119876,52.340014610843596,71768,71768,0.9692595298304371,48348,48348,0.0,18560,18920
1789819388.7606137,15097160,37000,0.0,82832,119876,49.5291940547533,71768,71768,0.9905838810950659,48348,48348,0.0,18560,18920
1789819389.793534,15097160,37000,0.0,82832,119876,54.21502012338961,71768,71768,0.0,48348,48348,0.0,18560,18920
1789819390.8040192,15096912,37923,0.9896284053409713,82912,119876,49.48142026704856,71768,71768,0.9896284053409713,48348,48348,0.0,18560,18920
1789819391.8675275,15096916,37923,0.0,82912,119876,53.59614037154221,71768,71768,0.9402831644130213,48348,48348,0.0,18560,18920
1789819392.909027,15097172,37000,0.0,82912,119876,54.72892733008275,71768,71768,1.9203132396520262,48348,48348,0.0,18560,18920
1789819393.9493206,15097180,37000,0.0,82912,119876,51.90820322638853,71768,71768,0.9612630227108987,48348,48348,0.0,18560,18920
1789819395.0042374,15096932,37923,0.0,82912,119876,56.87661133334679,71768,71768,0.0,48348,48348,0.0,18560,18920
1789819396.033545,15096936,37000,0.0,82992,119876,55.37696349893192,71768,71768,0.9715256754198582,48348,48348,0.0,18560,18920
1789819397.0861924,15096944,37000,0.0,82992,119876,53.1990521365417,71768,71768,0.9499830738668161,48348,48348,0.0,18560,18920
1789819398.0963626,15096944,37000,0.0,82992,119876,53.45640846437203,71768,71768,0.9899334900809635,48348,48348,0.0,18560,18920
1789819399.1155105,15096948,37923,0.0,82992,119876,56.910374953072015,71768,71768,0.9812133612598624,48348,48348,0.0,18560,18920
1789819400.1724443,15096948,37000,0.9461296628467482,83072,119876,48.25261280518416,71768,71768,0.0,48348,48348,0.0,18560,18920
1789819401.2108157,15096948,37000,0.0,83072,119876,50.07877974701642,71768,71768,0.9630534566733927,48348,48348,0.0,18560,18920
1789819402.257382,15096960,37923,0.0,83072,119876,53.5081861610247,71768,71768,0.9555033243040125,48348,48348,0.0,18560,18920
1789819403.2956684,15096960,37923,0.0,83072,119876,52.00858268361053,71768,71768,0.9631219015483431,48348,48348,0.0,18560,18920
1789819404.3276248,15096964,37000,0.0,83072,119876,53.297056862787265,71768,71768,0.969037397505223,48348,48348,0.0,18560,18920
1789819405.346394,15096964,37000,0.981577667876832,83416,119876,55.94992706897942,71768,71768,0.981577667876832,48348,48348,0.0,18560,18920
1789819406.389562,15096976,37000,0.0,83416,119876,54.6412772016275,71768,71768,0.0,48348,48348,0.0,18560,18920
1789819407.4300532,15096980,37000,0.0,83416,119876,50.93734317453777,71768,71768,0.961081946689392,48348,48348,0.0,18560,18920
1789819408.4701989,15096980,37000,0.0,83416,119876,54.80008921686867,71768,71768,0.9614050739801522,48348,48348,0.0,18560,18920
1789819409.5163832,15096984,37000,0.0,83416,119876,49.70434674079921,71768,71768,0.9558528219384463,48348,48348,0.0,18560,18920
1789819410.5588982,15096984,37000,0.0,83496,119876,57.553151697687056,71768,71768,0.9592191949614509,48348,48348,0.0,18560,18920
1789819411.5891888,15096988,37000,0.0,83496,119876,52.41235126174423,71768,71768,0.0,48348,48348,0.0,18560,18920
1789819412.6330078,15097000,37923,0.0,83496,119876,55.564987126670744,71768,71768,0.9580170194253577,48348,48348,0.0,18560,18920
1789819413.6744032,15097004,37000,0.0,83496,119876,54.734552787853886,71768,71768,0.960255312067612,48348,48348,0.0,18560,18920
1789819414.7136204,15097004,37923,0.0,83496,119876,47.15062853146305,71768,71768,0.9622577251318989,48348,48348,0.0,18560,18920
1789819415.7563016,15096528,37000,0.9590700467058667,83576,119876,51.7897825221168,71768,71768,0.9590700467058667,48348,48348,0.0,18560,18920
1789819416.7901478,15096524,37000,0.0,83576,119876,54.16685155537881,71768,71768,0.9672652063460503,48348,48348,0.0,18560,18920
1789819417.8370593,15096524,37000,0.0,83576,119876,50.62489909229421,71768,71768,0.0,48348,48348,0.0,18560,18920
1789819418.854745,15096524,37923,0.0,83576,119876,56.00930731616272,71768,71768,0.982619426599346,48348,48348,0.0,18560,18920
1789819419.8977041,15096528,37000,0.0,83576,119876,55.61090454552089,71768,71768,0.958808699060705,48348,48348,0.0,18560,18920
1789819420.9153597,15096540,37000,0.9826558375321791,83656,119876,52.0807593892055,71768,71768,0.9826558375321791,48348,48348,0.0,18560,18920
1789819421.9412653,15096540,37000,0.0,83656,119876,50.68673211427875,71768,71768,0.0,48348,48348,0.0,18560,18920
1789819422.9733171,15096552,37000,0.0,83656,119876,51.354335279158605,71768,71768,1.9378994444965512,48348,48348,0.0,18560,18920
1789819424.043728,15096552,37000,0.0,83656,119876,52.31623311673632,71768,71768,0.9342184485131486,48348,48348,0.0,18560,18920
1789819425.05505,15096300,37923,0.0,83656,119876,51.417569588589515,71768,71768,0.988799415165183,48348,48348,0.0,18560,18920
1789819426.0778384,15096052,37923,0.0,83736,119876,56.70785942196543,71768,71768,0.0,48348,48348,0.0,18560,18920
1789819427.106285,15096048,37000,0.0,83736,119876,45.700191319677224,71768,71768,0.9723444961633452,48348,48348,1.9446889923266903,18560,18920
1789819428.1428795,15096052,37923,0.0,83736,119876,53.05843486824899,71768,71768,0.9646988157863452,48348,48348,0.0,18560,18920
1789819429.1786718,15096052,37000,0.0,83736,119876,54.06476738434239,71768,71768,0.9654422747203998,48348,48348,0.0,18560,18920
1789819430.2105258,15096056,37923,0.9691327967337203,83816,119876,46.518374243218574,71768,71768,0.9691327967337203,48348,48348,0.0,18560,18920
1789819431.2515082,15096056,37000,0.0,83816,119876,51.87358503388078,71768,71768,0.0,48348,48348,0.0,18560,18920
1789819432.286964,15096056,37000,0.0,83816,119876,51.18523387977805,71768,71768,0.0,48348,48348,0.0,18560,18920
1789819433.317682,15096076,37000,0.0,83816,119876,51.42058665137709,71768,71768,0.9701997481391905,48348,48348,0.0,18560,18920
1789819434.36653,15096076,37000,0.0,83816,119876,48.62480972110307,71768,71768,0.9534276415902563,48348,48348,0.0,18560,18920
1789819435.4213302,15096076,37923,0.9480487083723695,83896,119876,52.142678960480325,71768,71768,0.9480487083723695,48348,48348,0.0,18560,18920
1789819436.4705071,15095828,37923,0.0,83896,119876,53.37487036911791,71768,71768,0.9531226851628198,48348,48348,0.0,18560,18920
1789819437.5093656,15095828,37000,0.0,83896,119876,49.11888582665944,71768,71768,0.9631154083658713,48348,48348,0.0,18560,18920
1789819438.5485816,15095836,37923,0.0,83896,119876,50.97270712079681,71768,71768,0.9617491909584305,48348,48348,0.0,18560,18920
1789819439.5849693,15095844,37000,0.0,83896,119876,53.06884034294714,71768,71768,0.9648880062354026,48348,48348,0.0,18560,18920
1789819440.6249146,15095848,37000,0.9615924346125222,83976,119876,50.002806599851155,71768,71768,0.9615924346125222,48348,48348,0.0,18560,18920
1789819441.6686764,15095848,37923,0.0,83976,119876,53.65202636996447,71768,71768,0.0,48348,48348,0.0,18560,18920
1789819442.7096584,15095848,37000,0.0,83976,119876,50.91346435297422,71768,71768,0.9606314028863062,48348,48348,0.0,18560,18920
1789819443.7398496,15095860,37000,0.0,83976,119876,46.5933581653139,71768,71768,0.970694961777373,48348,48348,0.0,18560,18920
1789819444.775745,15095860,37000,0.0,83976,119876,48.26716453231414,71768,71768,0.9653432906462828,48348,48348,0.0,18560,18920
1789819445.805732,15095864,37000,0.9708900851070078,84056,119876,55.34073485109944,71768,71768,0.9708900851070078,48348,48348,0.0,18560,18920
1789819446.8360827,15095864,37000,0.0,84056,119876,49.497625355795115,71768,71768,0.9705416736430414,48348,48348,0.0,18560,18920
1789819447.8540955,15095884,37923,0.0,84056,119876,48.13284662525553,71768,71768,0.9823029923521538,48348,48348,0.0,18560,18920
1789819448.8695936,15095884,37923,0.0,84056,119876,50.221714096650814,71768,71768,0.0,48348,48348,0.0,18560,18920
1789819449.906968,15095888,37923,0.0,84056,119876,51.090595417959705,71768,71768,0.9639734984520699,48348,48348,0.0,18560,18920
1789819450.9414263,15095888,37000,0.9666917100722624,84136,119876,50.26796892375765,71768,71768,0.9666917100722624,48348,48348,0.0,18560,18920
1789819451.9842675,15095888,37000,0.0,84136,119876,52.740466510772016,71768,71768,0.0,48348,48348,0.0,18560,18920
1789819453.0253613,15095888,37923,0.0,84136,119876,49.94723919438462,71768,71768,0.9605238306612427,48348,48348,0.0,18560,18920
1789819454.054435,15095884,37000,0.0,84136,119876,49.55945131518832,71768,71768,0.9717539473566337,48348,48348,0.0,18560,18920
1789819455.0906022,15095888,37000,0.0,84136,119876,50.18466988603037,71768,71768,0.965089805500584,48348,48348,0.0,18560,18920
1789819456.124373,15095888,37000,0.0,84216,119876,48.366893813427,71768,71768,0.9673378762685401,48348,48348,0.0,18560,18920
1789819457.1619732,15095888,37923,0.0,84216,119876,48.18798516977645,71768,71768,0.9637597033955289,48348,48348,0.0,18560,18920
1789819458.192873,15095892,37000,0.0,84216,119876,55.291622450838275,71768,71768,0.9700284640497944,48348,48348,0.0,18560,18920
1789819459.236487,15095896,37923,0.0,84216,119876,50.78503195771949,71768,71768,0.0,48348,48348,0.0,18560,18920
1789819460.2679682,15095896,37923,0.9694792187890405,84296,119876,49.44344015824107,71768,71768,0.9694792187890405,48348,48348,0.0,18560,18920
1789819461.318016,15095900,37923,0.0,84296,119876,50.473863054249996,71768,71768,0.9523370387594339,48348,48348,0.0,18560,18920
1789819462.3538897,15095904,37000,0.0,84296,119876,55.02590658780513,71768,71768,0.9653667822421953,48348,48348,0.0,18560,18920
1789819463.3928502,15095904,37923,0.0,84296,119876,51.97522076344721,71768,71768,0.9625040882119854,48348,48348,0.0,18560,18920
1789819464.442593,15095908,37000,0.0,84296,119876,52.393747283318845,71768,71768,0.9526135869694334,48348,48348,0.0,18560,18920
1789819465.487451,15095928,37000,0.9570644145441025,84376,119876,49.76734955629333,71768,71768,0.9570644145441025,48348,48348,0.0,18560,18920
1789819466.5043128,15095676,37000,0.0,84376,119876,57.03861415834371,71768,71768,0.0,48348,48348,0.0,18560,18920
1789819467.5371127,15095680,37923,0.0,84376,119876,51.31652705066108,71768,71768,0.9682363594464355,48348,48348,0.0,18560,18920
1789819468.5476499,15095428,37000,0.0,84376,119876,57.404476375532155,71768,71768,0.9897323513022785,48348,48348,0.0,18560,18920
1789819469.594361,15095436,37000,0.0,84376,119876,51.5823153688465,71768,71768,0.9552280623860464,48348,48348,0.0,18560,18920
1789819470.6288571,15095440,37000,0.9666555783214439,84720,119876,44.46615660278642,71768,71768,0.9666555783214439,48348,48348,0.0,18560,18920
1789819471.6734743,15095192,37000,0.0,84720,119876,54.5654204766529,71768,71768,0.9572880785377702,48348,48348,0.0,18560,18920
1789819472.7037072,15095196,37000,0.0,84720,119876,53.386024783279254,71768,71768,0.9706549960596227,48348,48348,0.0,18560,18920
1789819473.722211,15095196,37923,0.0,84720,119876,51.0551207362306,71768,71768,0.0,48348,48348,0.0,18560,18920
1789819474.7552826,15095204,37000,0.0,84720,119876,54.207104517267545,71768,71768,1.935968018473841,48348,48348,0.0,18560,18920
1789819475.7715383,15095204,37000,0.9840088311564837,84800,119876,51.16845922013715,71768,71768,0.9840088311564837,48348,48348,0.0,18560,18920
1789819476.800908,15095216,37923,0.0,84800,119876,54.402138840310194,71768,71768,0.9714667650055392,48348,48348,0.0,18560,18920
1789819477.8430731,15095216,37000,0.0,84800,119876,50.85565639812466,71768,71768,0.959540686757069,48348,48348,0.0,18560,18920
1789819478.8825085,15095224,37000,0.0,84800,119876,50.02712205991211,71768,71768,0.9620600396136944,48348,48348,0.0,18560,18920
1789819479.915854,15095224,37923,0.0,84800,119876,52.25750399539422,71768,71768,0.0,48348,48348,0.0,18560,18920
1789819480.9497235,15094972,37923,0.0,84880,119876,48.3617984366142,71768,71768,0.9672359687322841,48348,48348,0.0,18560,18920
1789819481.9591334,15094980,37923,0.0,84880,119876,51.51551374786094,71768,71768,0.9906829566896336,48348,48348,0.0,18560,18920
1789819482.972707,15094980,37923,0.0,84880,119876,56.236720087051154,71768,71768,0.9866091243342309,48348,48348,0.0,18560,18920
1789819483.988955,15094984,37923,0.0,84880,119876,53.136618475380864,71768,71768,0.0,48348,48348,0.0,18560,18920
1789819485.029603,15094992,37000,0.9609358355763677,84880,119876,49.00772761439475,71768,71768,0.9609358355763677,48348,48348,0.0,18560,18920
1789819486.07013,15094996,37000,0.0,84960,119876,49.974602234401054,71768,71768,0.9610500429692511,48348,48348,0.0,18560,18920
1789819487.097863,15094996,37000,0.0,84960,119876,51.570021274762205,71768,71768,0.973019269335136,48348,48348,0.0,18560,18920
1789819488.1280777,15094996,37000,0.0,84960,119876,50.47503967208659,71768,71768,0.0,48348,48348,0.0,18560,18920
1789819489.1608517,15095008,37000,0.0,84960,119876,52.28632865009671,71768,71768,0.9682653453721614,48348,48348,0.0,18560,18920
1789819490.2044394,15095008,37923,0.9582288478202096,85040,119876,56.53550202139237,71768,71768,0.9582288478202096,48348,48348,0.0,18560,18920
1789819491.2256517,15095008,37923,0.0,85040,119876,55.81596882059549,71768,71768,0.9792275231683419,48348,48348,0.0,18560,18920
1789819492.2558136,15095012,37000,0.0,85040,119876,46.594811158130675,71768,71768,0.9707252324610557,48348,48348,0.0,18560,18920
1789819493.2878273,15095020,37000,0.0,85040,119876,51.35566016720412,71768,71768,0.0,48348,48348,0.0,18560,18920
1789819494.2987437,15094768,37923,0.0,85040,119876,53.416839443180415,71768,71768,0.9892007304292669,48348,48348,0.0,18560,18920
1789819495.3095038,15094772,37923,0.0,85120,119876,50.45734388088893,71768,71768,0.9893596839389986,48348,48348,0.0,18560,18920
1789819496.352003,15094776,37000,0.0,85120,119876,53.7171122232271,71768,71768,0.0,48348,48348,0.0,18560,18920
1789819497.3831277,15094776,37000,0.0,85120,119876,53.3395379435638,71768,71768,0.969809780792069,48348,48348,0.0,18560,18920
1789819498.4200604,15094780,37923,0.0,85120,119876,54.00562617689086,71768,71768,1.9287723634603877,48348,48348,0.0,18560,18920
1789819499.4488614,15094780,37000,0.0,85120,119876,50.54429685556244,71768,71768,0.0,48348,48348,0.0,18560,18920
1789819500.4867918,15094788,37000,0.9634559547395709,85200,119876,52.02662155593683,71768,71768,0.9634559547395709,48348,48348,0.0,18560,18920
1789819501.5045688,15094788,37923,0.0,85200,119876,53.056796072022884,71768,71768,0.9825332605930164,48348,48348,0.0,18560,18920
1789819502.5154362,15094788,37000,0.0,85200,119876,48.47315334285412,71768,71768,0.989248027405186,48348,48348,0.0,18560,18920
1789819503.530681,15094792,37000,0.0,85200,119876,56.14414792891987,71768,71768,0.9849850513845592,48348,48348,0.0,18560,18920
1789819504.5739028,15094800,37923,0.0,85200,119876,47.928572990899255,71768,71768,0.9585714598179851,48348,48348,0.0,18560,18920
1789819505.6102242,15094816,37000,0.9649501550801816,85280,119876,51.14235821924962,71768,71768,0.0,48348,48348,0.0,18560,18920
1789819506.6410716,15094564,37923,0.0,85280,119876,55.29434228016043,71768,71768,0.9700761803536917,48348,48348,0.0,18560,18920
1789819507.684121,15094568,37000,0.0,85280,119876,53.68866279996338,71768,71768,0.9587261214279176,48348,48348,0.0,18560,18920
1789819508.7126515,15094560,37923,0.0,85280,119876,58.3354442419141,71768,71768,0.9722574040319016,48348,48348,0.0,18560,18920
1789819509.7244074,15094560,37923,0.0,85280,119876,46.45408510991604,71768,71768,0.9883847895726817,48348,48348,0.0,18560,18920
1789819510.7595668,15094564,37923,0.9660308925301849,85360,119876,55.06376087422054,71768,71768,0.0,48348,48348,0.0,18560,18920
1789819511.7994688,15094564,37923,0.0,85360,119876,49.04319684774166,71768,71768,0.9616313107400326,48348,48348,0.0,18560,18920
1789819512.8511217,15094568,37000,0.0,85360,119876,55.15124295562993,71768,71768,0.9508834992349989,48348,48348,0.0,18560,18920
1789819513.8877,15094568,37000,0.0,85360,119876,54.02403483776215,71768,71768,0.9647149078171813,48348,48348,0.0,18560,18920
1789819514.9303503,15094568,37923,0.0,85360,119876,50.83198615541996,71768,71768,0.0,48348,48348,0.0,18560,18920
1789819515.9641976,15094832,37923,0.0,85440,119876,47.395676081245924,71768,71768,0.967258695535631,48348,48348,0.0,18560,18920
1789819516.9954207,15094832,37000,0.0,85440,119876,49.45608407228399,71768,71768,0.9697271386722351,48348,48348,0.0,18560,18920
1789819518.033893,15094832,37000,0.0,85440,119876,55.851138988612846,71768,71768,0.9629506722174628,48348,48348,0.0,18560,18920
1789819519.0869575,15094836,37000,0.0,85440,119876,48.430118341896225,71768,71768,0.9496101635665927,48348,48348,0.0,18560,18920
1789819520.1281083,15094840,37923,0.9604762800556528,85440,119876,50.9052428429496,71768,71768,0.0,48348,48348,0.0,18560,18920
1789819521.163682,15094848,37923,0.0,85520,119876,54.076205202295114,71768,71768,0.9656465214695555,48348,48348,0.0,18560,18920
1789819522.2264214,15094848,37923,0.0,85520,119876,50.8121912870145,71768,71768,1.8819330106301668,48348,48348,0.0,18560,18920
1789819523.2586508,15094852,37000,0.0,85520,119876,50.37630245409939,71768,71768,0.0,48348,48348,0.0,18560,18920
1789819524.289782,15094852,37923,0.0,85520,119876,51.39991838197966,71768,71768,0.969809780792069,48348,48348,0.0,18560,18920
1789819525.326278,15094864,37923,0.9647877786471244,85600,119876,52.09854004694471,71768,71768,0.9647877786471244,48348,48348,0.0,18560,18920
1789819526.3602657,15094864,37000,0.0,85600,119876,52.22494372637129,71768,71768,0.9671285875253942,48348,48348,0.0,18560,18920
1789819527.413062,15094864,37923,0.0,85600,119876,50.34216845261605,71768,71768,0.0,48348,48348,0.0,18560,18920
1789819528.4519844,15094868,37000,0.0,85600,119876,51.9770384348413,71768,71768,0.9625377487933574,48348,48348,0.0,18560,18920
1789819529.484682,15094868,37923,0.0,85600,119876,51.321469348616674,71768,71768,0.968329610351258,48348,48348,0.0,18560,18920
1789819530.503734,15094872,37923,0.9813055560742721,85680,119876,48.08397224763933,71768,71768,0.9813055560742721,48348,48348,0.0,18560,18920
1789819531.5154464,15094872,37923,0.0,85680,119876,49.42109161243226,71768,71768,0.0,48348,48348,0.0,18560,18920
1789819532.524869,15094376,37923,0.0,85680,119876,52.50566785310772,71768,71768,0.9906729783605229,48348,48348,0.0,18560,18920
1789819533.5565314,15094376,37923,0.0,85680,119876,57.18920161017871,71768,71768,0.9693085018674359,48348,48348,0.0,18560,18920
1789819534.5944376,15094376,37000,0.0,85680,119876,49.137407598998855,71768,71768,0.0,48348,48348,0.0,18560,18920
1789819535.6287537,15094380,37923,0.9668227128836699,86024,119876,52.20842649571817,71768,71768,0.9668227128836699,48348,48348,0.0,18560,18920
1789819536.6706107,15094388,37923,0.0,86024,119876,52.7903688913107,71768,71768,0.9598248889329218,48348,48348,0.0,18560,18920
1789819537.7024822,15094392,37923,0.0,86024,119876,54.27018312011739,71768,71768,0.969110412859239,48348,48348,0.0,18560,18920
1789819538.7388878,15094396,37923,0.0,86024,119876,51.138410537862825,71768,71768,0.9648756705257137,48348,48348,0.0,18560,18920
1789819539.7748585,15094400,37923,0.0,86024,119876,52.12478480427639,71768,71768,0.9652737926717849,48348,48348,0.0,18560,18920
1789819540.8150105,15094404,37923,0.9613987961770318,86104,119876,52.876933789736746,71768,71768,0.9613987961770318,48348,48348,0.0,18560,18920
1789819541.8538282,15094408,37923,0.0,86104,119876,51.98234008965301,71768,71768,0.9626359275861668,48348,48348,0.0,18560,18920
1789819542.8875394,15094416,37923,0.0,86104,119876,47.40207028543149,71768,71768,0.0,48348,48348,0.0,18560,18920
1789819543.9337227,15094408,37000,0.0,86104,119876,51.61600921451693,71768,71768,0.9558520224910543,48348,48348,0.0,18560,18920
1789819544.9735954,15094412,37923,0.0,86104,119876,57.699367487341625,71768,71768,0.9616561247890271,48348,48348,0.0,18560,18920
1789819546.014597,15094412,37000,0.9606164083368742,86184,119876,51.87328605019121,71768,71768,0.0,48348,48348,0.0,18560,18920
1789819547.0467541,15094416,37923,0.0,86184,119876,51.34871930921634,71768,71768,1.9376875211025035,48348,48348,1.9376875211025035,18560,18920
1789819548.077502,15094416,37000,0.0,86184,119876,49.47833900603249,71768,71768,0.9701635099222058,48348,48348,0.0,18560,18920
1789819549.1224103,15094416,37923,0.0,86184,119876,54.55069209050538,71768,71768,0.0,48348,48348,0.0,18560,18920
1789819550.1707432,15094420,37923,0.9538899144705822,86264,119876,48.648385637999695,71768,71768,0.9538899144705822,48348,48348,0.0,18560,18920
1789819551.211033,15094420,37000,0.0,86264,119876,50.94748298174383,71768,71768,0.9612732638064874,48348,48348,0.0,18560,18920
1789819552.2516031,15094424,37000,0.0,86264,119876,55.738440586687595,71768,71768,0.9610075963221999,48348,48348,0.0,18560,18920
1789819553.2658837,15094424,37000,0.0,86264,119876,55.21172606515152,71768,71768,0.9859236797348485,48348,48348,0.0,18560,18920
1789819554.3019166,15094424,37923,0.0,86264,119876,47.29582117462761,71768,71768,0.0,48348,48348,0.0,18560,18920
1789819555.3425708,15094428,37000,0.0,86344,119876,57.65613633904395,71768,71768,0.9609356056507324,48348,48348,0.0,18560,18920
1789819556.3856773,15094440,37923,0.0,86344,119876,54.64439394657706,71768,71768,0.9586735780101239,48348,48348,0.0,18560,18920
1789819557.429563,15094440,37923,0.0,86344,119876,52.68784442246595,71768,71768,0.0,48348,48348,0.0,18560,18920
1789819558.4685125,15094452,37923,0.0,86344,119876,47.1627646462082,71768,71768,0.9625054009430246,48348,48348,0.0,18560,18920
1789819559.4788897,15094452,37000,0.0,86344,119876,52.4559509020677,71768,71768,0.9897349226805227,48348,48348,0.0,18560,18920
1789819560.5213618,15094456,37923,0.9592565378126471,86424,119876,51.79985304188294,71768,71768,0.0,48348,48348,0.0,18560,18920
1789819561.5595324,15094464,37923,0.0,86424,119876,52.97768714573988,71768,71768,0.9632306753770887,48348,48348,0.0,18560,18920
1789819562.5746555,15094472,37000,0.0,86424,119876,54.180790884649916,71768,71768,0.9851052888118166,48348,48348,0.0,18560,18920
1789819563.5999033,15094468,37000,0.0,86424,119876,52.669928507547354,71768,71768,0.975369046436062,48348,48348,0.0,18560,18920
1789819564.6118243,15094484,37000,0.0,86424,119876,53.36422523767649,71768,71768,0.9882263932903055,48348,48348,0.0,18560,18920
1789819565.6510165,15094468,37923,0.9622833826849355,86504,119876,52.92558604767145,71768,71768,0.0,48348,48348,0.0,18560,18920
1789819566.6890063,15094228,37923,0.0,86504,119876,52.9870080904428,71768,71768,0.96340014709896,48348,48348,0.0,18560,18920
1789819567.721161,15094228,37923,0.0,86504,119876,53.28642185355355,71768,71768,0.9688440337009737,48348,48348,0.0,18560,18920
1789819568.7641044,15094220,37923,0.0,86504,119876,50.817941130299076,71768,71768,0.9588290779301712,48348,48348,0.0,18560,18920
1789819569.7976887,15094224,37923,0.0,86504,119876,53.21258907960388,71768,71768,0.9675016196291614,48348,48348,0.0,18560,18920
1789819570.827862,15093972,37923,0.0,86584,119876,50.47716902695809,71768,71768,0.9707147889799632,48348,48348,0.0,18560,18920
1789819571.866754,15093988,37923,0.0,86584,119876,49.09063010386784,71768,71768,0.0,48348,48348,0.0,18560,18920
1789819572.8817935,15093996,37000,0.0,86584,119876,46.30352930710859,71768,71768,0.9851814746193316,48348,48348,0.0,18560,18920
1789819573.8958838,15093992,37923,0.0,86584,119876,50.2925514265054,71768,71768,0.986128459343243,48348,48348,0.0,18560,18920
1789819574.9402761,15094000,37000,0.0,86584,119876,55.53378173850613,71768,71768,0.957478995491485,48348,48348,0.0,18560,18920
1789819575.981439,15093992,37923,0.9604633272014531,86664,119876,53.78594632328137,71768,71768,1.9209266544029062,48348,48348,0.0,18560,18920
1789819577.0137892,15093996,37923,0.0,86664,119876,53.276470639423714,71768,71768,0.9686631025349767,48348,48348,0.0,18560,18920
1789819578.0460887,15094008,37923,0.0,86664,119876,56.18514258377087,71768,71768,0.0,48348,48348,0.0,18560,18920
1789819579.0748491,15094008,37923,0.0,86664,119876,54.43461913933283,71768,71768,0.9720467703452291,48348,48348,0.0,18560,18920
1789819580.1317642,15094008,37923,0.9461483121107227,86664,119876,46.36126729342541,71768,71768,0.0,48348,48348,0.0,18560,18920
1789819581.162397,15094008,37923,0.9702788227380523,86744,119876,56.276171718807035,71768,71768,0.9702788227380523,48348,48348,0.0,18560,18920
1789819582.193004,15094008,37000,0.0,86744,119876,47.544604181443965,71768,71768,0.9702980445192647,48348,48348,0.0,18560,18920
1789819583.221846,15094008,37000,0.0,86744,119876,55.40231943578745,71768,71768,0.9719705164173236,48348,48348,0.0,18560,18920
1789819584.2581089,15094020,37000,0.0,86744,119876,51.14509728129449,71768,71768,0.9650018354961225,48348,48348,0.0,18560,18920
1789819585.30284,15094024,37000,0.0,86824,119876,50.730990888103406,71768,71768,0.9571885073227058,48348,48348,0.0,18560,18920
1789819586.3399394,15094016,37923,0.0,86824,119876,54.960909000427584,71768,71768,0.964226473691712,48348,48348,0.0,18560,18920
1789819587.37646,15094024,37923,0.0,86824,119876,49.20292467972805,71768,71768,0.0,48348,48348,0.0,18560,18920
1789819588.4110963,15094024,37000,0.0,86824,119876,49.29282907804814,71768,71768,0.9665260603538852,48348,48348,0.0,18560,18920
1789819589.422239,15094028,37000,0.0,86824,119876,56.372466383134444,71768,71768,0.9889906383006043,48348,48348,0.0,18560,18920
1789819590.4601371,15094032,37000,0.9634749451988136,86904,119876,52.99112198593475,71768,71768,0.9634749451988136,48348,48348,0.0,18560,18920
1789819591.500297,15093784,37923,0.0,86904,119876,49.992376979694015,71768,71768,0.9613918649941157,48348,48348,0.0,18560,18920
1789819592.528974,15093800,37923,0.0,86904,119876,54.438649608962294,71768,71768,0.0,48348,48348,0.0,18560,18920
1789819593.5495672,15093800,37923,0.0,86904,119876,50.950710420909495,71768,71768,0.9798213542482594,48348,48348,0.0,18560,18920
1789819594.579792,15093804,37000,0.0,86904,119876,52.416046005345635,71768,71768,0.9706675186175118,48348,48348,0.0,18560,18920
1789819595.6261837,15093808,37923,0.9556593563654537,86984,119876,52.56126460009995,71768,71768,0.9556593563654537,48348,48348,0.0,18560,18920
1789819596.6752532,15093808,37000,0.0,86984,119876,53.38095677262459,71768,71768,0.9532313709397249,48348,48348,0.0,18560,18920
1789819597.7186341,15093816,37923,0.0,86984,119876,54.63001993432416,71768,71768,0.9584214023565643,48348,48348,0.0,18560,18920
1789819598.755975,15093820,37000,0.0,86984,119876,54.94817338894846,71768,71768,0.9640030419113765,48348,48348,0.0,18560,18920
1789819599.798281,15093812,37000,0.0,86984,119876,49.88935993473964,71768,71768,0.9594107679757623,48348,48348,0.0,18560,18920
1789819600.8366811,15093816,37000,0.9630235855830404,87328,119876,56.81839154939938,71768,71768,0.9630235855830404,48348,48348,0.0,18560,18920
1789819601.8798504,15093816,37923,0.0,87328,119876,54.64109381930942,71768,71768,0.9586156810405161,48348,48348,0.0,18560,18920
1789819602.910373,15093828,37923,0.0,87328,119876,49.48934597871687,71768,71768,0.0,48348,48348,0.0,18560,18920
1789819603.9455187,15093828,37000,0.0,87328,119876,49.26853726975037,71768,71768,0.9660497503872622,48348,48348,0.0,18560,18920
1789819604.9994142,15093836,37000,0.9488585409662476,87328,119876,54.08493683507611,71768,71768,0.0,48348,48348,0.0,18560,18920
1789819606.0316553,15093828,37000,0.0,87408,119876,56.18845150929927,71768,71768,0.968766405332746,48348,48348,0.0,18560,18920
1789819607.0760555,15093828,37000,0.0,87408,119876,57.449408994796926,71768,71768,0.9574901499132821,48348,48348,0.0,18560,18920
1789819608.1168358,15093848,37923,0.0,87408,119876,50.92318282644476,71768,71768,0.9608147703102784,48348,48348,0.0,18560,18920
1789819609.1470916,15093848,37000,0.0,87408,119876,56.296739773701574,71768,71768,0.9706334443741651,48348,48348,0.0,18560,18920
1789819610.1888711,15093844,37000,0.0,87488,119876,48.954630593439866,71768,71768,0.9598947175184287,48348,48348,0.0,18560,18920
1789819611.2191808,15093596,37923,0.0,87488,119876,51.44240749497202,71768,71768,0.0,48348,48348,0.0,18560,18920
1789819612.2634277,15093604,37000,0.0,87488,119876,57.45606102076437,71768,71768,0.9576010170127395,48348,48348,0.0,18560,18920
1789819613.3151202,15093604,37923,0.0,87488,119876,56.09987489252967,71768,71768,0.9508453371615199,48348,48348,0.0,18560,18920
1789819614.354562,15093604,37923,0.0,87488,119876,54.83713647538196,71768,71768,0.962055025883894,48348,48348,0.0,18560,18920
1789819615.3765967,15093612,37923,0.978443862177739,87568,119876,54.79285628195339,71768,71768,0.978443862177739,48348,48348,0.0,18560,18920
1789819616.4119432,15093616,37000,0.0,87568,119876,50.224723425903264,71768,71768,0.9658600658827551,48348,48348,0.0,18560,18920
1789819617.4240592,15093632,37000,0.0,87568,119876,54.34159495320602,71768,71768,0.9880289991492003,48348,48348,0.0,18560,18920
1789819618.4661455,15093632,37000,0.0,87568,119876,50.85948323562728,71768,71768,0.9596128912382507,48348,48348,0.0,18560,18920
1789819619.5002122,15093636,37000,0.0,87568,119876,51.253911619974865,71768,71768,0.9670549362259409,48348,48348,0.0,18560,18920
1789819620.5315864,15093636,37923,0.9695798754742662,87648,119876,49.44857364918757,71768,71768,0.0,48348,48348,0.0,18560,18920
1789819621.5630114,15093628,37000,0.0,87648,119876,55.26338493387326,71768,71768,0.9695330690153204,48348,48348,0.0,18560,18920
1789819622.6010976,15093628,37000,0.0,87648,119876,52.01881154355121,71768,71768,0.9633113248805779,48348,48348,0.0,18560,18920
1789819623.6359189,15093636,37923,0.0,87648,119876,54.11543662967856,71768,71768,0.9663470826728315,48348,48348,0.0,18560,18920
1789819624.6796465,15093636,37000,0.0,87648,119876,54.611944771124456,71768,71768,0.9581042942302537,48348,48348,0.0,18560,18920
1789819625.7107232,15093640,37000,0.9698608072841917,87728,119876,50.43276197877797,71768,71768,0.0,48348,48348,0.0,18560,18920
1789819626.724021,15093384,37000,0.0,87728,119876,53.291568533689656,71768,71768,0.9868808987720307,48348,48348,0.0,18560,18920
1789819627.7695806,15093404,37923,0.0,87728,119876,53.559836146082986,71768,71768,0.9564256454657677,48348,48348,0.0,18560,18920
1789819628.813288,15093404,37000,0.0,87728,119876,49.82229842495201,71768,71768,0.0,48348,48348,0.0,18560,18920
1789819629.8498068,15093404,37000,0.0,87728,119876,54.026964485578816,71768,71768,0.9647672229567645,48348,48348,0.0,18560,18920
1789819630.8880272,15093416,37000,0.9631849057365037,87808,119876,56.82790943845372,71768,71768,0.9631849057365037,48348,48348,0.0,18560,18920
1789819631.908974,15093408,37000,0.0,87808,119876,54.85135766431366,71768,71768,0.9794885297198869,48348,48348,0.0,18560,18920
1789819632.9480033,15093412,37923,0.0,87808,119876,57.745933231104374,71768,71768,0.9624322205184063,48348,48348,0.0,18560,18920
1789819634.0090516,15093412,37000,0.0,87808,119876,56.547972419139136,71768,71768,0.9424662069856522,48348,48348,0.0,18560,18920
1789819635.0390725,15093420,37923,0.0,87808,119876,55.33856339391281,71768,71768,0.9708519893668913,48348,48348,0.0,18560,18920
1789819636.0551903,15093420,37000,0.9841365784901852,87888,119876,55.11164839545037,71768,71768,0.9841365784901852,48348,48348,0.0,18560,18920
1789819637.0647037,15093428,37000,0.0,87888,119876,55.47218674728221,71768,71768,0.0,48348,48348,0.0,18560,18920
1789819638.0941892,15093432,37000,0.0,87888,119876,49.53968160115037,71768,71768,0.9713663059049092,48348,48348,0.0,18560,18920
1789819639.1254969,15093432,37000,0.0,87888,119876,52.360541290777945,71768,71768,0.9696396535329249,48348,48348,0.0,18560,18920
1789819640.1453483,15093436,37000,0.0,87888,119876,57.851562087157596,71768,71768,0.9805349506297898,48348,48348,0.0,18560,18920
1789819641.1922219,15093440,37000,0.0,87968,119876,58.26878657057653,71768,71768,0.9552260093537136,48348,48348,0.0,18560,18920
1789819642.2446744,15093440,37923,0.0,87968,119876,50.35839375218174,71768,71768,0.9501583726826743,48348,48348,0.0,18560,18920
1789819643.2735677,15093188,37000,0.0,87968,119876,57.343267001422674,71768,71768,0.0,48348,48348,0.0,18560,18920
1789819644.3071127,15093196,37000,0.0,87968,119876,56.11762989786511,71768,71768,0.9675453430666399,48348,48348,0.0,18560,18920
1789819645.33832,15092952,37000,0.96973881539621,88048,119876,50.42641840060292,71768,71768,0.96973881539621,48348,48348,0.0,18560,18920
1789819646.3753316,15092952,37000,0.0,88048,119876,52.07274224583978,71768,71768,0.9643100415896254,48348,48348,0.0,18560,18920
1789819647.4050999,15092956,37000,0.0,88048,119876,51.46755564096263,71768,71768,0.971085955489861,48348,48348,0.0,18560,18920
1789819648.4442582,15092960,37000,0.0,88048,119876,56.77687084884292,71768,71768,0.9623198448956427,48348,48348,0.0,18560,18920
1789819649.475356,15092980,37000,0.0,88048,119876,56.25079703377055,71768,71768,0.9698413281684577,48348,48348,0.0,18560,18920
1789819650.508621,15092972,37000,0.9678080430173926,88128,119876,55.165058451991385,71768,71768,0.0,48348,48348,0.0,18560,18920
1789819651.5704463,15092720,37923,0.0,88128,119876,54.62276968556814,71768,71768,0.9417718911304852,48348,48348,0.0,18560,18920
1789819652.6011517,15092732,37000,0.0,88128,119876,56.2722519463937,71768,71768,0.9702112404550638,48348,48348,0.0,18560,18920
1789819653.6311915,15092720,37000,0.0,88128,119876,52.42503819513996,71768,71768,0.97083404065074,48348,48348,0.0,18560,18920
1789819654.664629,15092732,37000,0.0,88128,119876,47.41457707060407,71768,71768,0.9676444300123279,48348,48348,0.0,18560,18920
1789819655.7060065,15092732,37000,0.0,88208,119876,43.21184344673892,71768,71768,0.9602631877053093,48348,48348,0.0,18560,18920
1789819656.7409942,15092732,37000,0.0,88208,119876,55.073388309302665,71768,71768,0.0,48348,48348,0.0,18560,18920
1789819657.7943614,15092484,37000,0.0,88208,119876,48.41620083658759,71768,71768,0.949337271305639,48348,48348,0.0,18560,18920
1789819658.8359911,15092488,37000,0.0,88208,119876,53.76186872815653,71768,71768,1.9200667402913048,48348,48348,0.0,18560,18920
1789819659.870645,15092492,37923,0.0,88208,119876,52.191112561595844,71768,71768,0.9665020844739971,48348,48348,0.0,18560,18920
1789819660.9093874,15092492,37000,0.9627060508762567,88288,119876,53.91153884907038,71768,71768,0.9627060508762567,48348,48348,0.0,18560,18920
1789819661.9579637,15092496,37000,0.0,88288,119876,51.49839461955115,71768,71768,0.0,48348,48348,0.0,18560,18920
1789819662.9989562,15092496,37000,0.0,88288,119876,54.75542456948017,71768,71768,0.9606214836750907,48348,48348,0.0,18560,18920
1789819664.0443237,15092496,37000,0.0,88288,119876,53.569769428905886,71768,71768,0.9566030255161766,48348,48348,0.0,18560,18920
1789819665.095993,15092248,37000,0.0,88288,119876,51.34705792520701,71768,71768,0.9508714430593891,48348,48348,0.0,18560,18920
1789819666.125573,15092248,37923,0.9712673222383519,88368,119876,50.5059007563943,71768,71768,0.9712673222383519,48348,48348,0.0,18560,18920
1789819667.155253,15092252,37000,0.0,88368,119876,47.587313078215494,71768,71768,0.9711696546574591,48348,48348,0.0,18560,18920
1789819668.1938999,15092252,37000,0.0,88368,119876,54.87920233568376,71768,71768,0.0,48348,48348,0.0,18560,18920
1789819669.2044313,15092260,37000,0.0,88368,119876,55.416293256087805,71768,71768,0.9895766652872822,48348,48348,0.0,18560,18920
1789819670.2349982,15092272,37000,0.9703439823616913,88712,119876,55.3096069946164,71768,71768,0.9703439823616913,48348,48348,0.0,18560,18920
1789819671.2924426,15091772,37000,0.0,88712,119876,54.84898738012983,71768,71768,0.9456721962091349,48348,48348,0.0,18560,18920
1789819672.324099,15091772,37000,0.0,88712,119876,58.159144321251965,71768,71768,0.9693190720208661,48348,48348,0.0,18560,18920
1789819673.3809426,15091784,37000,0.0,88712,119876,50.14936781036166,71768,71768,0.0,48348,48348,0.0,18560,18920
1789819674.426357,15091788,37000,0.0,88712,119876,50.69754154342882,71768,71768,0.9565573876118646,48348,48348,0.0,18560,18920
1789819675.4571693,15091784,37000,0.9701105307560788,88792,119876,55.29630025309649,71768,71768,0.9701105307560788,48348,48348,0.0,18560,18920
1789819676.4890056,15091784,37000,0.0,88792,119876,53.303123888013104,71768,71768,0.9691477070547837,48348,48348,0.0,18560,18920
1789819677.5247564,15091784,37000,0.0,88792,119876,50.205052205082445,71768,71768,0.9654817731746624,48348,48348,0.0,18560,18920
1789819678.5567746,15091788,37000,0.0,88792,119876,57.16958471272861,71768,71768,0.9689760120801458,48348,48348,0.0,18560,18920
1789819679.5687654,15091792,37000,0.0,88792,119876,58.30160985459411,71768,71768,0.0,48348,48348,0.0,18560,18920
1789819680.5984018,15091800,37000,0.9711977930778457,88872,119876,50.502285240047975,71768,71768,0.9711977930778457,48348,48348,0.0,18560,18920
1789819681.6165185,15091800,37000,0.0,88872,119876,53.0391341875344,71768,71768,0.9822061886580444,48348,48348,0.0,18560,18920
1789819682.6575873,15091800,37000,0.0,88872,119876,50.909262627869296,71768,71768,0.9605521250541377,48348,48348,0.0,18560,18920
1789819683.6977327,15091048,37000,0.0,88872,119876,51.91616927705638,71768,71768,0.9614105421677108,48348,48348,0.0,18560,18920
1789819684.7182972,15090800,37000,0.0,88872,119876,52.91172056762978,71768,71768,0.9798466771783293,48348,48348,0.0,18560,18920
1789819685.7621248,15090804,37000,0.0,88952,119876,59.39687021201787,71768,71768,0.0,48348,48348,0.0,18560,18920
1789819686.7964025,15090804,37000,0.0,88952,119876,50.27654920451489,71768,71768,0.9668567154714404,48348,48348,0.0,18560,18920
1789819687.8268507,15090808,37000,0.0,88952,119876,50.46357954908824,71768,71768,0.9704534528670815,48348,48348,0.0,18560,18920
1789819688.884101,15090808,37000,0.0,88952,119876,55.80488431702738,71768,71768,0.9458454968987692,48348,48348,0.0,18560,18920
1789819689.9313915,15090808,37000,0.0,88952,119876,59.200504350084266,71768,71768,0.9548468443561978,48348,48348,0.0,18560,18920
1789819690.9783347,15092700,37923,5.730989271991786,87340,119876,51.57890344792607,71768,71768,0.9551648786652976,48348,48348,0.0,18560,18920
1789819692.0086746,15092700,37000,0.0,87340,119876,54.35091835039638,71768,71768,0.9705521133999353,48348,48348,0.0,18560,18920
1789819693.0450463,15092700,37000,0.0,87340,119876,53.069723652305804,71768,71768,0.96490406640556,48348,48348,0.0,18560,18920
1789819694.0772653,15092704,37000,0.0,87340,119876,54.252120954471025,71768,71768,0.0,48348,48348,0.0,18560,18920
1789819695.1194782,15094096,37923,4.797475184760227,85556,119876,49.893741921506354,71768,71768,0.9594950369520453,48348,48348,0.0,18560,18920
1789819696.1353388,15094096,37000,0.0,85792,119876,57.09449787813319,71768,71768,0.9843878944505722,48348,48348,0.0,18560,18920
1789819697.157837,15094100,37000,0.0,85792,119876,46.9436887480543,71768,71768,0.9779935155844646,48348,48348,0.0,18560,18920
1789819698.1811397,15094100,37000,0.0,85792,119876,51.793264382518885,71768,71768,0.9772314034437526,48348,48348,0.0,18560,18920
1789819699.2130568,15094100,37000,0.0,85792,119876,52.32973303961577,71768,71768,0.9690691303632549,48348,48348,0.0,18560,18920
1789819700.2516901,15096124,37923,4.81402034669542,83872,119876,49.10300753629328,71768,71768,0.0,48348,48348,0.0,18560,18920
1789819701.3013527,15095748,37000,0.0,84116,119876,52.39777995292746,71768,71768,0.9526869082350448,48348,48348,0.0,18560,18920
1789819702.3386335,15095748,37000,0.0,84116,119876,56.87957220778675,71768,71768,0.9640605458946907,48348,48348,0.0,18560,18920
1789819703.374675,15095756,37000,0.0,84116,119876,54.05181706012661,71768,71768,0.9652110189308323,48348,48348,0.0,18560,18920
1789819704.4257708,15095760,37000,0.0,84116,119876,54.22919537876469,71768,71768,0.0,48348,48348,0.0,18560,18920
1789819705.465071,15097208,37923,8.659618189044387,82508,119876,50.99552933548362,71768,71768,0.9621797987827098,48348,48348,0.0,18560,18920
1789819706.4786088,15097144,37000,0.0,82508,119876,53.27879600008132,71768,71768,0.9866443703718762,48348,48348,0.0,18560,18920
1789819707.5055573,15097148,37000,0.0,82508,119876,56.47821565841808,71768,71768,0.9737623389382427,48348,48348,0.0,18560,18920
1789819708.5407143,15097148,37000,0.0,82508,119876,52.16612799231374,71768,71768,0.9660394072650693,48348,48348,0.0,18560,18920
1789819709.5815277,15097152,37000,0.0,82508,119876,56.686047155388934,71768,71768,0.0,48348,48348,0.0,18560,18920
1789819710.6105268,15097152,37000,0.9718232010644302,82588,119876,51.5066296564148,71768,71768,0.9718232010644302,48348,48348,0.0,18560,18920
1789819711.6474726,15097156,37923,0.0,82588,119876,51.111348329901666,71768,71768,0.9643650628283332,48348,48348,0.0,18560,18920
1789819712.6588666,15097156,37923,0.0,82588,119876,51.41422488236641,71768,71768,0.9887350938916617,48348,48348,0.0,18560,18920
1789819713.6903884,15097156,37000,0.0,82588,119876,56.227938943925516,71768,71768,0.9694472231711296,48348,48348,0.0,18560,18920
1789819714.7234666,15097156,37000,0.0,82588,119876,54.206881513837025,71768,71768,0.9679800270328041,48348,48348,0.0,18560,18920
1789819715.773603,15097160,37000,0.9522593878547511,82668,119876,51.42200694415656,71768,71768,0.9522593878547511,48348,48348,0.0,18560,18920
1789819716.8092222,15097164,37000,0.0,82668,119876,55.03916326626963,71768,71768,0.96559935554859,48348,48348,0.0,18560,18920
1789819717.8381698,15097168,37000,0.0,82668,119876,58.312409706885894,71768,71768,0.0,48348,48348,0.0,18560,18920
1789819718.8744113,15097176,37000,0.0,82668,119876,57.90120203446295,71768,71768,0.9650200339077157,48348,48348,0.0,18560,18920
1789819719.9058645,15097176,37000,0.0,82668,119876,53.323112462548174,71768,71768,0.9695111356826941,48348,48348,0.0,18560,18920
1789819720.9470513,15097176,37000,0.96043930524557,82748,119876,49.942843872769636,71768,71768,0.96043930524557,48348,48348,0.0,18560,18920
1789819721.981424,15097180,37923,0.0,82748,119876,49.305366277737754,71768,71768,0.9667718877987795,48348,48348,0.0,18560,18920
1789819723.0112865,15097180,37923,0.0,82748,119876,49.52089144400596,71768,71768,0.9709978714510973,48348,48348,0.0,18560,18920
1789819724.0223134,15097180,37000,0.0,82748,119876,50.44400820971095,71768,71768,0.0,48348,48348,0.0,18560,18920
1789819725.0545585,15097184,37923,0.9687622608974815,82748,119876,49.40687530577156,71768,71768,0.9687622608974815,48348,48348,0.0,18560,18920
1789819726.0844536,15097188,37000,0.0,82828,119876,59.22902974063312,71768,71768,0.9709677006661168,48348,48348,0.0,18560,18920
1789819727.0967314,15097188,37000,0.0,82828,119876,55.321160949137536,71768,71768,0.9878778740917418,48348,48348,0.0,18560,18920
1789819728.1346653,15097188,37000,0.0,82828,119876,50.09935366612932,71768,71768,0.9634491089640254,48348,48348,0.0,18560,18920
1789819729.1684246,15097192,37923,0.0,82828,119876,49.33435099715833,71768,71768,0.0,48348,48348,0.0,18560,18920
1789819730.2068985,15097192,37923,0.9629547680038254,82908,119876,52.9625122402104,71768,71768,0.9629547680038254,48348,48348,0.0,18560,18920
1789819731.2405195,15097204,37000,0.0,82908,119876,57.08102857596986,71768,71768,1.9349501212193172,48348,48348,0.0,18560,18920
1789819732.2742462,15097212,37000,0.0,82908,119876,51.27049659384195,71768,71768,0.0,48348,48348,0.0,18560,18920
1789819733.3138955,15097204,37000,0.0,82908,119876,57.71202361785817,71768,71768,0.9618670602976361,48348,48348,0.0,18560,18920
1789819734.3422334,15097204,37000,0.0,82908,119876,52.511876844577884,71768,71768,0.9724421637884794,48348,48348,0.0,18560,18920
1789819735.3780026,15097208,37000,0.9654642955838044,82988,119876,56.96239343944446,71768,71768,0.9654642955838044,48348,48348,0.0,18560,18920
1789819736.4192145,15097216,37000,0.0,82988,119876,55.70457238312996,71768,71768,0.9604236617781027,48348,48348,0.0,18560,18920
1789819737.460053,15097220,37000,0.0,82988,119876,56.684835382994905,71768,71768,0.9607599217456763,48348,48348,0.0,18560,18920
1789819738.4804626,15097220,37000,0.0,82988,119876,48.999901764009884,71768,71768,0.9799980352801977,48348,48348,0.0,18560,18920
1789819739.5061693,15097224,37000,0.0,82988,119876,55.571705256411306,71768,71768,0.0,48348,48348,0.0,18560,18920
1789819740.5514257,15097224,37000,0.0,83332,119876,51.661867813293625,71768,71768,0.9567012558017337,48348,48348,0.0,18560,18920
1789819741.5702353,15097232,37000,0.0,83332,119876,54.96633735863795,71768,71768,0.9815417385471062,48348,48348,0.0,18560,18920
1789819742.5864882,15097232,37000,0.0,83332,119876,51.16793477767041,71768,71768,0.983998745724431,48348,48348,0.0,18560,18920
1789819743.623095,15097224,37000,0.0,83332,119876,52.09332562502496,71768,71768,0.96469121527824,48348,48348,0.0,18560,18920
1789819744.6616635,15097228,37000,0.0,83332,119876,51.03197116887637,71768,71768,0.0,48348,48348,0.0,18560,18920
1789819745.6991115,15097232,37000,0.9638988152500869,83412,119876,53.01443483875478,71768,71768,0.9638988152500869,48348,48348,0.0,18560,18920
1789819746.728168,15096776,37923,0.0,83412,119876,57.33391930542131,71768,71768,0.9717613441596833,48348,48348,0.0,18560,18920
1789819747.7613657,15096736,37000,0.0,83412,119876,45.4899827229999,71768,71768,0.0,48348,48348,0.0,18560,18920
1789819748.7918692,15096740,37000,0.0,83412,119876,52.40153696619731,71768,71768,0.9703988327073577,48348,48348,0.0,18560,18920
1789819749.8262405,15096740,37000,0.0,83412,119876,55.10604203584775,71768,71768,0.9667726672955745,48348,48348,0.0,18560,18920
1789819750.8578768,15096744,37000,0.0,83492,119876,52.34387679759368,71768,71768,0.9693310518072903,48348,48348,0.0,18560,18920
1789819751.8766441,15096748,37923,0.0,83492,119876,50.06264166568473,71768,71768,0.9816204248173477,48348,48348,0.0,18560,18920
1789819752.9052455,15096760,37000,0.0,83492,119876,55.412952267203394,71768,71768,0.9721570573193578,48348,48348,0.0,18560,18920
1789819753.9495313,15096760,37000,0.0,83492,119876,48.83702052151164,71768,71768,0.0,48348,48348,0.0,18560,18920
1789819754.9818723,15096752,37000,0.9686726808796898,83492,119876,52.30832476750325,71768,71768,0.9686726808796898,48348,48348,0.0,18560,18920
1789819756.0183833,15096756,37000,0.0,83572,119876,54.027424948001446,71768,71768,0.9647754455000258,48348,48348,0.0,18560,18920
1789819757.0561843,15096756,37000,0.0,83572,119876,54.923637056131035,71768,71768,0.9635725799321234,48348,48348,0.0,18560,18920
1789819758.09054,15096760,37000,0.0,83572,119876,53.173666207026834,71768,71768,0.9667939310368515,48348,48348,0.0,18560,18920
1789819759.1363003,15096760,37000,0.0,83572,119876,53.54910644882634,71768,71768,0.9562340437290419,48348,48348,0.0,18560,18920
1789819760.1696439,15096764,37000,0.9677333891494796,83652,119876,53.225336403221384,71768,71768,0.9677333891494796,48348,48348,0.0,18560,18920
1789819761.1816247,15096764,37923,0.0,83652,119876,53.36054937428375,71768,71768,0.9881583217459953,48348,48348,0.0,18560,18920
1789819762.1963742,15096764,37000,0.0,83652,119876,53.21544249621948,71768,71768,0.0,48348,48348,0.0,18560,18920
1789819763.2292585,15096776,37000,0.0,83652,119876,55.18532484888204,71768,71768,0.9681635938400358,48348,48348,0.0,18560,18920
1789819764.27069,15096776,37000,0.0,83652,119876,52.8118065905748,71768,71768,0.9602146652831781,48348,48348,0.0,18560,18920
1789819765.3089616,15096780,37000,0.9631468315456826,83732,119876,50.08363524037549,71768,71768,0.9631468315456826,48348,48348,0.0,18560,18920
1789819766.3309746,15096780,37923,0.0,83732,119876,51.85776779036447,71768,71768,0.9784484488748013,48348,48348,0.0,18560,18920
1789819767.3745775,15096796,37000,0.0,83732,119876,55.57696695471055,71768,71768,0.9582235681846647,48348,48348,0.0,18560,18920
1789819768.4158432,15096796,37000,0.0,83732,119876,50.89950469018599,71768,71768,0.9603680130223773,48348,48348,0.0,18560,18920
1789819769.4410298,15096800,37000,0.0,83732,119876,56.57486495158345,71768,71768,0.9754287060617837,48348,48348,0.0,18560,18920
1789819770.4696434,15096796,37000,0.972188246268535,83812,119876,49.58160055969528,71768,71768,0.972188246268535,48348,48348,0.0,18560,18920
1789819771.506615,15096788,37000,0.0,83812,119876,51.110389263115934,71768,71768,0.0,48348,48348,0.0,18560,18920
1789819772.538326,15096800,37000,0.0,83812,119876,59.125115450638404,71768,71768,0.9692641877153836,48348,48348,0.0,18560,18920
1789819773.5803323,15096800,37000,0.0,83812,119876,55.661840827597686,71768,71768,0.9596869108206498,48348,48348,0.0,18560,18920
1789819774.623487,15096816,37000,0.0,83812,119876,57.51770826445342,71768,71768,0.9586284710742237,48348,48348,0.0,18560,18920
1789819775.6670785,15096556,37923,0.0,83892,119876,52.702397251503115,71768,71768,0.9582254045727839,48348,48348,0.0,18560,18920
1789819776.682754,15096556,37000,0.0,83892,119876,49.228519296592694,71768,71768,0.9845703859318539,48348,48348,0.0,18560,18920
1789819777.716883,15096560,37000,0.0,83892,119876,49.316656084122876,71768,71768,0.0,48348,48348,0.0,18560,18920
1789819778.7391853,15096564,37000,0.0,83892,119876,54.78066902531484,71768,71768,0.9782262325949078,48348,48348,0.0,18560,18920
1789819779.7900012,15096568,37000,0.0,83892,119876,54.241386984463155,71768,71768,0.9516032804291782,48348,48348,0.0,18560,18920
1789819780.8186774,15096568,37000,0.9721260669377839,83972,119876,47.634177279951416,71768,71768,0.9721260669377839,48348,48348,0.0,18560,18920
1789819781.8489385,15096568,37000,0.0,83972,119876,53.38453284046371,71768,71768,0.970627869826613,48348,48348,0.0,18560,18920
1789819782.862919,15096580,37000,0.0,83972,119876,52.269307694481654,71768,71768,0.0,48348,48348,0.0,18560,18920
1789819783.9093804,15096580,37000,0.0,83972,119876,53.51365948389136,71768,71768,0.9556010622123458,48348,48348,0.0,18560,18920
1789819784.9313874,15096588,37923,0.0,83972,119876,47.94480475097368,71768,71768,0.9784654030810956,48348,48348,0.0,18560,18920
1789819785.9654772,15096584,37923,0.9670360381691985,84052,119876,49.318837946629124,71768,71768,0.9670360381691985,48348,48348,0.0,18560,18920
1789819787.0038679,15096584,37000,0.0,84052,119876,56.81874716033668,71768,71768,0.0,48348,48348,0.9630296128870623,18560,18920
1789819788.0343282,15096584,37000,0.0,84052,119876,48.521823078589826,71768,71768,0.9704364615717964,48348,48348,0.0,18560,18920
1789819789.0648868,15096592,37000,0.0,84052,119876,54.339506932055485,71768,71768,0.9703483380724194,48348,48348,0.0,18560,18920
1789819790.1024928,15088288,37923,6.7462829766139585,98724,119876,56.86152794574622,71768,71768,0.9637547109448512,48348,48348,0.0,18560,18920
