timestamp,mem_available_kb,temp_mC,inference_cpu_pct,inference_rss_kb,inference_hwm_kb,vision_cpu_pct,vision_rss_kb,vision_hwm_kb,web_cpu_pct,web_rss_kb,web_hwm_kb,mediamtx_cpu_pct,mediamtx_rss_kb,mediamtx_hwm_kb
1789820592.0445874,15280804,37923,0,81444,119876,0,71768,71768,0,48348,48348,0,18560,18920
1789820593.0626526,15279560,36076,3.9290339498872195,81696,119876,25.538720674266926,71768,71768,0.9822584874718049,48348,48348,0.0,18560,18920
1789820594.0832317,15279564,36076,0.0,81696,119876,24.49587688681957,71768,71768,0.0,48348,48348,0.0,18560,18920
1789820595.1110034,15279564,36076,0.0,81696,119876,25.29745897951997,71768,71768,0.9729791915199988,48348,48348,0.0,18560,18920
1789820596.1209922,15279584,36076,0.0,81696,119876,25.742971438330418,71768,71768,0.0,48348,48348,0.0,18560,18920
1789820597.1603863,15278820,36076,1.924199756542145,81956,119876,24.05249695677681,71768,71768,0.9620998782710725,48348,48348,0.0,18560,18920
1789820598.1873136,15278824,36076,0.0,81984,119876,25.31810741304203,71768,71768,0.0,48348,48348,0.0,18560,18920
1789820599.1966796,15278824,36076,0.0,81984,119876,21.79586895841524,71768,71768,0.9907213162916019,48348,48348,0.0,18560,18920
1789820600.2115183,15278344,36076,0.0,81984,119876,26.605304743619403,71768,71768,0.0,48348,48348,0.0,18560,18920
1789820601.240341,15277828,36076,0.0,81984,119876,23.327555975745817,71768,71768,0.9719814989894091,48348,48348,0.0,18560,18920
1789820602.2487864,15277068,36076,3.966501569434429,82244,119876,23.799009416606573,71768,71768,0.0,48348,48348,0.0,18560,18920
1789820603.277239,15277076,36076,0.0,82264,119876,24.30848044307066,71768,71768,0.9723392177228265,48348,48348,0.0,18560,18920
1789820604.3108058,15277072,36076,0.0,82264,119876,23.220446064077468,71768,71768,0.0,48348,48348,0.0,18560,18920
1789820605.3494954,15277072,36076,0.0,82264,119876,27.919766773670446,71768,71768,0.9627505784024292,48348,48348,0.0,18560,18920
1789820606.3824904,15277072,36076,0.0,82264,119876,23.233419121218322,71768,71768,0.0,48348,48348,0.0,18560,18920
1789820607.3911245,15276316,35153,1.9828794873655,82536,119876,25.7774333357515,71768,71768,0.99143974368275,48348,48348,0.0,18560,18920
1789820608.400339,15276324,36076,0.0,82536,119876,22.79011349260491,71768,71768,0.0,48348,48348,0.0,18560,18920
1789820609.4296498,15276328,36076,0.0,82536,119876,26.231162425870345,71768,71768,0.9715245342914943,48348,48348,0.0,18560,18920
1789820610.461964,15276328,36076,0.0,82536,119876,25.186021362534415,71768,71768,0.0,48348,48348,0.0,18560,18920
1789820611.472887,15276332,36076,0.0,82536,119876,25.7191787173745,71768,71768,0.9891991814374809,48348,48348,0.0,18560,18920
1789820612.5048537,15276336,35153,0.9690186556985932,82620,119876,26.163503703862016,71768,71768,0.0,48348,48348,0.0,18560,18920
1789820613.5373561,15276340,35153,0.0,82620,119876,26.150179089648635,71768,71768,0.968525151468468,48348,48348,0.0,18560,18920
1789820614.5516722,15276344,35153,0.0,82620,119876,25.633030056852846,71768,71768,0.0,48348,48348,0.0,18560,18920
1789820615.5869124,15276344,35153,0.0,82620,119876,24.148906002782823,71768,71768,0.965956240111313,48348,48348,0.0,18560,18920
1789820616.599597,15276344,35153,0.0,82620,119876,25.674383552280112,71768,71768,0.0,48348,48348,0.0,18560,18920
1789820617.6111376,15276348,35153,0.0,82964,119876,23.726141017309953,71768,71768,0.9885892090545815,48348,48348,0.0,18560,18920
1789820618.6407416,15276352,35153,0.0,82964,119876,24.281178958301613,71768,71768,0.9712471583320645,48348,48348,0.0,18560,18920
1789820619.6509104,15276356,35153,0.0,82964,119876,22.768464614515064,71768,71768,0.0,48348,48348,0.0,18560,18920
1789820620.6717727,15276356,35153,0.0,82964,119876,25.46876194292084,71768,71768,0.0,48348,48348,0.0,18560,18920
1789820621.709916,15276356,35153,0.0,82964,119876,26.971110551870815,71768,71768,0.9632539482811006,48348,48348,0.0,18560,18920
1789820622.7182856,15276356,35153,0.9917003359259233,83044,119876,22.809107726296237,71768,71768,0.9917003359259233,48348,48348,0.0,18560,18920
1789820623.748126,15276364,35153,0.0,83044,119876,25.246618779579787,71768,71768,0.0,48348,48348,0.0,18560,18920
1789820624.7831283,15276372,36076,0.0,83044,119876,24.154537818959003,71768,71768,0.0,48348,48348,0.0,18560,18920
1789820625.7974937,15276372,35153,0.0,83044,119876,25.631777094240395,71768,71768,0.9858375805477075,48348,48348,0.0,18560,18920
1789820626.8067274,15276380,35153,0.0,83044,119876,23.780519667513836,71768,71768,0.9908549861464098,48348,48348,0.9908549861464098,18560,18920
1789820627.836617,15276132,35153,0.9709784248876504,83124,119876,24.27446062219126,71768,71768,0.0,48348,48348,0.0,18560,18920
1789820628.8472419,15276136,35153,0.0,83124,119876,26.716008826171933,71768,71768,0.9894818083767383,48348,48348,0.0,18560,18920
1789820629.863537,15276136,35153,0.0,83124,119876,26.567240664272965,71768,71768,0.0,48348,48348,0.0,18560,18920
1789820630.8956237,15276144,35153,0.0,83124,119876,24.222654633635106,71768,71768,0.9689061853454042,48348,48348,0.0,18560,18920
1789820631.9061294,15276144,35153,0.0,83124,119876,23.750594014732055,71768,71768,0.989608083947169,48348,48348,0.0,18560,18920
1789820632.93975,15276148,35153,0.0,83204,119876,27.08913021773761,71768,71768,0.9674689363477718,48348,48348,0.0,18560,18920
1789820633.9809885,15276152,35153,0.0,83204,119876,27.851436905135575,71768,71768,0.0,48348,48348,0.0,18560,18920
1789820634.9907677,15276152,35153,0.0,83204,119876,25.748315570945795,71768,71768,0.9903198296517614,48348,48348,0.0,18560,18920
1789820636.0210235,15276156,35153,0.0,83204,119876,26.207088168037117,71768,71768,0.0,48348,48348,0.0,18560,18920
1789820637.0303001,15276156,35153,0.9908031982587978,83204,119876,21.79767036169355,71768,71768,0.9908031982587978,48348,48348,0.0,18560,18920
1789820638.0429122,15276160,35153,0.0,83284,119876,23.7012067786435,71768,71768,0.0,48348,48348,0.0,18560,18920
1789820639.0749662,15276160,35153,0.0,83284,119876,24.22343403320893,71768,71768,0.0,48348,48348,0.0,18560,18920
1789820640.0857923,15276164,35153,0.0,83284,119876,25.72165738017803,71768,71768,0.989294514622232,48348,48348,0.0,18560,18920
1789820641.1154675,15276164,35153,0.0,83284,119876,24.279382842840587,71768,71768,0.0,48348,48348,0.0,18560,18920
1789820642.1271822,15276164,35153,0.9884554169986445,83284,119876,25.699840841964757,71768,71768,0.9884554169986445,48348,48348,0.0,18560,18920
1789820643.1662765,15276172,35153,0.0,83364,119876,25.98329944984965,71768,71768,0.0,48348,48348,0.0,18560,18920
1789820644.1967695,15276176,35153,0.0,83364,119876,27.17145184365795,71768,71768,0.9704089944163554,48348,48348,0.0,18560,18920
1789820645.2293947,15276180,35153,0.0,83364,119876,27.115373362885887,71768,71768,0.0,48348,48348,0.0,18560,18920
1789820646.260794,15276180,35153,0.0,83364,119876,27.147679358819556,71768,71768,0.9695599771006984,48348,48348,0.0,18560,18920
1789820647.291985,15276180,35153,0.0,83444,119876,28.122805187798107,71768,71768,0.969751903027521,48348,48348,0.0,18560,18920
1789820648.3204052,15276184,35153,0.0,83444,119876,27.226141152971337,71768,71768,0.0,48348,48348,0.0,18560,18920
1789820649.3497002,15276192,35153,0.0,83444,119876,27.203218835638168,71768,71768,0.0,48348,48348,0.0,18560,18920
1789820650.3800926,15276192,35153,0.0,83444,119876,24.26258718760697,71768,71768,0.9705034875042788,48348,48348,0.0,18560,18920
1789820651.4086413,15276196,35153,0.0,83444,119876,26.25055538519091,71768,71768,0.9722427920441079,48348,48348,0.0,18560,18920
1789820652.4373991,15276196,35153,0.9720461788541266,83524,119876,25.27320065020729,71768,71768,0.0,48348,48348,0.0,18560,18920
1789820653.466146,15276200,35153,0.0,83524,119876,27.217457250641065,71768,71768,0.9720520446657523,48348,48348,0.0,18560,18920
1789820654.499243,15276204,35153,0.0,83524,119876,28.071090179128614,71768,71768,0.967968626866504,48348,48348,0.0,18560,18920
1789820655.529155,15276208,35153,0.0,83524,119876,27.186756886413317,71768,71768,0.0,48348,48348,0.0,18560,18920
1789820656.5674806,15276208,35153,0.0,83524,119876,29.85578328572468,71768,71768,0.9630897834104736,48348,48348,0.0,18560,18920
1789820657.5972378,15276208,35153,0.9710982939623063,83604,119876,28.161850524906882,71768,71768,0.9710982939623063,48348,48348,0.0,18560,18920
1789820658.6069827,15276216,35153,0.0,83604,119876,25.74908161122652,71768,71768,0.0,48348,48348,0.0,18560,18920
1789820659.6400323,15276216,35153,0.0,83604,119876,29.040242969717653,71768,71768,0.9680080989905885,48348,48348,0.0,18560,18920
1789820660.659054,15276220,35153,0.0,83604,119876,26.496096130946402,71768,71768,0.0,48348,48348,0.0,18560,18920
1789820661.6889138,15276220,35153,0.0,83604,119876,29.130051603794122,71768,71768,0.9710017201264708,48348,48348,0.0,18560,18920
1789820662.6981964,15276224,35153,0.9908025454349353,83684,119876,24.77006363587338,71768,71768,0.0,48348,48348,0.0,18560,18920
1789820663.7067869,15275976,35153,0.0,83684,119876,23.79558891907763,71768,71768,0.9914828716282346,48348,48348,0.0,18560,18920
1789820664.7428215,15275976,35153,0.0,83684,119876,30.887143926123873,71768,71768,0.0,48348,48348,0.0,18560,18920
1789820665.7788415,15275728,35153,0.0,83684,119876,29.922204671284057,71768,71768,0.9652324087510985,48348,48348,0.0,18560,18920
1789820666.8109412,15275732,35153,0.0,83684,119876,25.191268924004564,71768,71768,0.9688949586155602,48348,48348,0.0,18560,18920
1789820667.8475883,15275732,35153,0.9646515106896324,83764,119876,24.11628776724081,71768,71768,0.0,48348,48348,0.0,18560,18920
1789820668.8745685,15275736,35153,0.0,83764,119876,25.316886058613203,71768,71768,0.9737263868697386,48348,48348,0.0,18560,18920
1789820669.912941,15275744,35153,0.0,83764,119876,26.965233851111737,71768,71768,0.0,48348,48348,0.0,18560,18920
1789820670.94012,15275744,35153,0.0,83764,119876,25.31205524347049,71768,71768,0.9735405862873265,48348,48348,0.0,18560,18920
1789820671.9691045,15275744,35153,0.0,83764,119876,27.211254548440877,71768,71768,0.9718305195871741,48348,48348,0.0,18560,18920
1789820672.978296,15276000,35153,0.0,83844,119876,25.763199688415085,71768,71768,0.0,48348,48348,0.0,18560,18920
1789820673.991973,15276000,35153,0.0,83844,119876,25.649325626204238,71768,71768,0.9865125240847784,48348,48348,0.0,18560,18920
1789820675.029091,15276008,35153,0.0,83844,119876,24.1051669789845,71768,71768,0.0,48348,48348,0.0,18560,18920
1789820676.0562027,15276008,35153,0.0,83844,119876,26.287305128881574,71768,71768,0.0,48348,48348,0.0,18560,18920
1789820677.0752337,15276012,35153,0.9813254984306623,83844,119876,25.51446295919722,71768,71768,1.9626509968613246,48348,48348,0.0,18560,18920
1789820678.1093905,15276012,35153,0.0,83924,119876,28.042262079309836,71768,71768,0.9669745544589599,48348,48348,0.0,18560,18920
1789820679.1372962,15276012,35153,0.0,83924,119876,28.212553522224837,71768,71768,0.0,48348,48348,0.0,18560,18920
1789820680.172165,15276016,35153,0.0,83924,119876,28.023007058860923,71768,71768,0.9663105882365834,48348,48348,0.0,18560,18920
1789820681.2119575,15276020,35153,0.0,83924,119876,27.89020232849432,71768,71768,0.0,48348,48348,0.0,18560,18920
1789820682.2383914,15275516,35153,0.974242252642818,84268,119876,25.33029856871327,71768,71768,0.974242252642818,48348,48348,0.0,18560,18920
1789820683.2469451,15275520,35153,0.0,84268,119876,27.76252169372198,71768,71768,0.0,48348,48348,0.0,18560,18920
1789820684.2565436,15275524,35153,0.0,84268,119876,25.75283074298367,71768,71768,0.9904934901147565,48348,48348,0.0,18560,18920
1789820685.2954237,15275524,35153,0.0,84268,119876,26.952065502195552,71768,71768,0.0,48348,48348,0.0,18560,18920
1789820686.3236148,15275528,35153,0.0,84268,119876,29.17747717321988,71768,71768,0.9725825724406627,48348,48348,0.0,18560,18920
1789820687.3536043,15275536,35153,0.9708873750602848,84348,119876,25.243071751567406,71768,71768,0.0,48348,48348,0.0,18560,18920
1789820688.39094,15275540,34230,0.0,84348,119876,25.06422809670765,71768,71768,0.9640087729502943,48348,48348,0.0,18560,18920
1789820689.4254966,15275540,35153,0.0,84348,119876,28.03131706685949,71768,71768,0.0,48348,48348,0.0,18560,18920
1789820690.4627693,15275540,35153,0.0,84348,119876,30.85013947223518,71768,71768,0.9640668585073494,48348,48348,0.0,18560,18920
1789820691.5008154,15275548,35153,0.0,84348,119876,28.900452154603002,71768,71768,0.0,48348,48348,0.0,18560,18920
1789820692.5343573,15275548,35153,0.0,84428,119876,23.22100962024151,71768,71768,0.9675420675100629,48348,48348,0.0,18560,18920
1789820693.5680146,15275552,35153,0.0,84428,119876,27.088303619833752,71768,71768,0.9674394149940626,48348,48348,0.0,18560,18920
1789820694.5769525,15275552,35153,0.0,84428,119876,27.75193929065992,71768,71768,0.0,48348,48348,0.0,18560,18920
1789820695.606957,15275560,35153,0.0,84428,119876,32.038840114993285,71768,71768,0.9708739428785843,48348,48348,0.0,18560,18920
1789820696.6369855,15275560,35153,0.0,84428,119876,25.24190766672441,71768,71768,0.9708426025663235,48348,48348,0.0,18560,18920
1789820697.6480162,15275564,35153,0.9890942879232018,84508,119876,26.70554577392645,71768,71768,0.0,48348,48348,0.0,18560,18920
1789820698.6895058,15275568,35153,0.0,84508,119876,25.924432024306363,71768,71768,0.9601641490483839,48348,48348,0.0,18560,18920
1789820699.7210689,15275568,35153,0.0,84508,119876,24.234926584783537,71768,71768,0.0,48348,48348,0.0,18560,18920
1789820700.7609825,15275324,35153,0.0,84508,119876,25.002084476668138,71768,71768,0.9616186337180053,48348,48348,0.0,18560,18920
1789820701.7939713,15275324,35153,0.0,84508,119876,30.978225816508683,71768,71768,0.0,48348,48348,0.0,18560,18920
1789820702.8253033,15275328,35153,0.9696183810105696,84588,119876,24.240459525264242,71768,71768,0.9696183810105696,48348,48348,0.0,18560,18920
1789820703.8619988,15275328,35153,0.0,84588,119876,30.867203212861362,71768,71768,0.0,48348,48348,0.0,18560,18920
1789820704.8823407,15275328,35153,0.0,84588,119876,26.46172656627626,71768,71768,0.9800639468991207,48348,48348,0.0,18560,18920
1789820705.9098892,15275332,35153,0.0,84588,119876,28.222505258258693,71768,71768,0.9731898364916791,48348,48348,0.0,18560,18920
1789820706.9198165,15275332,35153,0.0,84588,119876,24.754241916107127,71768,71768,0.0,48348,48348,0.0,18560,18920
1789820707.9581857,15275336,35153,0.0,84668,119876,29.854515814531702,71768,71768,0.9630488972429582,48348,48348,0.0,18560,18920
1789820708.989353,15275336,35153,0.0,84668,119876,27.15368963214017,71768,71768,0.9697746297192918,48348,48348,0.0,18560,18920
1789820710.025815,15275340,35153,0.0,84668,119876,27.97992647520349,71768,71768,0.9648250508690859,48348,48348,0.0,18560,18920
1789820711.0628588,15275340,35153,0.0,84668,119876,26.03543275248666,71768,71768,0.9642752871291356,48348,48348,0.0,18560,18920
1789820712.0774677,15275088,35153,0.9856033335028068,84668,119876,27.59689333807859,71768,71768,0.0,48348,48348,0.0,18560,18920
1789820713.1119726,15275092,35153,0.0,84748,119876,25.132763606254283,71768,71768,0.9666447540867033,48348,48348,0.0,18560,18920
1789820714.1401556,15275344,34230,0.0,84748,119876,24.314823447693215,71768,71768,0.0,48348,48348,0.0,18560,18920
1789820715.178151,15275348,35153,0.0,84748,119876,25.048177592529655,71768,71768,0.9633914458665251,48348,48348,0.0,18560,18920
1789820716.211839,15275348,34230,0.0,84748,119876,27.087461768860553,71768,71768,0.0,48348,48348,0.0,18560,18920
1789820717.2206135,15275352,35153,0.9913021493933566,84828,119876,25.773855884227274,71768,71768,0.0,48348,48348,0.0,18560,18920
1789820718.229451,15275356,35153,0.0,84828,119876,24.781001001276724,71768,71768,0.9912400400510689,48348,48348,0.0,18560,18920
1789820719.23856,15275356,35153,0.0,84828,119876,29.72934525966715,71768,71768,0.9909781753222383,48348,48348,0.0,18560,18920
1789820720.2675304,15275372,35153,0.0,84828,119876,27.211539942935165,71768,71768,0.0,48348,48348,0.0,18560,18920
1789820721.277456,15275372,35153,0.0,84828,119876,24.754299124676166,71768,71768,0.9901719649870466,48348,48348,0.0,18560,18920
1789820722.304638,15275376,34230,0.9735365582335113,84908,119876,26.285487072304804,71768,71768,0.9735365582335113,48348,48348,0.0,18560,18920
1789820723.3395557,15275376,35153,0.0,84908,119876,28.021703918955552,71768,71768,0.0,48348,48348,0.0,18560,18920
1789820724.3678832,15275380,35153,0.0,84908,119876,25.283632518925884,71768,71768,0.9724474045740725,48348,48348,0.0,18560,18920
1789820725.3772964,15275384,34230,0.0,84908,119876,27.73902660528154,71768,71768,0.0,48348,48348,0.0,18560,18920
1789820726.406019,15275388,35153,0.0,84908,119876,25.27396224141922,71768,71768,0.9720754708238162,48348,48348,0.0,18560,18920
1789820727.4256353,15275392,35153,0.980761143242985,84988,119876,29.42283429728955,71768,71768,0.0,48348,48348,0.0,18560,18920
1789820728.4537423,15275392,35153,0.0,84988,119876,25.289189369942523,71768,71768,0.972661129613174,48348,48348,0.0,18560,18920
1789820729.4892411,15275392,35153,0.0,84988,119876,27.04021978320554,71768,71768,0.0,48348,48348,0.0,18560,18920
1789820730.5239198,15275404,35153,0.0,84988,119876,28.02792047109692,71768,71768,0.9664800162447214,48348,48348,0.0,18560,18920
1789820731.5437865,15275404,35153,0.0,84988,119876,29.415750482393946,71768,71768,0.0,48348,48348,0.0,18560,18920
1789820732.5700018,15275160,35153,0.0,85068,119876,26.310276086084862,71768,71768,0.9744546698549948,48348,48348,0.0,18560,18920
1789820733.60978,15275160,35153,0.0,85068,119876,26.928796055610604,71768,71768,0.9617427162718073,48348,48348,0.0,18560,18920
1789820734.6481686,15275160,35153,0.0,85068,119876,26.001712958184584,71768,71768,0.0,48348,48348,0.0,18560,18920
1789820735.6851501,15275164,35153,0.0,85068,119876,26.03710969531523,71768,71768,0.9643373961227864,48348,48348,0.0,18560,18920
1789820736.716217,15275172,35153,0.0,85068,119876,27.156307828393516,71768,71768,0.0,48348,48348,0.0,18560,18920
1789820737.7528162,15275180,34230,0.9646989712039349,85148,119876,27.976270164914112,71768,71768,0.0,48348,48348,0.0,18560,18920
1789820738.7806897,15275184,35153,0.0,85148,119876,26.267814204088648,71768,71768,0.9728820075588388,48348,48348,0.0,18560,18920
1789820739.811858,15275184,35153,0.0,85148,119876,27.153552490782115,71768,71768,0.0,48348,48348,0.0,18560,18920
1789820740.8207636,15275184,34230,0.0,85148,119876,22.796958863095075,71768,71768,0.9911721244823946,48348,48348,0.0,18560,18920
1789820741.8592584,15275192,35153,0.0,85148,119876,25.99926759870149,71768,71768,0.0,48348,48348,0.0,18560,18920
1789820742.891977,15275192,35153,0.0,85228,119876,24.207858354977066,71768,71768,0.9683143341990826,48348,48348,0.0,18560,18920
1789820743.9293315,15275196,34230,0.0,85228,119876,26.991737128450204,71768,71768,0.9639906117303644,48348,48348,0.0,18560,18920
1789820744.949152,15275196,35153,0.0,85228,119876,29.4169366936295,71768,71768,0.0,48348,48348,0.0,18560,18920
1789820745.9830115,15274692,35153,0.0,85228,119876,26.115740609765325,71768,71768,0.9672496522135305,48348,48348,0.0,18560,18920
1789820746.9931407,15274700,34230,0.0,85228,119876,30.689259706301,71768,71768,0.0,48348,48348,0.9899761195580968,18560,18920
1789820748.0277612,15274700,35153,0.0,85308,119876,25.129896191782215,71768,71768,0.9665344689147005,48348,48348,0.0,18560,18920
1789820749.05903,15274704,34230,0.0,85308,119876,29.090516478255058,71768,71768,0.0,48348,48348,0.0,18560,18920
1789820750.09584,15274704,35153,0.0,85308,119876,27.97028446622529,71768,71768,0.9644925678008721,48348,48348,0.0,18560,18920
1789820751.1249044,15274704,35153,0.0,85308,119876,24.29395194418979,71768,71768,0.9717580777675916,48348,48348,0.0,18560,18920
1789820752.1585999,15274708,35153,0.9674050204581314,85572,119876,27.08734057282768,71768,71768,0.0,48348,48348,0.0,18560,18920
1789820753.1879306,15274712,34230,0.0,85652,119876,27.20203288097117,71768,71768,0.971501174320399,48348,48348,0.0,18560,18920
1789820754.2309291,15274712,34230,0.0,85652,119876,29.722100745393313,71768,71768,0.0,48348,48348,0.0,18560,18920
1789820755.2685301,15274716,34230,0.0,85652,119876,29.8765100044665,71768,71768,0.9637583872408548,48348,48348,0.0,18560,18920
1789820756.278014,15274716,34230,0.0,85652,119876,30.70888234420997,71768,71768,0.0,48348,48348,0.0,18560,18920
1789820757.3100865,15274720,35153,0.0,85732,119876,25.191926948201072,71768,71768,0.9689202672385028,48348,48348,0.0,18560,18920
1789820758.3402119,15274720,34230,0.0,85732,119876,28.152028061366764,71768,71768,0.9707595883229918,48348,48348,0.0,18560,18920
1789820759.3736384,15274728,34230,0.0,85732,119876,28.061855901303506,71768,71768,0.0,48348,48348,0.0,18560,18920
1789820760.3836255,15274728,35153,0.0,85732,119876,28.71323728140439,71768,71768,0.9901116303932548,48348,48348,0.0,18560,18920
1789820761.3927226,15274732,35153,0.0,85732,119876,24.774625234241363,71768,71768,0.0,48348,48348,0.0,18560,18920
1789820762.421469,15274732,34230,0.9720617298355916,85812,119876,30.13391362490334,71768,71768,0.9720617298355916,48348,48348,0.0,18560,18920
1789820763.4631321,15274732,34230,0.0,85812,119876,24.959996996804968,71768,71768,0.0,48348,48348,0.0,18560,18920
1789820764.4931424,15274736,34230,0.0,85812,119876,28.155174647024932,71768,71768,0.9708680912767218,48348,48348,0.0,18560,18920
1789820765.5231333,15274736,35153,0.0,85812,119876,28.155567592577306,71768,71768,0.9708816411233554,48348,48348,0.0,18560,18920
1789820766.5602107,15274740,35153,0.0,85812,119876,26.99882612767306,71768,71768,0.0,48348,48348,0.0,18560,18920
1789820767.5879445,15274740,35153,0.9730147731620006,85892,119876,24.325369329050012,71768,71768,0.9730147731620006,48348,48348,0.0,18560,18920
1789820768.6298804,15274740,34230,0.0,85892,119876,24.95366675138818,71768,71768,0.0,48348,48348,0.0,18560,18920
1789820769.6563025,15274744,35153,0.0,85892,119876,26.30484406908293,71768,71768,0.9742534840401086,48348,48348,0.0,18560,18920
1789820770.6879697,15274744,34230,0.0,85892,119876,23.263401203591762,71768,71768,0.9693083834829901,48348,48348,0.0,18560,18920
1789820771.7279665,15274748,35153,0.0,85892,119876,25.961648723660254,71768,71768,0.0,48348,48348,0.0,18560,18920
1789820772.7620041,15274752,35153,0.0,85972,119876,26.11108823811364,71768,71768,0.9670773421523571,48348,48348,0.0,18560,18920
1789820773.79,15274760,35153,0.0,85972,119876,25.29206557475341,71768,71768,0.0,48348,48348,0.0,18560,18920
1789820774.8193166,15274760,34230,0.0,85972,119876,23.31643120701381,71768,71768,0.9715179669589087,48348,48348,0.0,18560,18920
1789820775.8468995,15274760,34230,0.0,85972,119876,25.302006205806794,71768,71768,0.0,48348,48348,0.0,18560,18920
1789820776.8588314,15274764,35153,0.0,85972,119876,27.669980119445295,71768,71768,0.9882135756944748,48348,48348,0.0,18560,18920
1789820777.895322,15274772,35153,0.9647933244772651,86052,119876,29.90859305879522,71768,71768,0.0,48348,48348,0.0,18560,18920
1789820778.9230819,15274772,34230,0.0,86052,119876,27.24371114588334,71768,71768,0.9729896837815478,48348,48348,0.0,18560,18920
1789820779.9568815,15274772,35153,0.0,86052,119876,26.117134226879664,71768,71768,0.9673012676622098,48348,48348,0.0,18560,18920
1789820780.9794395,15274776,35153,0.0,86052,119876,26.404484246568877,71768,71768,0.0,48348,48348,0.0,18560,18920
1789820782.0069788,15274776,35153,0.0,86052,119876,28.22265058084669,71768,71768,0.9731948476154032,48348,48348,0.0,18560,18920
1789820783.015505,15274524,35153,0.9915455452635958,86132,119876,24.788638631589897,71768,71768,0.9915455452635958,48348,48348,0.0,18560,18920
1789820784.0259373,15274528,34230,0.0,86132,119876,26.721361876736115,71768,71768,0.0,48348,48348,0.0,18560,18920
1789820785.0675786,15274528,35153,0.0,86132,119876,25.920635549092736,71768,71768,0.9600235388552866,48348,48348,0.0,18560,18920
1789820786.0994835,15274532,34230,0.0,86132,119876,25.196003905639433,71768,71768,0.0,48348,48348,0.0,18560,18920
1789820787.1292613,15274532,34230,0.9710835979758116,86132,119876,25.2481735473711,71768,71768,0.9710835979758116,48348,48348,0.0,18560,18920
1789820788.1440465,15274544,34230,0.0,86212,119876,24.635851322638683,71768,71768,0.0,48348,48348,0.0,18560,18920
1789820789.1786516,15274544,34230,0.0,86212,119876,24.163824925945594,71768,71768,0.9665529970378238,48348,48348,0.0,18560,18920
1789820790.2107012,15274544,34230,0.0,86212,119876,26.16148723706804,71768,71768,0.9689439717432607,48348,48348,0.0,18560,18920
1789820791.2391977,15274548,35153,0.0,86212,119876,26.251834733432478,71768,71768,0.0,48348,48348,0.0,18560,18920
1789820792.2602112,15274548,34230,0.0,86292,119876,24.485570408508234,71768,71768,0.9794228163403293,48348,48348,0.0,18560,18920
1789820793.2865198,15274564,35153,0.0,86292,119876,26.307774474288234,71768,71768,0.0,48348,48348,0.0,18560,18920
1789820794.2961411,15274568,34230,0.0,86292,119876,29.714238142068982,71768,71768,0.9904746047356328,48348,48348,0.0,18560,18920
1789820795.3325,15274568,34230,0.0,86292,119876,27.982579084518854,71768,71768,0.9649165201558226,48348,48348,0.0,18560,18920
1789820796.3639982,15274568,34230,0.0,86292,119876,28.114332894957975,71768,71768,0.0,48348,48348,0.0,18560,18920
1789820797.3856916,15274568,35153,0.9787669555943762,86372,119876,29.363008667831284,71768,71768,0.9787669555943762,48348,48348,0.0,18560,18920
1789820798.4138954,15274572,34230,0.0,86372,119876,29.177083440635826,71768,71768,0.0,48348,48348,0.0,18560,18920
1789820799.4489942,15274572,34230,0.0,86372,119876,28.982782808786123,71768,71768,0.9660927602928708,48348,48348,0.0,18560,18920
1789820800.4908037,15274576,34230,0.0,86372,119876,26.876285671521156,71768,71768,0.0,48348,48348,0.0,18560,18920
1789820801.5299509,15274576,34230,0.0,86372,119876,26.945265727585678,71768,71768,0.9623309188423457,48348,48348,0.0,18560,18920
1789820802.5569432,15274580,34230,0.9737192758487759,86452,119876,26.29042044791695,71768,71768,0.0,48348,48348,0.0,18560,18920
1789820803.5896184,15274328,34230,0.0,86452,119876,28.08234386986712,71768,71768,0.9683566851678317,48348,48348,0.0,18560,18920
1789820804.6327193,15274328,34230,0.0,86452,119876,32.595129544666335,71768,71768,0.0,48348,48348,0.0,18560,18920
1789820805.6656692,15274332,34230,0.0,86452,119876,30.97911924686691,71768,71768,0.968097476464591,48348,48348,0.0,18560,18920
1789820806.6752992,15274332,34230,0.0,86452,119876,28.723390162311507,71768,71768,0.9904617297348796,48348,48348,0.0,18560,18920
1789820807.7051275,15274336,34230,0.0,86532,119876,29.13120665277059,71768,71768,0.0,48348,48348,0.0,18560,18920
1789820808.7340317,15274348,34230,0.0,86532,119876,28.185210190580545,71768,71768,0.9719037996751912,48348,48348,0.0,18560,18920
1789820809.7691684,15274352,34230,0.0,86532,119876,29.947702597445844,71768,71768,0.9660549224982531,48348,48348,0.0,18560,18920
1789820810.7778807,15274352,34230,0.0,86532,119876,25.77555717079637,71768,71768,0.9913675834921681,48348,48348,0.0,18560,18920
1789820811.8113441,15274356,34230,0.0,86532,119876,26.125647495017038,71768,71768,0.0,48348,48348,0.0,18560,18920
1789820812.8336158,15274356,34230,0.9782131946442106,86612,119876,27.389969450037896,71768,71768,0.0,48348,48348,0.0,18560,18920
1789820813.866577,15274360,35153,0.0,86612,119876,26.13846105864089,71768,71768,0.9680911503200329,48348,48348,0.0,18560,18920
1789820814.8960166,15274360,34230,0.0,86612,119876,27.199263871348123,71768,71768,0.0,48348,48348,0.0,18560,18920
1789820815.9051929,15274364,34230,0.0,86612,119876,25.76369747934285,71768,71768,0.9909114415131864,48348,48348,0.0,18560,18920
1789820816.9419682,15274112,34230,0.0,86612,119876,27.971236575573975,71768,71768,0.9645253991577233,48348,48348,0.0,18560,18920
1789820817.9558167,15274112,34230,0.986339565903104,86956,119876,25.644828713480706,71768,71768,0.0,48348,48348,0.0,18560,18920
1789820818.9906747,15274112,34230,0.0,86956,119876,27.05686421908725,71768,71768,0.966316579253116,48348,48348,0.0,18560,18920
1789820820.0183194,15274116,34230,0.0,86956,119876,28.22000721267268,71768,71768,0.0,48348,48348,0.0,18560,18920
1789820821.0485098,15274116,35153,0.0,86956,119876,29.120692195904955,71768,71768,0.9706897398634985,48348,48348,0.0,18560,18920
1789820822.0600047,15274120,34230,0.0,86956,119876,26.693193980565386,71768,71768,0.0,48348,48348,0.0,18560,18920
1789820823.0887656,15274120,34230,0.0,87036,119876,27.217158530367502,71768,71768,0.9720413760845537,48348,48348,0.0,18560,18920
1789820824.0979943,15274124,34230,0.0,87036,119876,25.76236365531802,71768,71768,0.0,48348,48348,0.0,18560,18920
1789820825.1291637,15274124,34230,0.0,87036,119876,24.244310867113903,71768,71768,0.9697724346845561,48348,48348,0.0,18560,18920
1789820826.1638207,15274124,34230,0.0,87036,119876,26.095647708724375,71768,71768,0.0,48348,48348,0.0,18560,18920
1789820827.192943,15274136,34230,0.9717001636230899,87116,119876,23.320803926954156,71768,71768,0.9717001636230899,48348,48348,0.0,18560,18920
1789820828.2222323,15274136,35153,0.0,87116,119876,26.23170609196802,71768,71768,0.0,48348,48348,0.0,18560,18920
1789820829.2578363,15274140,34230,0.0,87116,119876,25.106116578167246,71768,71768,0.965619868391048,48348,48348,0.0,18560,18920
1789820830.284425,15274140,34230,0.0,87116,119876,27.27480499298904,71768,71768,0.9741001783210371,48348,48348,0.0,18560,18920
1789820831.3243258,15274144,34230,0.0,87116,119876,25.963898704762574,71768,71768,0.0,48348,48348,0.0,18560,18920
1789820832.363758,15274144,34230,0.9620637798142649,87196,119876,25.97572205498515,71768,71768,0.9620637798142649,48348,48348,0.0,18560,18920
1789820833.4014156,15273892,34230,0.0,87196,119876,27.947563455380408,71768,71768,0.0,48348,48348,0.0,18560,18920
1789820834.410832,15273896,34230,0.0,87196,119876,27.73881822231646,71768,71768,0.9906720793684449,48348,48348,0.0,18560,18920
1789820835.4212246,15273900,34230,0.0,87196,119876,25.732558279509043,71768,71768,0.989713779981117,48348,48348,0.0,18560,18920
1789820836.4379888,15273904,34230,0.0,87196,119876,27.538473524349797,71768,71768,0.0,48348,48348,0.0,18560,18920
1789820837.4768128,15273904,34230,0.0,87276,119876,26.953554084180706,71768,71768,0.0,48348,48348,0.0,18560,18920
1789820838.5052698,15273908,35153,0.0,87276,119876,27.225116448732276,71768,71768,0.9723255874547241,48348,48348,0.0,18560,18920
1789820839.5146787,15273908,34230,0.0,87276,119876,22.78561583699035,71768,71768,0.0,48348,48348,0.0,18560,18920
1789820840.5233822,15273908,34230,0.0,87276,119876,26.767033100650224,71768,71768,0.9913715963203786,48348,48348,0.0,18560,18920
1789820841.532292,15273912,34230,0.0,87276,119876,25.770505070760066,71768,71768,0.0,48348,48348,0.0,18560,18920
1789820842.5631812,15273912,35153,0.9700325017055442,87356,119876,27.16091004775524,71768,71768,0.9700325017055442,48348,48348,0.0,18560,18920
1789820843.5734963,15273664,34230,0.0,87356,119876,23.754968497655813,71768,71768,0.0,48348,48348,0.0,18560,18920
1789820844.5824502,15273668,35153,0.0,87356,119876,26.760388577840928,71768,71768,0.9911255028829974,48348,48348,0.0,18560,18920
1789820845.623568,15273668,34230,0.0,87356,119876,27.854682742541623,71768,71768,0.9605063014669525,48348,48348,0.0,18560,18920
1789820846.6553993,15273672,34230,0.0,87356,119876,26.167151864292947,71768,71768,0.0,48348,48348,0.0,18560,18920
1789820847.6837447,15273672,34230,0.9724318800212813,87436,119876,26.255660760574596,71768,71768,0.9724318800212813,48348,48348,0.0,18560,18920
1789820848.7150269,15273680,34230,0.0,87436,119876,29.09015332520043,71768,71768,0.9696717775066809,48348,48348,0.0,18560,18920
1789820849.723709,15273696,34230,0.0,87436,119876,26.767474296719577,71768,71768,0.0,48348,48348,0.0,18560,18920
1789820850.7575843,15273700,34230,0.0,87436,119876,24.180855364701532,71768,71768,0.9672342145880614,48348,48348,0.0,18560,18920
1789820851.7677855,15273700,34230,0.0,87436,119876,27.717282553820215,71768,71768,0.9899029483507219,48348,48348,0.0,18560,18920
1789820852.7962809,15273448,34230,0.0,87516,119876,25.27961318303387,71768,71768,0.0,48348,48348,0.0,18560,18920
1789820853.8058383,15273452,34230,0.0,87516,119876,29.716125537531482,71768,71768,0.990537517917716,48348,48348,0.0,18560,18920
1789820854.8347392,15273452,35153,0.0,87516,119876,28.185331187366447,71768,71768,0.9719079719781534,48348,48348,0.0,18560,18920
1789820855.843393,15273456,34230,0.0,87516,119876,25.776945619542257,71768,71768,0.0,48348,48348,0.0,18560,18920
1789820856.874031,15273456,35153,0.0,87516,119876,25.227057660647283,71768,71768,0.9702714484864339,48348,48348,0.0,18560,18920
1789820857.9128416,15273460,34230,0.962640213444607,87596,119876,26.953925976448996,71768,71768,0.0,48348,48348,0.0,18560,18920
1789820858.9432602,15273460,34230,0.0,87596,119876,29.114337006174907,71768,71768,0.9704779002058302,48348,48348,0.0,18560,18920
1789820859.976186,15273464,34230,0.0,87596,119876,25.17123904370037,71768,71768,0.0,48348,48348,0.0,18560,18920
1789820861.0065572,15273468,34230,0.0,87596,119876,32.02728463774407,71768,71768,0.9705237769013354,48348,48348,0.0,18560,18920
1789820862.0167696,15273468,34230,0.0,87596,119876,24.747409379313254,71768,71768,0.9898963751725302,48348,48348,0.0,18560,18920
1789820863.0478616,15273480,35153,0.9698410535159507,87676,119876,28.12539055196257,71768,71768,0.0,48348,48348,0.0,18560,18920
1789820864.0762103,15273480,34230,0.0,87676,119876,27.228073894568936,71768,71768,0.9724312105203192,48348,48348,0.0,18560,18920
1789820865.1186435,15273492,34230,0.0,87676,119876,28.778834866059018,71768,71768,0.0,48348,48348,0.0,18560,18920
1789820866.1542892,15273492,34230,0.0,87676,119876,30.89863117643741,71768,71768,0.0,48348,48348,0.0,18560,18920
1789820867.1702085,15273496,34230,0.984329151147859,87676,119876,29.529874534435773,71768,71768,0.984329151147859,48348,48348,0.984329151147859,18560,18920
1789820868.192866,15273496,34230,0.0,87756,119876,31.29117151170928,71768,71768,0.977849109740915,48348,48348,0.0,18560,18920
1789820869.2203572,15273496,34230,0.0,87756,119876,28.224068591475653,71768,71768,0.0,48348,48348,0.0,18560,18920
1789820870.2548943,15273500,34230,0.0,87756,119876,27.065140701555446,71768,71768,0.9666121679126946,48348,48348,0.0,18560,18920
1789820871.284807,15273504,34230,0.0,87756,119876,28.157863980639643,71768,71768,0.0,48348,48348,0.0,18560,18920
1789820872.3263674,15273504,34230,0.0,87836,119876,24.962558154969642,71768,71768,0.9600983905757554,48348,48348,0.0,18560,18920
1789820873.356877,15273504,34230,0.0,87836,119876,24.259806002328258,71768,71768,0.0,48348,48348,0.0,18560,18920
1789820874.391976,15273504,34230,0.0,87836,119876,25.118397620122444,71768,71768,0.9660922161585556,48348,48348,0.0,18560,18920
1789820875.420859,15273508,34230,0.0,87836,119876,24.298187339477916,71768,71768,0.9719274935791166,48348,48348,0.0,18560,18920
1789820876.452954,15273508,34230,0.0,87836,119876,25.191482493127562,71768,71768,0.0,48348,48348,0.0,18560,18920
1789820877.4837892,15273512,34230,0.9700820628798312,87916,119876,27.162297760635276,71768,71768,0.9700820628798312,48348,48348,0.0,18560,18920
1789820878.4942927,15273516,34230,0.0,87916,119876,24.740155164642104,71768,71768,0.0,48348,48348,0.0,18560,18920
1789820879.525272,15273516,34230,0.0,87916,119876,25.21886355630191,71768,71768,0.9699562906269965,48348,48348,0.0,18560,18920
1789820880.558813,15273528,34230,0.0,87916,119876,24.1886813669166,71768,71768,0.0,48348,48348,0.0,18560,18920
1789820881.5717788,15273528,34230,0.0,87916,119876,25.66720859851219,71768,71768,0.9872003307120073,48348,48348,0.0,18560,18920
1789820882.6052165,15273532,34230,0.9676432586577709,88260,119876,22.25579494912873,71768,71768,0.0,48348,48348,0.0,18560,18920
1789820883.6336882,15273532,34230,0.0,88260,119876,26.25255793622137,71768,71768,0.9723169606007914,48348,48348,0.0,18560,18920
1789820884.6663408,15273536,35153,0.0,88260,119876,25.177772626552308,71768,71768,0.0,48348,48348,0.0,18560,18920
1789820885.6978385,15273536,34230,0.0,88260,119876,27.145104510985238,71768,71768,0.9694680182494728,48348,48348,0.0,18560,18920
1789820886.734664,15273540,34230,0.0,88260,119876,25.076581009067546,71768,71768,0.9644838849641363,48348,48348,0.0,18560,18920
1789820887.776172,15273288,34230,0.9601450962050085,88340,119876,27.844207789945248,71768,71768,0.0,48348,48348,0.0,18560,18920
1789820888.8030682,15273540,34230,0.0,88340,119876,28.240334988805607,71768,71768,0.9738046547864003,48348,48348,0.0,18560,18920
1789820889.8122058,15273544,34230,0.0,88340,119876,25.764672974575273,71768,71768,0.0,48348,48348,0.0,18560,18920
1789820890.8420362,15273548,34230,0.0,88340,119876,24.275882776529162,71768,71768,0.9710353110611665,48348,48348,0.0,18560,18920
1789820891.8783743,15273552,34230,0.0,88340,119876,25.08828238493174,71768,71768,0.0,48348,48348,0.0,18560,18920
1789820892.9085863,15273552,34230,0.0,88420,119876,25.237519836043294,71768,71768,0.970673839847819,48348,48348,0.0,18560,18920
1789820893.93658,15273568,34230,0.0,88420,119876,27.237425835559442,71768,71768,0.9727652084128373,48348,48348,0.0,18560,18920
1789820894.945248,15273568,34230,0.0,88420,119876,23.79386678423515,71768,71768,0.0,48348,48348,0.0,18560,18920
1789820895.9799237,15273560,34230,0.0,88420,119876,26.09513171050306,71768,71768,0.9664863596482615,48348,48348,0.0,18560,18920
1789820897.0089157,15273572,34230,0.0,88420,119876,23.323747373577866,71768,71768,0.0,48348,48348,0.0,18560,18920
1789820898.0375464,15273324,35153,0.9721631210507518,88500,119876,24.304078026268794,71768,71768,0.9721631210507518,48348,48348,0.0,18560,18920
1789820899.0468342,15273328,34230,0.0,88500,119876,25.760867227778498,71768,71768,0.0,48348,48348,0.0,18560,18920
1789820900.0873258,15273328,34230,0.0,88500,119876,25.949161659567142,71768,71768,0.9610800614654498,48348,48348,0.0,18560,18920
1789820901.115253,15273352,34230,0.0,88500,119876,23.347968089425677,71768,71768,0.0,48348,48348,0.0,18560,18920
1789820902.1562104,15273336,34230,0.9606537050183886,88500,119876,25.937650035496493,71768,71768,0.9606537050183886,48348,48348,0.0,18560,18920
1789820903.182362,15273332,34230,0.0,88580,119876,26.311887133597946,71768,71768,0.0,48348,48348,0.0,18560,18920
1789820904.1967833,15273332,34230,0.0,88580,119876,26.616159474423082,71768,71768,0.9857836842378919,48348,48348,0.0,18560,18920
1789820905.2277396,15273332,34230,0.0,88580,119876,26.189397755420707,71768,71768,0.9699776946452113,48348,48348,0.0,18560,18920
1789820906.2693288,15273348,34230,0.0,88580,119876,26.88200323828059,71768,71768,0.0,48348,48348,0.0,18560,18920
1789820907.2954872,15273352,34230,0.0,88660,119876,27.286104533527602,71768,71768,0.9745037333402715,48348,48348,0.0,18560,18920
1789820908.331717,15273352,34230,0.0,88660,119876,27.9861953980155,71768,71768,0.0,48348,48348,0.0,18560,18920
1789820909.360302,15273352,34230,0.0,88660,119876,28.19408957091396,71768,71768,0.9722099852039296,48348,48348,0.0,18560,18920
1789820910.38919,15273352,34230,0.0,88660,119876,26.24181701420412,71768,71768,0.0,48348,48348,0.0,18560,18920
1789820911.3984418,15273368,34230,0.0,88660,119876,25.761657447498205,71768,71768,0.9908329787499309,48348,48348,0.0,18560,18920
1789820912.4285986,15273120,34230,0.9707249959422953,88740,119876,23.29739990261509,71768,71768,0.9707249959422953,48348,48348,0.0,18560,18920
1789820913.4596913,15273112,34230,0.0,88740,119876,30.06534482541918,71768,71768,0.0,48348,48348,0.0,18560,18920
1789820914.4928622,15273112,34230,0.0,88740,119876,31.94048356637022,71768,71768,0.0,48348,48348,0.0,18560,18920
1789820915.5347128,15273108,34230,0.0,88740,119876,31.674435425050188,71768,71768,0.9598313765166724,48348,48348,0.0,18560,18920
1789820916.5873423,15273108,34230,0.0,88740,119876,24.699942204602042,71768,71768,0.9499977771000785,48348,48348,0.0,18560,18920
1789820917.5970337,15273108,34230,0.9904056512579594,88820,119876,29.71216953773878,71768,71768,0.0,48348,48348,0.0,18560,18920
1789820918.6398494,15273112,34230,0.0,88820,119876,30.686006042509742,71768,71768,0.9589376888284294,48348,48348,0.0,18560,18920
1789820919.6724823,15273112,34230,0.0,88820,119876,30.988919323103854,71768,71768,0.9684037288469954,48348,48348,0.0,18560,18920
1789820920.713303,15273116,34230,0.0,88820,119876,30.744806149231827,71768,71768,0.0,48348,48348,0.0,18560,18920
1789820921.741028,15273128,34230,0.0,88820,119876,29.19080056240717,71768,71768,0.9730266854135724,48348,48348,0.0,18560,18920
1789820922.7702432,15272876,34230,0.9716144462135148,88900,119876,33.0348911712595,71768,71768,0.0,48348,48348,0.0,18560,18920
1789820923.800129,15272880,34230,0.0,88900,119876,26.216506566779877,71768,71768,0.970981724695551,48348,48348,0.0,18560,18920
1789820924.833865,15272888,34230,0.0,88900,119876,30.95565923269836,71768,71768,0.9673643510218237,48348,48348,0.0,18560,18920
1789820925.8619046,15272892,34230,0.0,88900,119876,31.127207361835488,71768,71768,0.972725230057359,48348,48348,0.0,18560,18920
1789820926.8907537,15272892,34230,0.0,88900,119876,30.13064059672473,71768,71768,0.0,48348,48348,0.0,18560,18920
1789820927.9004118,15272648,34230,0.0,88980,119876,29.713043783768615,71768,71768,0.9904347927922872,48348,48348,0.0,18560,18920
1789820928.9105313,15272648,34230,0.0,88980,119876,21.779582458178886,71768,71768,0.0,48348,48348,0.0,18560,18920
1789820929.9385726,15272648,34230,0.0,88980,119876,26.263670627216797,71768,71768,0.9727285417487702,48348,48348,0.0,18560,18920
1789820930.9760432,15272652,34230,0.0,88980,119876,26.988701846022728,71768,71768,0.0,48348,48348,0.0,18560,18920
1789820932.0043895,15272656,34230,0.0,88980,119876,32.09033523500524,71768,71768,0.972434401060765,48348,48348,0.0,18560,18920
1789820933.038985,15274320,34230,7.732502138066937,87368,119900,25.130631948717546,71768,71768,0.9665627672583671,48348,48348,0.0,18560,18920
1789820934.076943,15274320,34230,0.0,87368,119900,26.976052001170984,71768,71768,0.0,48348,48348,0.0,18560,18920
1789820935.111855,15274324,34230,0.0,87368,119900,26.089032931481647,71768,71768,0.0,48348,48348,0.0,18560,18920
1789820936.1210876,15274324,34230,0.0,87368,119900,21.798747596951113,71768,71768,0.9908521634977778,48348,48348,0.0,18560,18920
1789820937.1622696,15276160,34230,6.723129473702778,85584,119900,29.773859097826588,71768,71768,0.0,48348,48348,0.0,18560,18920
1789820938.1907074,15275724,34230,0.0,85832,119900,31.115294929834246,71768,71768,1.9447059331146404,48348,48348,0.0,18560,18920
1789820939.2203708,15275724,34230,0.0,85832,119900,30.10693056190638,71768,71768,0.9711913084485929,48348,48348,0.0,18560,18920
1789820940.2611353,15275728,34230,0.0,85832,119900,33.628941077462684,71768,71768,0.0,48348,48348,0.0,18560,18920
1789820941.2945948,15275728,34230,0.0,85832,119900,29.996377424573986,71768,71768,0.967625078212064,48348,48348,0.0,18560,18920
1789820942.3048363,15277488,34230,3.9594468504275517,83912,119900,29.695851378206637,71768,71768,0.9898617126068879,48348,48348,0.0,18560,18920
1789820943.3446953,15277368,34230,0.0,84168,119900,31.735203981412898,71768,71768,0.0,48348,48348,0.0,18560,18920
1789820944.3795855,15277372,34230,0.0,84168,119900,28.988443425585835,71768,71768,0.9662814475195278,48348,48348,0.0,18560,18920
1789820945.4082427,15276364,34230,0.0,84168,119900,28.19223147565632,71768,71768,0.0,48348,48348,0.0,18560,18920
1789820946.4372034,15276368,34230,0.0,84168,119900,28.183653432427622,71768,71768,0.9718501183595732,48348,48348,0.0,18560,18920
1789820947.459494,15278448,34230,5.869197830485041,82576,119900,30.32418879083938,71768,71768,0.0,48348,48348,0.0,18560,18920
1789820948.4991398,15278260,34230,0.0,82576,119900,29.817852568941056,71768,71768,0.9618662119013245,48348,48348,0.0,18560,18920
1789820949.5378819,15278260,34230,0.0,82576,119900,31.76917987988072,71768,71768,0.962702420602446,48348,48348,0.0,18560,18920
1789820950.576814,15278260,35153,0.0,82576,119900,31.763276959538786,71768,71768,0.0,48348,48348,0.0,18560,18920
1789820951.6042345,15278260,34230,0.0,82576,119900,28.22614492594847,71768,71768,1.9466306845481705,48348,48348,0.0,18560,18920
1789820952.6425612,15278264,34230,0.9630866158649518,82656,119900,29.855685091813505,71768,71768,0.0,48348,48348,0.0,18560,18920
1789820953.679863,15278268,34230,0.0,82656,119900,29.88512901606676,71768,71768,0.9640364198731213,48348,48348,0.0,18560,18920
1789820954.6898856,15278280,34230,0.0,82656,119900,26.73207110756976,71768,71768,0.0,48348,48348,0.0,18560,18920
1789820955.7207062,15278280,34230,0.0,82656,119900,25.222738193323647,71768,71768,0.0,48348,48348,0.0,18560,18920
1789820956.7615817,15278284,34230,0.0,82656,119900,26.900308657021117,71768,71768,0.9607253091793256,48348,48348,0.0,18560,18920
1789820957.8000488,15278284,34230,0.9629574339466852,83000,119900,29.851680452347242,71768,71768,0.9629574339466852,48348,48348,0.0,18560,18920
1789820958.8287916,15278292,34230,0.0,83000,119900,28.18978104029393,71768,71768,0.0,48348,48348,0.0,18560,18920
1789820959.838393,15278292,34230,0.0,83000,119900,33.67679814419128,71768,71768,0.9904940630644494,48348,48348,0.0,18560,18920
1789820960.8691208,15278300,34230,0.0,83000,119900,29.10563359212804,71768,71768,0.0,48348,48348,0.0,18560,18920
1789820961.8987997,15278300,34230,0.0,83000,119900,29.135318379228824,71768,71768,0.9711772793076274,48348,48348,0.0,18560,18920
1789820962.9314425,15278304,34230,0.0,83080,119900,34.86197580661142,71768,71768,0.9683882168503173,48348,48348,0.0,18560,18920
1789820963.9681332,15278308,34230,0.0,83080,119900,29.902878316112645,71768,71768,0.9646089779391176,48348,48348,0.0,18560,18920
1789820965.00287,15278308,34230,0.0,83080,119900,28.026443092089668,71768,71768,0.0,48348,48348,0.0,18560,18920
1789820966.0401845,15278308,34230,0.0,83080,119900,33.7409616507437,71768,71768,0.9640274757355342,48348,48348,0.0,18560,18920
1789820967.0830808,15278312,34230,0.9588651629816201,83080,119900,28.7659548894486,71768,71768,0.9588651629816201,48348,48348,0.0,18560,18920
1789820968.1125898,15278064,34230,0.0,83160,119900,29.14020018104117,71768,71768,0.0,48348,48348,0.0,18560,18920
1789820969.1506026,15278068,34230,0.0,83160,119900,31.791496552697044,71768,71768,0.9633786834150619,48348,48348,0.0,18560,18920
1789820970.1899922,15278072,34230,0.0,83160,119900,29.825049626232335,71768,71768,0.0,48348,48348,0.0,18560,18920
1789820971.2181747,15278072,34230,0.0,83160,119900,32.09564240001232,71768,71768,0.9725952242427978,48348,48348,0.0,18560,18920
1789820972.2499905,15278072,34230,0.0,83240,119900,28.105675058761406,71768,71768,0.0,48348,48348,0.0,18560,18920
1789820973.2805595,15278080,34230,0.0,83240,119900,31.050925843319753,71768,71768,0.9703414326037423,48348,48348,0.0,18560,18920
1789820974.3152354,15278084,34230,0.0,83240,119900,30.927561057662107,71768,71768,0.9664862830519408,48348,48348,0.0,18560,18920
1789820975.3507307,15278088,34230,0.0,83240,119900,27.040204533031194,71768,71768,0.0,48348,48348,0.0,18560,18920
1789820976.3903496,15278088,34230,0.0,83240,119900,23.0853867790479,71768,71768,0.9618911157936625,48348,48348,0.0,18560,18920
1789820977.4296255,15278092,34230,0.9622083833970502,83320,119900,26.941834735117407,71768,71768,0.0,48348,48348,0.0,18560,18920
1789820978.4676642,15278092,34230,0.0,83320,119900,26.010487347578216,71768,71768,0.9633513832436376,48348,48348,0.0,18560,18920
1789820979.4776342,15278092,34230,0.0,83320,119900,22.773041026507343,71768,71768,0.0,48348,48348,0.0,18560,18920
1789820980.5060227,15278096,34230,0.0,83320,119900,21.392599037050548,71768,71768,0.9723908653204795,48348,48348,0.0,18560,18920
1789820981.5151134,15278096,34230,0.0,83320,119900,27.747878145274232,71768,71768,0.0,48348,48348,0.0,18560,18920
1789820982.5449731,15278100,34230,0.9710062778576557,83400,119900,28.159182057872016,71768,71768,0.9710062778576557,48348,48348,0.0,18560,18920
1789820983.5742245,15278112,34230,0.0,83400,119900,26.2326650104641,71768,71768,0.0,48348,48348,0.0,18560,18920
1789820984.5836449,15278112,34230,0.0,83400,119900,30.71070135439287,71768,71768,0.9906677856255766,48348,48348,0.0,18560,18920
1789820985.5946684,15278116,34230,0.0,83400,119900,21.76002229239085,71768,71768,0.9890919223814023,48348,48348,0.0,18560,18920
1789820986.6225762,15278116,34230,0.0,83400,119900,26.267046514231655,71768,71768,0.0,48348,48348,0.9728535746011724,18560,18920
1789820987.6626801,15278120,34230,0.9614426639460778,83480,119900,22.11318127075979,71768,71768,0.9614426639460778,48348,48348,0.0,18560,18920
1789820988.7017002,15278124,34230,0.0,83480,119900,27.910949607113995,71768,71768,0.0,48348,48348,0.0,18560,18920
1789820989.7319028,15278124,34230,0.0,83480,119900,24.26692648456124,71768,71768,0.9706770593824495,48348,48348,0.0,18560,18920
1789820990.7615273,15278128,34230,0.0,83480,119900,26.223158568544406,71768,71768,0.0,48348,48348,0.0,18560,18920
1789820991.792795,15278128,34230,0.0,83480,119900,26.181479656874007,71768,71768,0.9696844317360744,48348,48348,0.0,18560,18920
1789820992.832277,15278132,34230,0.0,83560,119900,27.898531118289366,71768,71768,0.9620183144237713,48348,48348,0.0,18560,18920
1789820993.864674,15278140,35153,0.0,83560,119900,25.18398128469298,71768,71768,0.0,48348,48348,0.0,18560,18920
1789820994.8954542,15278144,34230,0.0,83560,119900,25.22361601445823,71768,71768,0.9701390774791627,48348,48348,0.0,18560,18920
1789820995.9152963,15278148,34230,0.0,83560,119900,23.53317148878759,71768,71768,0.0,48348,48348,0.0,18560,18920
1789820996.9440508,15278148,34230,0.0,83560,119900,26.245204326803577,71768,71768,0.9720446046964288,48348,48348,0.0,18560,18920
1789820997.95461,15278152,34230,0.9895505519977746,83640,119900,23.749213247946592,71768,71768,0.9895505519977746,48348,48348,0.0,18560,18920
1789820998.9840505,15278152,34230,0.0,83640,119900,20.399463578031124,71768,71768,0.9714030275252917,48348,48348,0.0,18560,18920
1789820999.9927118,15278152,34230,0.0,83640,119900,23.793914930516024,71768,71768,0.0,48348,48348,0.0,18560,18920
1789821001.0022507,15278156,34230,0.0,83640,119900,22.782729650848434,71768,71768,0.9905534630803667,48348,48348,0.0,18560,18920
1789821002.0365615,15278156,34230,0.0,83640,119900,23.203769405153764,71768,71768,0.0,48348,48348,0.0,18560,18920
1789821003.0644531,15278160,34230,0.0,83720,119900,26.267490522314024,71768,71768,0.9728700193449639,48348,48348,0.0,18560,18920
1789821004.0992281,15278168,34230,0.0,83720,119900,24.159857061166395,71768,71768,0.0,48348,48348,0.0,18560,18920
1789821005.138657,15278172,34230,0.0,83720,119900,27.89989100416922,71768,71768,0.9620652070403178,48348,48348,0.0,18560,18920
1789821006.1660185,15278172,34230,0.0,83720,119900,28.227525536169935,71768,71768,0.9733629495231012,48348,48348,0.0,18560,18920
1789821007.2072673,15278172,34230,0.9603902254492594,83800,119900,21.128584959883707,71768,71768,0.0,48348,48348,0.0,18560,18920
1789821008.2413826,15277928,34230,0.0,83800,119900,23.208261731932982,71768,71768,0.9670109054972076,48348,48348,0.0,18560,18920
1789821009.278884,15277932,34230,0.0,83800,119900,28.915604568567534,71768,71768,0.0,48348,48348,0.0,18560,18920
1789821010.3059697,15277936,34230,0.0,83800,119900,24.340595025310815,71768,71768,0.9736238010124326,48348,48348,0.0,18560,18920
1789821011.3358126,15277936,34230,0.0,83800,119900,24.275670623732,71768,71768,0.9710268249492799,48348,48348,0.0,18560,18920
1789821012.3707457,15277940,34230,0.0,83880,119900,23.18979492183635,71768,71768,0.0,48348,48348,0.0,18560,18920
1789821013.3792205,15277940,34230,0.0,83880,119900,29.748037838011612,71768,71768,0.9916012612670537,48348,48348,0.0,18560,18920
1789821014.4187748,15277952,34230,0.0,83880,119900,22.124743296699993,71768,71768,0.0,48348,48348,0.0,18560,18920
1789821015.450533,15277952,34230,0.0,83880,119900,23.26139355486585,71768,71768,0.9692247314527437,48348,48348,0.0,18560,18920
1789821016.4789212,15277952,34230,0.0,83880,119900,19.447826761857335,71768,71768,0.0,48348,48348,0.0,18560,18920
1789821017.5074666,15277956,34230,0.9722508267870452,83960,119900,25.278521496463174,71768,71768,0.9722508267870452,48348,48348,0.0,18560,18920
1789821018.5413237,15277956,34230,0.0,83960,119900,26.11577216008226,71768,71768,0.0,48348,48348,0.0,18560,18920
1789821019.5740907,15277964,34230,0.0,83960,119900,24.206736177925087,71768,71768,0.0,48348,48348,0.0,18560,18920
1789821020.6052804,15277964,34230,0.0,83960,119900,24.243829879105057,71768,71768,0.9697531951642023,48348,48348,0.0,18560,18920
1789821021.6142106,15277964,34230,0.0,83960,119900,25.769983543618686,71768,71768,0.9911532132161033,48348,48348,0.0,18560,18920
1789821022.6489847,15277716,34230,0.9663909362300871,84304,119900,25.126164341982264,71768,71768,0.0,48348,48348,0.0,18560,18920
1789821023.6831863,15277468,34230,0.0,84304,119900,25.140145214062702,71768,71768,0.9669286620793347,48348,48348,0.0,18560,18920
1789821024.6923547,15277468,34230,0.0,84304,119900,25.76389324137088,71768,71768,0.9909189708219569,48348,48348,0.0,18560,18920
1789821025.7285826,15277472,34230,0.0,84304,119900,28.95120401368995,71768,71768,0.0,48348,48348,0.0,18560,18920
1789821026.7594085,15276968,34230,0.0,84304,119900,28.132760752494207,71768,71768,0.9700951983618692,48348,48348,0.0,18560,18920
1789821027.7905369,15276716,34230,0.0,84384,119900,28.124397262041338,71768,71768,0.9698068021393564,48348,48348,0.0,18560,18920
1789821028.8104792,15276720,34230,0.0,84384,119900,23.530820914842664,71768,71768,0.0,48348,48348,0.0,18560,18920
1789821029.8397918,15276728,34230,0.0,84384,119900,27.20255701392832,71768,71768,0.9715198933545829,48348,48348,0.0,18560,18920
1789821030.8701203,15276732,34230,0.0,84384,119900,26.205337348208538,71768,71768,0.0,48348,48348,0.0,18560,18920
1789821031.903093,15276732,34230,0.0,84384,119900,25.170072412551672,71768,71768,0.9680797081750643,48348,48348,0.0,18560,18920
1789821032.933651,15276736,34230,0.9703473183464457,84464,119900,27.16972491370048,71768,71768,0.0,48348,48348,0.0,18560,18920
1789821033.9494603,15276736,34230,0.0,84464,119900,25.595250554754383,71768,71768,0.9844327136443993,48348,48348,0.0,18560,18920
1789821034.9786432,15276740,34230,0.0,84464,119900,26.23440462295322,71768,71768,0.0,48348,48348,0.0,18560,18920
1789821036.0142448,15276744,34230,0.0,84464,119900,26.07195675823473,71768,71768,0.9656280280827678,48348,48348,0.0,18560,18920
1789821037.05008,15276744,34230,0.9654028959977626,84464,119900,32.82369846392393,71768,71768,0.9654028959977626,48348,48348,0.0,18560,18920
1789821038.0808632,15276748,34230,0.0,84544,119900,29.104084118214125,71768,71768,0.0,48348,48348,0.0,18560,18920
1789821039.1198342,15276748,35153,0.0,84544,119900,28.874595767205566,71768,71768,0.9624865255735188,48348,48348,0.0,18560,18920
1789821040.1392384,15276764,34230,0.0,84544,119900,32.37201791140708,71768,71768,0.9809702397396085,48348,48348,0.0,18560,18920
1789821041.1712296,15276764,34230,0.0,84544,119900,31.977003658359983,71768,71768,0.0,48348,48348,0.0,18560,18920
1789821042.2094405,15276764,34230,0.9631941830780975,84624,119900,28.895825492342926,71768,71768,0.9631941830780975,48348,48348,0.0,18560,18920
1789821043.239398,15276768,34230,0.0,84624,119900,29.127314095678976,71768,71768,0.9709104698559659,48348,48348,0.0,18560,18920
1789821044.249876,15276768,34230,0.0,84624,119900,32.657952816275994,71768,71768,0.0,48348,48348,0.0,18560,18920
1789821045.2900417,15276768,34230,0.0,84624,119900,32.686993415777486,71768,71768,0.9613821592875731,48348,48348,0.0,18560,18920
1789821046.3292365,15276772,34230,0.0,84624,119900,28.868485285011193,71768,71768,0.9622828428337064,48348,48348,0.0,18560,18920
1789821047.3627586,15276772,34230,0.9675648470839151,84704,119900,29.026945412517453,71768,71768,0.0,48348,48348,0.0,18560,18920
1789821048.3732827,15276776,34230,0.0,84704,119900,34.63564311341336,71768,71768,0.9895898032403818,48348,48348,0.0,18560,18920
1789821049.4175255,15276776,34230,0.0,84704,119900,34.47476321643374,71768,71768,0.9576323115676039,48348,48348,0.0,18560,18920
1789821050.4570708,15276768,34230,0.0,84704,119900,33.668446572820756,71768,71768,0.0,48348,48348,0.0,18560,18920
1789821051.489082,15276772,34230,0.0,84704,119900,30.038511057212038,71768,71768,0.9689842276520012,48348,48348,0.0,18560,18920
1789821052.5195842,15276772,34230,0.0,84784,119900,28.141641247195036,71768,71768,0.9704014223170703,48348,48348,0.0,18560,18920
1789821053.5540845,15276776,35153,0.0,84784,119900,29.966033230673723,71768,71768,0.9666462332475395,48348,48348,0.0,18560,18920
1789821054.5678694,15276776,34230,0.0,84784,119900,30.578654155783354,71768,71768,0.0,48348,48348,0.0,18560,18920
1789821055.581208,15276788,34230,0.0,84784,119900,32.56557120937016,71768,71768,0.9868354911930354,48348,48348,0.0,18560,18920
1789821056.619142,15276788,34230,0.0,84784,119900,30.8303702393018,71768,71768,0.9634490699781812,48348,48348,0.0,18560,18920
1789821057.6482246,15276788,34230,0.9717384449366181,84864,119900,27.208676458225305,71768,71768,0.0,48348,48348,0.0,18560,18920
1789821058.6592438,15276540,35153,0.0,84864,119900,26.705720743413888,71768,71768,0.9891007682745885,48348,48348,0.0,18560,18920
1789821059.6872506,15276544,34230,0.0,84864,119900,28.210054960276043,71768,71768,0.0,48348,48348,0.0,18560,18920
1789821060.729319,15276548,34230,0.0,84864,119900,27.829281274032446,71768,71768,0.9596303887597395,48348,48348,0.0,18560,18920
1789821061.7617044,15276552,34230,0.0,84864,119900,28.09029348587534,71768,71768,0.9686308098577703,48348,48348,0.0,18560,18920
1789821062.7896597,15276304,34230,0.97280424370485,84944,119900,26.26571458003095,71768,71768,0.0,48348,48348,0.0,18560,18920
1789821063.8191905,15276304,34230,0.0,84944,119900,27.19687621808882,71768,71768,0.9713170077888864,48348,48348,0.0,18560,18920
1789821064.8532372,15276312,34230,0.0,84944,119900,30.946223079961154,71768,71768,0.0,48348,48348,0.0,18560,18920
1789821065.8687284,15276316,34230,0.0,84944,119900,28.557617488626597,71768,71768,0.9847454306422965,48348,48348,0.0,18560,18920
1789821066.8986971,15276320,34230,0.0,84944,119900,29.12721630372352,71768,71768,0.9709072101241174,48348,48348,0.0,18560,18920
1789821067.9398286,15276324,34230,0.0,85024,119900,28.814805028379386,71768,71768,0.0,48348,48348,0.0,18560,18920
1789821068.9797504,15276328,34230,0.0,85024,119900,30.771538634630343,71768,71768,0.9616105823321982,48348,48348,0.0,18560,18920
1789821070.0142543,15276328,34230,0.0,85024,119900,28.032756589262483,71768,71768,0.0,48348,48348,0.0,18560,18920
1789821071.0509,15276332,34230,0.0,85024,119900,30.868798702763907,71768,71768,0.9646499594613721,48348,48348,0.0,18560,18920
1789821072.088345,15276336,34230,0.9639067907185841,85024,119900,27.95329693083894,71768,71768,0.0,48348,48348,0.0,18560,18920
1789821073.1208842,15276336,34230,0.0,85104,119900,30.991554196179486,71768,71768,0.9684860686306089,48348,48348,0.0,18560,18920
1789821074.1578329,15276340,34230,0.0,85104,119900,29.895426242602774,71768,71768,0.9643685884710572,48348,48348,0.0,18560,18920
1789821075.1873822,15276340,34230,0.0,85104,119900,24.28233361459544,71768,71768,0.0,48348,48348,0.0,18560,18920
1789821076.2019541,15276340,34230,0.0,85104,119900,26.612341323862502,71768,71768,0.9856422712541667,48348,48348,0.0,18560,18920
1789821077.2295911,15276096,34230,0.9731021582280671,85184,119900,27.24686043038588,71768,71768,0.0,48348,48348,0.0,18560,18920
1789821078.2385602,15276096,34230,0.0,85184,119900,25.768978939215437,71768,71768,0.991114574585209,48348,48348,0.0,18560,18920
1789821079.2718763,15276100,34230,0.0,85184,119900,32.90378436411431,71768,71768,0.9677583636504209,48348,48348,0.0,18560,18920
1789821080.3133028,15276100,34230,0.0,85184,119900,28.806638201707603,71768,71768,0.0,48348,48348,0.0,18560,18920
1789821081.352393,15276104,34230,0.0,85184,119900,29.83379087927222,71768,71768,0.9623803509442652,48348,48348,0.0,18560,18920
1789821082.3916392,15276108,34230,0.9622361975096119,85264,119900,30.79155832030758,71768,71768,0.0,48348,48348,0.0,18560,18920
1789821083.430736,15276108,34230,0.0,85264,119900,32.720710212640775,71768,71768,0.9623738297835521,48348,48348,0.0,18560,18920
1789821084.4657428,15276112,34230,0.0,85264,119900,27.05285038280908,71768,71768,0.9661732279574671,48348,48348,0.0,18560,18920
1789821085.4763894,15276112,34230,0.0,85264,119900,23.747172756849135,71768,71768,0.0,48348,48348,0.0,18560,18920
1789821086.5080357,15276120,34230,0.0,85264,119900,29.079857532508253,71768,71768,0.9693285844169418,48348,48348,0.0,18560,18920
1789821087.5350583,15276120,34230,0.0,85608,119900,26.289498898601757,71768,71768,0.0,48348,48348,0.0,18560,18920
1789821088.5442204,15275872,34230,0.0,85608,119900,22.791161736122188,71768,71768,0.9909200754835734,48348,48348,0.0,18560,18920
1789821089.5529232,15275876,34230,0.0,85608,119900,30.732537278864577,71768,71768,0.0,48348,48348,0.0,18560,18920
1789821090.573743,15275624,34230,0.0,85608,119900,31.347528590136154,71768,71768,0.9796102684417548,48348,48348,0.0,18560,18920
1789821091.601906,15275632,34230,0.0,85608,119900,29.178230388406593,71768,71768,0.9726076796135531,48348,48348,0.0,18560,18920
1789821092.64219,15275632,34230,0.9612711847069735,85688,119900,32.6832202800371,71768,71768,0.0,48348,48348,0.0,18560,18920
1789821093.675384,15275636,34230,0.0,85688,119900,29.036316114497893,71768,71768,0.9678772038165965,48348,48348,0.0,18560,18920
1789821094.7156174,15275636,34230,0.0,85688,119900,23.071756866870327,71768,71768,0.9613232027862637,48348,48348,0.0,18560,18920
1789821095.7417936,15275640,34230,0.0,85688,119900,28.26023992325639,71768,71768,0.0,48348,48348,0.0,18560,18920
1789821096.773423,15275648,34230,0.0,85688,119900,23.26406458104463,71768,71768,0.9693360242101929,48348,48348,0.0,18560,18920
1789821097.7834585,15275396,34230,0.9900656397876969,85768,119900,22.771509715117027,71768,71768,0.0,48348,48348,0.0,18560,18920
1789821098.794074,15275400,34230,0.0,85768,119900,24.7374674179161,71768,71768,0.989498696716644,48348,48348,0.0,18560,18920
1789821099.8354294,15275400,34230,0.0,85768,119900,26.88803627907616,71768,71768,0.0,48348,48348,0.0,18560,18920
1789821100.86244,15275400,34230,0.0,85768,119900,23.36881797138739,71768,71768,0.973700748807808,48348,48348,0.0,18560,18920
1789821101.8933747,15275408,34230,0.0,85768,119900,26.18979044292377,71768,71768,0.9699922386268063,48348,48348,0.0,18560,18920
1789821102.9251277,15275412,34230,0.0,85848,119900,26.16893986603793,71768,71768,0.0,48348,48348,0.0,18560,18920
1789821103.9530332,15275416,34230,0.0,85848,119900,24.32142118539058,71768,71768,0.9728568474156232,48348,48348,0.0,18560,18920
1789821104.9856355,15275416,34230,0.0,85848,119900,23.2422512890885,71768,71768,0.9684271370453541,48348,48348,0.0,18560,18920
1789821106.0157948,15275416,34230,0.0,85848,119900,19.41447715272728,71768,71768,0.0,48348,48348,0.0,18560,18920
1789821107.0452816,15275172,34230,0.9713530963497921,85848,119900,24.283827408744802,71768,71768,0.9713530963497921,48348,48348,1.9427061926995841,18560,18920
1789821108.054948,15274924,34230,0.0,85928,119900,19.808605941348734,71768,71768,0.0,48348,48348,0.0,18560,18920
1789821109.0845404,15274928,34230,0.0,85928,119900,24.281454104591802,71768,71768,0.9712581641836721,48348,48348,0.0,18560,18920
1789821110.1170926,15274928,34230,0.0,85928,119900,24.211864443861078,71768,71768,0.9684745777544431,48348,48348,0.0,18560,18920
1789821111.148043,15274932,34230,0.0,85928,119900,25.219448608281105,71768,71768,0.0,48348,48348,0.0,18560,18920
1789821112.1833892,15274932,34230,0.0,86008,119900,25.11224650210546,71768,71768,0.9658556346963638,48348,48348,0.0,18560,18920
1789821113.206276,15274932,34230,0.0,86008,119900,21.50776431562023,71768,71768,0.0,48348,48348,0.0,18560,18920
1789821114.2346346,15274936,34230,0.0,86008,119900,23.338161820741355,71768,71768,0.9724234091975564,48348,48348,0.0,18560,18920
1789821115.2440987,15274936,34230,0.0,86008,119900,22.784476871319832,71768,71768,0.0,48348,48348,0.0,18560,18920
1789821116.2840323,15275192,34230,0.0,86008,119900,24.039902383874747,71768,71768,0.9615960953549899,48348,48348,0.0,18560,18920
1789821117.325908,15275196,34230,0.959810955020277,86088,119900,28.79432865060831,71768,71768,0.959810955020277,48348,48348,0.0,18560,18920
1789821118.3599918,15275204,34230,0.0,86088,119900,20.30773470845439,71768,71768,0.0,48348,48348,0.0,18560,18920
1789821119.3891635,15275204,34230,0.0,86088,119900,24.291507786726818,71768,71768,0.9716603114690727,48348,48348,0.0,18560,18920
1789821120.42081,15275204,34230,0.0,86088,119900,30.049034450603706,71768,71768,0.0,48348,48348,0.0,18560,18920
1789821121.4484572,15275208,34230,0.0,86088,119900,34.05822476167417,71768,71768,0.9730921360478335,48348,48348,0.0,18560,18920
1789821122.463744,15275212,34230,0.9849469736508848,86168,119900,31.518303156828313,71768,71768,0.9849469736508848,48348,48348,0.0,18560,18920
1789821123.5021648,15275212,34230,0.0,86168,119900,35.63107628299561,71768,71768,0.0,48348,48348,0.0,18560,18920
1789821124.5353549,15275468,34230,0.0,86168,119900,30.004094087675135,71768,71768,0.9678740028282301,48348,48348,0.0,18560,18920
1789821125.5642288,15275468,34230,0.0,86168,119900,29.158138923468364,71768,71768,0.9719379641156122,48348,48348,0.0,18560,18920
1789821126.6062095,15275468,34230,0.0,86168,119900,30.710735175590134,71768,71768,0.0,48348,48348,0.0,18560,18920
1789821127.6653156,15275472,34230,0.0,86248,119900,30.214044049272573,71768,71768,0.9441888765397679,48348,48348,0.0,18560,18920
1789821128.6938746,15275472,34230,0.0,86248,119900,34.02837226762656,71768,71768,0.9722392076464731,48348,48348,0.0,18560,18920
1789821129.731265,15275480,34230,0.0,86248,119900,32.77451051360051,71768,71768,0.0,48348,48348,0.0,18560,18920
1789821130.7725968,15275480,34230,0.0,86248,119900,27.848830307116433,71768,71768,0.9603044933488426,48348,48348,0.0,18560,18920
1789821131.8080409,15275484,34230,0.0,86248,119900,33.80194087478985,71768,71768,0.96576973927971,48348,48348,0.0,18560,18920
1789821132.8404515,15275232,34230,0.9686107552723483,86328,119900,31.964154923987493,71768,71768,0.0,48348,48348,0.0,18560,18920
1789821133.8720312,15275232,34230,0.0,86328,119900,29.081584174367972,71768,71768,0.969386139145599,48348,48348,0.0,18560,18920
1789821134.907058,15275236,34230,0.0,86328,119900,29.95080338039217,71768,71768,0.0,48348,48348,0.0,18560,18920
1789821135.9388745,15275236,34230,0.0,86328,119900,31.982579488248334,71768,71768,0.9691690754014647,48348,48348,0.0,18560,18920
1789821136.9798608,15275240,34230,0.0,86328,119900,32.66130429466452,71768,71768,0.9606265969018976,48348,48348,0.0,18560,18920
1789821138.0220506,15274992,34230,0.9595188201951952,86408,119900,30.704602246246246,71768,71768,0.9595188201951952,48348,48348,0.0,18560,18920
1789821139.0497093,15274996,34230,0.0,86408,119900,29.19244927567809,71768,71768,0.0,48348,48348,0.0,18560,18920
1789821140.0842338,15274996,34230,0.0,86408,119900,27.065720635832292,71768,71768,0.9666328798511533,48348,48348,0.0,18560,18920
1789821141.1241045,15274996,34230,0.0,86408,119900,25.002961071827833,71768,71768,0.9616523489164551,48348,48348,0.0,18560,18920
1789821142.1533818,15275000,34230,0.0,86408,119900,22.345883825147972,71768,71768,0.0,48348,48348,0.0,18560,18920
1789821143.1876216,15275000,34230,0.0,86488,119900,21.271586409509705,71768,71768,0.9668902913413503,48348,48348,0.0,18560,18920
1789821144.215381,15275004,34230,0.0,86488,119900,24.324859463340463,71768,71768,0.0,48348,48348,0.0,18560,18920
1789821145.2443707,15275004,34230,0.0,86488,119900,25.267478932342527,71768,71768,0.9718261127824049,48348,48348,0.0,18560,18920
1789821146.2861068,15275008,34230,0.0,86488,119900,21.118502269064336,71768,71768,0.0,48348,48348,0.0,18560,18920
1789821147.317156,15275008,34230,0.9698865577134518,86568,119900,23.27727738512284,71768,71768,0.9698865577134518,48348,48348,0.0,18560,18920
1789821148.3454537,15275008,34230,0.0,86568,119900,21.39467943613977,71768,71768,0.0,48348,48348,0.0,18560,18920
1789821149.37447,15275012,34230,0.0,86568,119900,28.182221184930512,71768,71768,0.9718007305148453,48348,48348,0.0,18560,18920
1789821150.4036288,15275012,34230,0.0,86568,119900,22.348373565579582,71768,71768,0.0,48348,48348,0.0,18560,18920
1789821151.434557,15275012,34230,0.0,86568,119900,32.00984351187871,71768,71768,0.9699952579357183,48348,48348,0.0,18560,18920
1789821152.4463065,15275016,34230,0.9883908141796668,86912,119900,25.698161168671334,71768,71768,0.0,48348,48348,0.0,18560,18920
1789821153.4827225,15275016,34230,0.0,86912,119900,25.08646082492982,71768,71768,0.0,48348,48348,0.0,18560,18920
1789821154.5165808,15275020,34230,0.0,86912,119900,28.050256871436538,71768,71768,0.9672502369460876,48348,48348,0.0,18560,18920
1789821155.5444732,15275020,34230,0.0,86912,119900,23.34864479411817,71768,71768,0.9728601997549237,48348,48348,0.0,18560,18920
1789821156.577352,15275020,34230,0.0,86912,119900,26.140543549982656,71768,71768,0.0,48348,48348,0.0,18560,18920
1789821157.5864527,15275024,34230,0.0,86992,119900,25.76562832123004,71768,71768,0.9909857046626938,48348,48348,0.0,18560,18920
1789821158.6262925,15275032,34230,0.0,86992,119900,23.080381427961623,71768,71768,0.961682559498401,48348,48348,0.0,18560,18920
1789821159.6628797,15274780,34230,0.0,86992,119900,25.082409171804805,71768,71768,0.0,48348,48348,0.0,18560,18920
1789821160.6970634,15274780,34230,0.0,86992,119900,34.81005031595123,71768,71768,0.9669458421097563,48348,48348,0.0,18560,18920
1789821161.734812,15274784,34230,0.0,86992,119900,23.12699635967019,71768,71768,0.9636248483195913,48348,48348,0.0,18560,18920
1789821162.7636068,15274568,34230,0.9720064957756103,87072,119900,22.356149402839037,71768,71768,0.0,48348,48348,0.0,18560,18920
1789821163.7777994,15274572,34230,0.0,87072,119900,26.622281945616702,71768,71768,0.9860104424302483,48348,48348,0.0,18560,18920
1789821164.8112557,15274320,34230,0.0,87072,119900,29.02867510197055,71768,71768,0.0,48348,48348,0.0,18560,18920
1789821165.826391,15274324,34230,0.0,87072,119900,30.537948110762567,71768,71768,0.0,48348,48348,0.0,18560,18920
1789821166.86227,15274324,34230,0.0,87072,119900,33.78760768650234,71768,71768,0.9653602196143527,48348,48348,0.0,18560,18920
1789821167.8715587,15274072,34230,0.9907964099121129,87152,119900,28.733095887451277,71768,71768,1.9815928198242259,48348,48348,0.0,18560,18920
1789821168.9012,15274076,34230,0.0,87152,119900,31.078924270672573,71768,71768,0.0,48348,48348,0.0,18560,18920
1789821169.944734,15274076,34230,0.0,87152,119900,32.581435479642394,71768,71768,0.9582775141071294,48348,48348,0.0,18560,18920
1789821170.9752662,15274080,34230,0.0,87152,119900,32.02242345944161,71768,71768,0.9703764684679276,48348,48348,0.0,18560,18920
1789821172.003427,15274080,34230,0.0,87152,119900,32.09616137554829,71768,71768,0.0,48348,48348,0.0,18560,18920
1789821173.0384083,15274084,34230,0.9661976552261246,87232,119900,33.81691793291436,71768,71768,0.9661976552261246,48348,48348,0.0,18560,18920
1789821174.050972,15274084,34230,0.0,87232,119900,29.6278677883485,71768,71768,0.9875955929449499,48348,48348,0.0,18560,18920
1789821175.0905817,15274088,34230,0.0,87232,119900,25.009381524012337,71768,71768,0.0,48348,48348,0.0,18560,18920
1789821176.119918,15274092,34230,0.0,87232,119900,23.315896035310015,71768,71768,0.9714956681379173,48348,48348,0.0,18560,18920
1789821177.128208,15274092,34230,0.0,87232,119900,23.802670907216733,71768,71768,0.0,48348,48348,0.0,18560,18920
1789821178.14563,15274092,34230,0.0,87312,119900,22.606271253084568,71768,71768,0.9828813588297638,48348,48348,0.0,18560,18920
1789821179.175851,15274096,34230,0.0,87312,119900,24.266537827527134,71768,71768,0.9706615131010854,48348,48348,0.0,18560,18920
1789821180.2034023,15274100,34230,0.0,87312,119900,21.410120832915943,71768,71768,0.0,48348,48348,0.0,18560,18920
1789821181.2126255,15274092,34230,0.0,87312,119900,20.80805950919511,71768,71768,0.9908599766283386,48348,48348,0.0,18560,18920
1789821182.221894,15274092,34230,0.9908216877717024,87392,119900,23.77972050652086,71768,71768,0.0,48348,48348,0.0,18560,18920
1789821183.2608445,15273844,34230,0.0,87392,119900,30.800156792041022,71768,71768,0.962504899751282,48348,48348,0.0,18560,18920
1789821184.2708583,15273844,35153,0.0,87392,119900,29.70261248348541,71768,71768,0.9900870827828471,48348,48348,0.0,18560,18920
1789821185.280987,15273848,34230,0.0,87392,119900,29.699275001494154,71768,71768,0.0,48348,48348,0.0,18560,18920
1789821186.3224761,15273848,34230,0.0,87392,119900,33.605753315722744,71768,71768,0.9601643804492214,48348,48348,0.0,18560,18920
1789821187.3603594,15273600,34230,0.9635000475792873,87472,119900,30.832001522537194,71768,71768,0.0,48348,48348,0.0,18560,18920
1789821188.4023814,15273352,34230,0.0,87472,119900,37.42717743704426,71768,71768,0.9596712163344682,48348,48348,0.0,18560,18920
1789821189.4335225,15273352,34230,0.0,87472,119900,32.973215423609666,71768,71768,0.9698004536355784,48348,48348,0.0,18560,18920
1789821190.4776077,15273356,34230,0.0,87472,119900,32.564397182504415,71768,71768,0.0,48348,48348,0.0,18560,18920
1789821191.5156024,15273356,34230,0.0,87472,119900,31.791899857439304,71768,71768,0.9633909047708881,48348,48348,0.0,18560,18920
1789821192.5241375,15273360,34230,0.9915414484420586,87552,119900,30.73778490170382,71768,71768,0.9915414484420586,48348,48348,0.0,18560,18920
1789821193.5665126,15273364,34230,0.0,87552,119900,34.53653584438478,71768,71768,0.9593482178995772,48348,48348,0.0,18560,18920
1789821194.5974388,15273368,34230,0.0,87552,119900,33.95004534843136,71768,71768,0.0,48348,48348,0.0,18560,18920
1789821195.6283138,15273368,34230,0.0,87552,119900,34.92179536512469,71768,71768,0.9700498712534636,48348,48348,0.0,18560,18920
1789821196.6627538,15273372,34230,0.0,87552,119900,29.96776408218645,71768,71768,0.9667020671673049,48348,48348,0.0,18560,18920
1789821197.6750886,15273644,34230,0.0,87632,119900,33.58572150228814,71768,71768,0.0,48348,48348,0.0,18560,18920
1789821198.6847403,15273644,34230,0.0,87632,119900,29.713226508507177,71768,71768,0.9904408836169059,48348,48348,0.0,18560,18920
1789821199.7297056,15273648,34230,0.0,87632,119900,33.493946087429634,71768,71768,0.0,48348,48348,0.0,18560,18920
1789821200.767067,15273648,34230,0.0,87632,119900,34.703583974265094,71768,71768,0.9639884437295859,48348,48348,0.0,18560,18920
1789821201.8043392,15273652,34230,0.0,87632,119900,28.92198598635972,71768,71768,0.964066199545324,48348,48348,0.0,18560,18920
1789821202.8496623,15273908,34230,0.9566424528506576,87712,119900,32.52584339692236,71768,71768,0.0,48348,48348,0.0,18560,18920
1789821203.8804417,15273908,34230,0.0,87712,119900,24.25346321943183,71768,71768,0.9701385287772732,48348,48348,0.0,18560,18920
1789821204.911053,15273916,34230,0.0,87712,119900,30.079258847063,71768,71768,0.9702986724859032,48348,48348,0.0,18560,18920
1789821205.9430177,15273920,35153,0.0,87712,119900,27.132592480293113,71768,71768,0.9690211600104683,48348,48348,0.0,18560,18920
1789821206.9762645,15273924,34230,0.0,87712,119900,29.034844263652065,71768,71768,0.0,48348,48348,0.0,18560,18920
1789821208.0135818,15273924,34230,0.9640249191032769,87792,119900,29.884772492201584,71768,71768,0.9640249191032769,48348,48348,0.0,18560,18920
1789821209.041332,15273928,34230,0.0,87792,119900,29.189988729802057,71768,71768,0.0,48348,48348,0.0,18560,18920
1789821210.080014,15273936,34230,0.0,87792,119900,24.068946942650932,71768,71768,0.9627578777060373,48348,48348,0.0,18560,18920
1789821211.1091123,15273936,34230,0.0,87792,119900,24.293121755507208,71768,71768,0.9717248702202884,48348,48348,0.0,18560,18920
1789821212.1524065,15273684,34230,0.0,87792,119900,27.796567298777408,71768,71768,0.0,48348,48348,0.0,18560,18920
1789821213.1899548,15273440,34230,0.0,87872,119900,27.950446749334112,71768,71768,0.963808508597728,48348,48348,0.0,18560,18920
1789821214.217087,15273440,34230,0.0,87872,119900,32.12836284921296,71768,71768,0.0,48348,48348,0.0,18560,18920
1789821215.2482684,15273444,34230,0.0,87872,119900,33.941623768300936,71768,71768,0.9697606790943124,48348,48348,0.0,18560,18920
1789821216.2807941,15273444,34230,0.0,87872,119900,31.960517472088206,71768,71768,0.9685005294572184,48348,48348,0.0,18560,18920
1789821217.320932,15273448,34230,1.9228102237520825,87952,119900,27.880748244405197,71768,71768,0.0,48348,48348,0.0,18560,18920
1789821218.3601644,15273448,34230,0.0,87952,119900,30.791979321008323,71768,71768,0.9622493537815101,48348,48348,0.0,18560,18920
1789821219.3944006,15273448,34230,0.0,87952,119900,27.073131027360454,71768,71768,0.9668975366914448,48348,48348,0.0,18560,18920
1789821220.4372451,15273452,35153,0.0,87952,119900,24.931779220460065,71768,71768,0.0,48348,48348,0.0,18560,18920
1789821221.4457664,15273452,34230,0.0,87952,119900,27.76355055562247,71768,71768,0.9915553769865167,48348,48348,0.0,18560,18920
1789821222.4550745,15273456,34230,0.0,88296,119900,30.713959604218665,71768,71768,0.9907728904586667,48348,48348,0.0,18560,18920
1789821223.4652681,15273468,34230,0.0,88296,119900,25.73775902850511,71768,71768,0.0,48348,48348,0.0,18560,18920
1789821224.503495,15273460,34230,0.0,88296,119900,28.895434676579843,71768,71768,0.9631811558859948,48348,48348,0.0,18560,18920
1789821225.5434341,15273460,34230,0.0,88296,119900,29.8094335512339,71768,71768,0.9615946306849645,48348,48348,0.0,18560,18920
1789821226.5752184,15273468,34230,0.0,88296,119900,31.01412179383112,71768,71768,0.0,48348,48348,0.0,18560,18920
1789821227.5935163,15273468,34230,0.9820293933786353,88376,119900,21.604646654329976,71768,71768,0.9820293933786353,48348,48348,0.0,18560,18920
1789821228.6235824,15273472,34230,0.0,88376,119900,21.35796272498354,71768,71768,0.0,48348,48348,0.0,18560,18920
1789821229.6621354,15273472,34230,0.0,88376,119900,25.99760909426804,71768,71768,0.0,48348,48348,0.0,18560,18920
1789821230.6901114,15273484,34230,0.0,88376,119900,26.265205682687046,71768,71768,0.9727853956550758,48348,48348,0.0,18560,18920
1789821231.7193193,15273488,34230,0.0,88376,119900,25.262223090212796,71768,71768,0.9716239650081845,48348,48348,0.0,18560,18920
1789821232.72866,15273488,34230,0.9907458953616181,88456,119900,20.80566380259398,71768,71768,0.0,48348,48348,0.0,18560,18920
1789821233.7629,15273236,34230,0.0,88456,119900,21.271680690390397,71768,71768,0.966894576835927,48348,48348,0.0,18560,18920
1789821234.7889647,15273240,35153,0.0,88456,119900,24.36482623048783,71768,71768,0.0,48348,48348,0.0,18560,18920
1789821235.8285644,15273244,34230,0.0,88456,119900,27.89535887973,71768,71768,0.9619089268872414,48348,48348,0.0,18560,18920
1789821236.8690345,15273244,34230,0.0,88456,119900,25.949780990062365,71768,71768,0.0,48348,48348,0.0,18560,18920
1789821237.9077036,15272996,34230,0.9627711631864969,88536,119900,24.069279079662422,71768,71768,0.9627711631864969,48348,48348,0.0,18560,18920
1789821238.9395218,15272996,34230,0.0,88536,119900,23.25991222831454,71768,71768,0.0,48348,48348,0.0,18560,18920
1789821239.9486444,15272996,35153,0.0,88536,119900,28.737960095359664,71768,71768,0.9909641412192988,48348,48348,0.0,18560,18920
1789821240.978012,15272996,34230,0.0,88536,119900,25.25825757186708,71768,71768,0.0,48348,48348,0.0,18560,18920
1789821242.007248,15273004,34230,0.0,88536,119900,26.233006975845985,71768,71768,0.9715928509572587,48348,48348,0.0,18560,18920
1789821243.0440273,15273004,34230,0.0,88616,119900,26.042217150114485,71768,71768,0.0,48348,48348,0.0,18560,18920
1789821244.0728133,15273008,34230,0.0,88616,119900,23.328356212342307,71768,71768,0.9720148421809295,48348,48348,0.0,18560,18920
1789821245.0816412,15273008,34230,0.0,88616,119900,25.77248370958952,71768,71768,0.0,48348,48348,0.0,18560,18920
1789821246.090071,15273012,34230,0.0,88616,119900,22.80774496479535,71768,71768,0.9916410854258848,48348,48348,0.0,18560,18920
1789821247.1248891,15273012,34230,0.0,88616,119900,24.158909568550655,71768,71768,0.0,48348,48348,0.0,18560,18920
1789821248.1519494,15272768,34230,0.0,88696,119900,25.31498082127886,71768,71768,0.9736531085107254,48348,48348,0.0,18560,18920
1789821249.181955,15272772,34230,0.0,88696,119900,27.184321942493323,71768,71768,0.0,48348,48348,0.0,18560,18920
1789821250.2145202,15272776,34230,0.0,88696,119900,30.022193402871654,71768,71768,0.9684578517055372,48348,48348,0.0,18560,18920
1789821251.2543364,15272776,34230,0.0,88696,119900,32.69819622874283,71768,71768,1.9234233075731078,48348,48348,0.0,18560,18920
1789821252.2838495,15272780,34230,0.9713294700682132,88776,119900,30.11121357211461,71768,71768,0.0,48348,48348,0.0,18560,18920
1789821253.3134952,15272780,34230,0.0,88776,119900,33.99227355622489,71768,71768,0.9712078158921396,48348,48348,0.0,18560,18920
1789821254.3474467,15272780,34230,0.0,88776,119900,29.01504321475302,71768,71768,0.0,48348,48348,0.0,18560,18920
1789821255.3820364,15272784,34230,0.0,88776,119900,29.96350735738768,71768,71768,0.9665647534641187,48348,48348,0.0,18560,18920
1789821256.4136868,15272784,34230,0.0,88776,119900,31.98762754237827,71768,71768,0.0,48348,48348,0.0,18560,18920
1789821257.446472,15272788,34230,0.9682551881943927,88856,119900,27.111145269442996,71768,71768,0.9682551881943927,48348,48348,0.0,18560,18920
1789821258.4774554,15272536,34230,0.0,88856,119900,30.06838981547138,71768,71768,0.0,48348,48348,0.0,18560,18920
1789821259.5208135,15272284,34230,0.0,88856,119900,25.877963835541763,71768,71768,0.9584431050200654,48348,48348,0.0,18560,18920
1789821260.5473893,15272288,34230,0.0,88856,119900,27.275036325937904,71768,71768,0.9741084402120681,48348,48348,0.0,18560,18920
1789821261.5897584,15272288,34230,0.0,88856,119900,22.065248932721904,71768,71768,0.0,48348,48348,0.0,18560,18920
1789821262.6299715,15272040,34230,0.0,88936,119900,23.07217828345792,71768,71768,0.9613407618107466,48348,48348,0.0,18560,18920
1789821263.6720302,15272060,34230,0.0,88936,119900,26.869885091862635,71768,71768,0.0,48348,48348,0.0,18560,18920
1789821264.7035952,15272064,34230,0.0,88936,119900,24.235011748171242,71768,71768,0.9694004699268496,48348,48348,0.0,18560,18920
1789821265.7324188,15272068,34230,0.0,88936,119900,27.215427954878862,71768,71768,0.0,48348,48348,0.0,18560,18920
1789821266.7548609,15272324,34230,0.0,88936,119900,28.36348671255363,71768,71768,0.9780512659501251,48348,48348,0.0,18560,18920
1789821267.7833433,15272324,34230,0.972305104479972,89016,119900,29.16915313439916,71768,71768,0.972305104479972,48348,48348,0.0,18560,18920
1789821268.7990007,15272328,34230,0.0,89016,119900,31.50683014122464,71768,71768,0.0,48348,48348,0.0,18560,18920
1789821269.8276646,15272332,34230,0.0,89016,119900,27.219664375240267,71768,71768,0.0,48348,48348,0.0,18560,18920
1789821270.8378348,15272332,34230,0.0,89016,119900,30.68803689424832,71768,71768,0.9899366740080103,48348,48348,0.0,18560,18920
1789821271.8493562,15272340,34230,0.0,89016,119900,27.68107022421186,71768,71768,0.9886096508647093,48348,48348,0.0,18560,18920
1789821272.8860502,15273472,34230,6.7522332688400075,87404,119936,29.902747333434316,71768,71768,0.0,48348,48348,0.0,18560,18920
1789821273.9228835,15273476,34230,0.0,87404,119936,26.04081584428295,71768,71768,0.9644746608993685,48348,48348,0.0,18560,18920
1789821274.9649622,15273476,34230,0.0,87404,119936,31.667484989677117,71768,71768,0.9596207572629429,48348,48348,0.0,18560,18920
1789821275.9947884,15273476,34230,0.0,87404,119936,32.04424822051772,71768,71768,0.9710378248641736,48348,48348,0.0,18560,18920
1789821277.0372891,15262892,34230,2.877698992806545,115912,119936,34.53238791367854,71768,71768,0.9592329976021817,48348,48348,0.0,18560,18920
1789821278.0657644,15274620,34230,2.9169377644333085,85856,119936,26.25243987989978,71768,71768,0.0,48348,48348,0.0,18560,18920
1789821279.1059394,15274620,34230,0.0,85856,119936,32.68679176474567,71768,71768,0.9613762283748726,48348,48348,0.0,18560,18920
1789821280.1349158,15274624,34230,0.0,85856,119936,25.26783703168121,71768,71768,0.9718398858338927,48348,48348,0.0,18560,18920
1789821281.1657498,15274632,34230,0.0,85856,119936,25.222320201240148,71768,71768,0.0,48348,48348,0.0,18560,18920
1789821282.1945484,15276128,34230,3.888021417850655,83936,119936,26.244144570491923,71768,71768,0.9720053544626638,48348,48348,0.0,18560,18920
1789821283.2239404,15276268,34230,0.0,84180,119936,22.343317780349942,71768,71768,0.0,48348,48348,0.0,18560,18920
1789821284.252722,15276268,34230,0.0,84180,119936,22.356537839094734,71768,71768,0.9720233843084668,48348,48348,0.0,18560,18920
1789821285.2853143,15276272,35153,0.0,84180,119936,20.33709212477302,71768,71768,0.0,48348,48348,0.0,18560,18920
1789821286.319431,15276272,34230,0.0,84180,119936,23.208276723622195,71768,71768,0.9670115301509248,48348,48348,0.0,18560,18920
1789821287.3590043,15277924,34230,5.771580324085456,82328,119936,22.124391242327583,71768,71768,0.9619300540142427,48348,48348,0.9619300540142427,18560,18920
1789821288.3889613,15277924,34230,0.0,82568,119936,18.447377286812493,71768,71768,0.0,48348,48348,0.0,18560,18920
1789821289.4297938,15277676,34230,0.0,82568,119936,22.09780198928304,71768,71768,0.9607739995340453,48348,48348,0.0,18560,18920
1789821290.455591,15277676,34230,0.0,82568,119936,21.446612165534848,71768,71768,0.0,48348,48348,0.0,18560,18920
1789821291.4914947,15277676,34230,0.0,82568,119936,30.89104863933308,71768,71768,0.9653452699791587,48348,48348,0.0,18560,18920
1789821292.5215917,15277680,34230,0.0,82912,119936,23.298787076208626,71768,71768,0.0,48348,48348,0.0,18560,18920
1789821293.5504293,15277684,34230,0.0,82912,119936,27.215172264139582,71768,71768,0.9719704380049851,48348,48348,0.0,18560,18920
1789821294.5841196,15277684,34230,0.0,82912,119936,24.185073851406795,71768,71768,0.0,48348,48348,0.0,18560,18920
1789821295.593185,15277684,34230,0.0,82912,119936,25.766527331467255,71768,71768,0.9910202819795099,48348,48348,0.0,18560,18920
1789821296.6267807,15277688,34230,0.0,82912,119936,24.187316236369153,71768,71768,0.0,48348,48348,0.0,18560,18920
1789821297.664186,15277692,35153,1.9278876032590682,82992,119936,23.134651239108816,71768,71768,0.9639438016295341,48348,48348,0.0,18560,18920
1789821298.6916897,15277704,35153,0.0,82992,119936,22.384346529137908,71768,71768,0.9732324577886047,48348,48348,0.0,18560,18920
1789821299.7202044,15277704,34230,0.0,82992,119936,19.44549547888916,71768,71768,0.0,48348,48348,0.0,18560,18920
1789821300.7595963,15277704,34230,0.0,82992,119936,25.976845642536063,71768,71768,0.9621053941680023,48348,48348,0.0,18560,18920
1789821301.7977126,15277708,34230,0.0,82992,119936,27.93523343666461,71768,71768,0.0,48348,48348,0.0,18560,18920
1789821302.8245604,15277708,35153,0.9738501352665849,83072,119936,23.37240324639804,71768,71768,0.0,48348,48348,0.0,18560,18920
1789821303.8447304,15277708,34230,0.0,83072,119936,19.604635741965136,71768,71768,0.9802317870982569,48348,48348,0.0,18560,18920
1789821304.8843753,15277712,34230,0.0,83072,119936,25.008558602050655,71768,71768,0.0,48348,48348,0.0,18560,18920
1789821305.9226055,15277712,34230,0.0,83072,119936,23.11615942348518,71768,71768,0.9631733093118825,48348,48348,0.0,18560,18920
1789821306.948929,15277716,34230,0.0,83072,119936,24.358809132537765,71768,71768,0.9743523653015106,48348,48348,0.0,18560,18920
1789821307.9587808,15277464,34230,0.0,83152,119936,24.756220348933123,71768,71768,0.0,48348,48348,0.0,18560,18920
1789821308.9883473,15277468,34230,0.0,83152,119936,19.425538250655492,71768,71768,0.9712769125327746,48348,48348,0.0,18560,18920
1789821309.9968598,15277468,34230,0.0,83152,119936,23.79741852545501,71768,71768,0.0,48348,48348,0.0,18560,18920
1789821311.0057468,15277468,34230,0.0,83152,119936,23.788600602507866,71768,71768,0.9911916917711611,48348,48348,0.0,18560,18920
1789821312.0384223,15277472,34230,0.9683585999847656,83152,119936,23.240606399634373,71768,71768,0.9683585999847656,48348,48348,0.0,18560,18920
1789821313.0700762,15277472,34230,0.0,83232,119936,24.232951337936502,71768,71768,0.0,48348,48348,0.0,18560,18920
1789821314.0794547,15276972,34230,0.0,83232,119936,25.758560708810418,71768,71768,0.9907138734157852,48348,48348,0.0,18560,18920
1789821315.1174679,15276972,34230,0.0,83232,119936,23.12093898648519,71768,71768,0.0,48348,48348,0.0,18560,18920
1789821316.1263525,15276976,34230,0.0,83232,119936,23.78876370000827,71768,71768,0.9911984875003447,48348,48348,0.0,18560,18920
1789821317.1633956,15276976,34230,0.0,83312,119936,25.071287433505933,71768,71768,0.0,48348,48348,0.0,18560,18920
1789821318.2035387,15276976,34230,0.0,83312,119936,31.726287374070928,71768,71768,0.961402647699119,48348,48348,0.0,18560,18920
1789821319.223567,15276980,34230,0.0,83312,119936,26.469868073243145,71768,71768,0.9803654841941906,48348,48348,0.0,18560,18920
1789821320.25169,15276980,34230,0.0,83312,119936,30.152102758947134,71768,71768,0.0,48348,48348,0.0,18560,18920
1789821321.2820036,15276984,34230,0.0,83312,119936,26.20552278929205,71768,71768,0.9705749181219278,48348,48348,0.0,18560,18920
1789821322.3166127,15276988,34230,0.9665495712481236,83392,119936,28.996487137443708,71768,71768,0.0,48348,48348,0.0,18560,18920
1789821323.3458033,15276740,34230,0.0,83392,119936,27.2058443983483,71768,71768,0.9716372999410107,48348,48348,0.0,18560,18920
1789821324.3552604,15276740,34230,0.0,83392,119936,28.7284491037594,71768,71768,0.0,48348,48348,0.0,18560,18920
1789821325.3858888,15276740,34230,0.0,83392,119936,32.0192529400533,71768,71768,0.9702803921228272,48348,48348,0.0,18560,18920
1789821326.4184644,15276744,34230,0.0,83392,119936,30.99046115253524,71768,71768,0.0,48348,48348,0.0,18560,18920
1789821327.4475937,15276744,34230,0.9716954822957538,83472,119936,25.264082539689596,71768,71768,0.9716954822957538,48348,48348,0.0,18560,18920
1789821328.4658575,15277008,34230,0.0,83472,119936,29.461931819059696,71768,71768,0.9820643939686565,48348,48348,0.0,18560,18920
1789821329.5051334,15277008,34230,0.0,83472,119936,28.866151955395058,71768,71768,0.9622050651798352,48348,48348,0.0,18560,18920
1789821330.5444355,15277012,34230,0.0,83472,119936,33.676421207551726,71768,71768,0.0,48348,48348,0.0,18560,18920
1789821331.5539112,15277016,34230,0.0,83472,119936,29.718496504864596,71768,71768,0.9906165501621532,48348,48348,0.0,18560,18920
1789821332.59333,15276012,34230,0.9620771238945832,83552,119936,30.786467964626663,71768,71768,0.9620771238945832,48348,48348,0.0,18560,18920
1789821333.6310961,15276012,34230,0.0,83552,119936,32.76257263676107,71768,71768,0.0,48348,48348,0.0,18560,18920
1789821334.6682556,15276012,34230,0.0,83552,119936,29.88940796603436,71768,71768,0.9641744505172374,48348,48348,0.0,18560,18920
1789821335.7066255,15276016,34230,0.0,83552,119936,30.81752758361468,71768,71768,0.9630477369879588,48348,48348,0.0,18560,18920
1789821336.7342145,15276016,34230,0.0,83552,119936,29.19457873565704,71768,71768,0.0,48348,48348,0.0,18560,18920
1789821337.7780793,15276024,34230,0.0,83632,119936,33.52925058819016,71768,71768,0.9579785882340046,48348,48348,0.0,18560,18920
1789821338.8087027,15276024,34230,0.0,83632,119936,32.989712039922466,71768,71768,0.9702856482330138,48348,48348,0.0,18560,18920
1789821339.8396826,15276028,34230,0.0,83632,119936,24.248672064160772,71768,71768,0.0,48348,48348,0.0,18560,18920
1789821340.847945,15276028,34230,0.0,83632,119936,32.72959083703723,71768,71768,0.991805782940522,48348,48348,0.0,18560,18920
1789821341.860009,15276028,34230,0.0,83632,119936,27.66623225018203,71768,71768,0.9880797232207869,48348,48348,0.0,18560,18920
1789821342.8688614,15276032,34230,0.991229477677389,83712,119936,24.780736941934723,71768,71768,0.0,48348,48348,0.0,18560,18920
1789821343.8979151,15276032,34230,0.0,83712,119936,26.237720925189443,71768,71768,0.9717674416736831,48348,48348,0.0,18560,18920
1789821344.9384806,15276036,34230,0.0,83712,119936,24.025304403912774,71768,71768,0.0,48348,48348,0.0,18560,18920
1789821345.9769847,15276036,34230,0.0,83712,119936,25.036098708170964,71768,71768,0.0,48348,48348,0.0,18560,18920
1789821347.0034297,15276036,35153,0.0,83712,119936,24.355796299769807,71768,71768,0.9742318519907923,48348,48348,1.9484637039815846,18560,18920
1789821348.0241513,15276544,34230,0.0,83792,119936,29.391110448785124,71768,71768,0.9797036816261707,48348,48348,0.0,18560,18920
1789821349.063125,15276544,34230,0.0,83792,119936,30.79949965866277,71768,71768,0.0,48348,48348,0.0,18560,18920
1789821350.076054,15276548,34230,0.0,83792,119936,26.6555064470828,71768,71768,0.9872409795215853,48348,48348,0.0,18560,18920
1789821351.1018465,15276548,35153,0.0,83792,119936,17.547312245287138,71768,71768,0.0,48348,48348,0.0,18560,18920
1789821352.1302748,15276552,34230,0.972361041886306,83792,119936,26.253748130930262,71768,71768,0.972361041886306,48348,48348,0.0,18560,18920
1789821353.1689386,15276556,34230,0.0,83872,119936,27.920400693711873,71768,71768,0.9627724377142024,48348,48348,0.0,18560,18920
1789821354.1790016,15276564,34230,0.0,83872,119936,24.75091807169877,71768,71768,0.0,48348,48348,0.0,18560,18920
1789821355.2194166,15276564,34230,0.0,83872,119936,26.912338951591586,71768,71768,0.9611549625568424,48348,48348,0.0,18560,18920
1789821356.2309043,15276564,34230,0.0,83872,119936,24.716180979577583,71768,71768,0.9886472391831034,48348,48348,0.0,18560,18920
1789821357.2635782,15276568,34230,0.9683593032734452,83952,119936,28.082419794929912,71768,71768,0.0,48348,48348,0.0,18560,18920
1789821358.3042245,15276568,34230,0.0,83952,119936,28.828143186509116,71768,71768,0.9609381062169705,48348,48348,0.0,18560,18920
1789821359.3350775,15276584,34230,0.0,83952,119936,25.221937871601728,71768,71768,0.0,48348,48348,0.0,18560,18920
1789821360.3639445,15276576,35153,0.0,83952,119936,21.38264732681681,71768,71768,0.9719385148553095,48348,48348,0.0,18560,18920
1789821361.385194,15276576,34230,0.0,83952,119936,24.47979315914483,71768,71768,0.0,48348,48348,0.0,18560,18920
1789821362.4134495,15276580,34230,0.0,84296,119936,22.36798058510436,71768,71768,0.9725208950045373,48348,48348,0.0,18560,18920
1789821363.4434102,15276328,34230,0.0,84296,119936,24.272803977964013,71768,71768,0.0,48348,48348,0.0,18560,18920
1789821364.4753335,15276336,34230,0.0,84296,119936,26.16483903443037,71768,71768,0.96906811238631,48348,48348,0.0,18560,18920
1789821365.5043938,15276336,34230,0.0,84296,119936,28.180920365959548,71768,71768,0.9717558746882603,48348,48348,0.0,18560,18920
1789821366.5242827,15276340,34230,0.0,84296,119936,29.415076295539244,71768,71768,0.0,48348,48348,0.0,18560,18920
1789821367.562986,15276340,34230,0.9627356316276979,84376,119936,25.031126422320146,71768,71768,0.9627356316276979,48348,48348,0.0,18560,18920
1789821368.5915363,15276340,34230,0.0,84376,119936,28.19513691308943,71768,71768,0.9722461004513597,48348,48348,0.0,18560,18920
1789821369.6240633,15276348,34230,0.0,84376,119936,26.14933805414879,71768,71768,0.0,48348,48348,0.0,18560,18920
1789821370.6553843,15276100,34230,0.0,84376,119936,25.21045476745005,71768,71768,0.9696328756711556,48348,48348,0.0,18560,18920
1789821371.6861842,15276100,34230,0.0,84376,119936,27.16327159984819,71768,71768,0.9701168428517211,48348,48348,0.0,18560,18920
1789821372.7227085,15276108,34230,0.0,84456,119936,27.013477916554404,71768,71768,0.9647670684483717,48348,48348,0.0,18560,18920
1789821373.7503107,15276108,34230,0.0,84456,119936,29.19420584892319,71768,71768,0.9731401949641063,48348,48348,0.0,18560,18920
1789821374.788065,15276112,34230,0.0,84456,119936,30.835761117919635,71768,71768,0.0,48348,48348,0.0,18560,18920
1789821375.8300972,15276116,34230,0.0,84456,119936,26.870584538586336,71768,71768,0.9596637335209406,48348,48348,0.0,18560,18920
1789821376.8565419,15276116,34230,0.0,84456,119936,20.458980170983427,71768,71768,0.0,48348,48348,0.0,18560,18920
1789821377.8956807,15276120,35153,0.9623309577381717,84536,119936,22.13361202797795,71768,71768,0.0,48348,48348,0.0,18560,18920
1789821378.922086,15276120,34230,0.0,84536,119936,18.51127831733644,71768,71768,0.9742778061756022,48348,48348,0.0,18560,18920
1789821379.961411,15276132,34230,0.0,84536,119936,25.016257560644313,71768,71768,0.9621637523324735,48348,48348,0.0,18560,18920
1789821380.9884202,15276132,34230,0.0,84536,119936,19.47400942033029,71768,71768,0.0,48348,48348,0.0,18560,18920
1789821382.0198088,15276132,34230,0.9695678895376125,84536,119936,25.208765127977923,71768,71768,0.9695678895376125,48348,48348,0.0,18560,18920
1789821383.049901,15275884,34230,0.0,84616,119936,22.327986225574747,71768,71768,0.0,48348,48348,0.0,18560,18920
1789821384.0587418,15275884,34230,0.0,84616,119936,23.78978157136254,71768,71768,0.9912408988067725,48348,48348,0.0,18560,18920
1789821385.0952206,15275892,34230,0.0,84616,119936,22.19051407871846,71768,71768,0.0,48348,48348,0.0,18560,18920
1789821386.1232798,15275892,35153,0.0,84616,119936,24.317565011327325,71768,71768,0.0,48348,48348,0.0,18560,18920
1789821387.1426094,15275896,34230,0.981036803840958,84616,119936,20.601772880660118,71768,71768,0.981036803840958,48348,48348,0.0,18560,18920
1789821388.1762629,15275896,35153,0.0,84696,119936,27.088387689886073,71768,71768,0.9674424174959312,48348,48348,0.0,18560,18920
1789821389.2076044,15275896,34230,0.0,84696,119936,24.240252903419755,71768,71768,0.0,48348,48348,0.0,18560,18920
1789821390.2481651,15275908,34230,0.0,84696,119936,25.94756148319024,71768,71768,0.9610207956737126,48348,48348,0.0,18560,18920
1789821391.2764738,15275908,34230,0.0,84696,119936,22.36682317216458,71768,71768,0.0,48348,48348,0.0,18560,18920
1789821392.31509,15275912,34230,0.9628246193293621,84776,119936,23.10779086390469,71768,71768,0.9628246193293621,48348,48348,0.0,18560,18920
1789821393.3413832,15275916,34230,0.0,84776,119936,23.385101409761244,71768,71768,0.9743792254067185,48348,48348,0.0,18560,18920
1789821394.3757546,15275920,34230,0.0,84776,119936,23.20240756456719,71768,71768,0.9667669818569662,48348,48348,0.0,18560,18920
1789821395.406105,15275672,34230,0.0,84776,119936,24.2636998073107,71768,71768,0.0,48348,48348,0.0,18560,18920
1789821396.4456685,15275672,34230,0.0,84776,119936,27.89622651832533,71768,71768,0.9619388454594942,48348,48348,0.0,18560,18920
1789821397.4741266,15275676,34230,0.0,84856,119936,23.3358935142116,71768,71768,0.9723288964254835,48348,48348,0.0,18560,18920
1789821398.5026042,15275680,34230,0.0,84856,119936,26.252483503152817,71768,71768,0.0,48348,48348,0.0,18560,18920
1789821399.5134907,15275684,34230,0.0,84856,119936,20.77383696123401,71768,71768,0.9892303314873339,48348,48348,0.0,18560,18920
1789821400.5532575,15275684,34230,0.0,84856,119936,29.814400519158426,71768,71768,0.9617548554567235,48348,48348,0.0,18560,18920
1789821401.5900385,15275688,34230,0.0,84856,119936,27.00657439559076,71768,71768,0.0,48348,48348,0.0,18560,18920
1789821402.6275337,15275688,34230,0.963859795519799,84936,119936,31.807373252153365,71768,71768,0.963859795519799,48348,48348,0.0,18560,18920
1789821403.6360002,15275436,34230,0.0,84936,119936,29.748106657448957,71768,71768,0.0,48348,48348,0.0,18560,18920
1789821404.6461525,15275440,34230,0.0,84936,119936,26.72875766313049,71768,71768,0.0,48348,48348,0.0,18560,18920
1789821405.6881082,15275440,34230,0.0,84936,119936,24.95310795157451,71768,71768,0.9597349212144042,48348,48348,0.0,18560,18920
1789821406.715092,15275444,34230,0.0,84936,119936,25.31683364915874,71768,71768,0.9737243711214899,48348,48348,0.0,18560,18920
1789821407.724544,15275192,34230,0.9906373212410166,85016,119936,25.75657035226643,71768,71768,0.0,48348,48348,0.0,18560,18920
1789821408.7551906,15275452,34230,0.0,85016,119936,29.107796298227672,71768,71768,0.9702598766075891,48348,48348,0.0,18560,18920
1789821409.7839334,15275452,34230,0.0,85016,119936,32.07810858467056,71768,71768,0.0,48348,48348,0.0,18560,18920
1789821410.8189461,15275452,34230,0.0,85016,119936,29.95121330919457,71768,71768,0.966168171264341,48348,48348,0.0,18560,18920
1789821411.8533704,15275456,34230,0.0,85016,119936,29.0017582625436,71768,71768,0.96672527541812,48348,48348,0.0,18560,18920
1789821412.8862188,15275456,34230,0.0,85096,119936,30.982289839571408,71768,71768,0.0,48348,48348,0.0,18560,18920
1789821413.9211385,15275456,34230,0.0,85096,119936,27.055110414447164,71768,71768,0.966253943373113,48348,48348,0.0,18560,18920
1789821414.930158,15275460,34230,0.0,85096,119936,31.71410655816918,71768,71768,0.9910658299427869,48348,48348,0.0,18560,18920
1789821415.9600258,15275460,34230,0.0,85096,119936,29.129945562505274,71768,71768,0.0,48348,48348,0.0,18560,18920
1789821416.9969525,15275464,34230,0.0,85096,119936,30.86044834950437,71768,71768,0.9643890109220116,48348,48348,0.0,18560,18920
1789821418.0306096,15275464,34230,0.0,85176,119936,31.925320537877532,71768,71768,0.9674339556932585,48348,48348,0.0,18560,18920
1789821419.0425272,15275212,34230,0.0,85176,119936,30.6350636338428,71768,71768,0.9882278591562194,48348,48348,0.0,18560,18920
1789821420.0767658,15275216,34230,0.0,85176,119936,30.940617723169094,71768,71768,0.9668943038490342,48348,48348,0.0,18560,18920
1789821421.1186175,15275216,34230,0.0,85176,119936,30.714552457158327,71768,71768,0.0,48348,48348,0.0,18560,18920
1789821422.1585317,15275220,34230,0.9616175555069404,85176,119936,29.810144220715152,71768,71768,0.9616175555069404,48348,48348,0.0,18560,18920
1789821423.1925263,15275220,34230,0.0,85256,119936,25.145194348325145,71768,71768,0.9671228595509671,48348,48348,0.0,18560,18920
1789821424.2244306,15275224,34230,0.0,85256,119936,31.979706089418436,71768,71768,0.0,48348,48348,0.0,18560,18920
1789821425.2664578,15275224,34230,0.0,85256,119936,33.5883945486695,71768,71768,0.9596684156762713,48348,48348,0.0,18560,18920
1789821426.2976,15275224,34230,0.0,85256,119936,32.003369687147504,71768,71768,0.9697990814287122,48348,48348,0.0,18560,18920
1789821427.337031,15275228,34230,0.9620594231916546,85600,119936,32.710020388516256,71768,71768,0.0,48348,48348,0.0,18560,18920
1789821428.34827,15275232,34230,0.0,85600,119936,29.66671542655965,71768,71768,0.988890514218655,48348,48348,0.0,18560,18920
1789821429.376692,15275236,34230,0.0,85600,119936,34.03271509282898,71768,71768,0.0,48348,48348,0.0,18560,18920
1789821430.419347,15275236,34230,0.0,85600,119936,26.854528981975616,71768,71768,0.9590903207848435,48348,48348,0.0,18560,18920
1789821431.4566095,15275236,35153,0.0,85600,119936,32.778436437955044,71768,71768,0.0,48348,48348,0.0,18560,18920
1789821432.471595,15275244,34230,0.9852393082341286,85680,119936,29.55717924702386,71768,71768,0.9852393082341286,48348,48348,0.0,18560,18920
1789821433.5041504,15274992,34230,0.0,85680,119936,31.959570809769133,71768,71768,0.9684718427202768,48348,48348,0.0,18560,18920
1789821434.5331168,15274996,34230,0.0,85680,119936,30.127207273474067,71768,71768,0.0,48348,48348,0.0,18560,18920
1789821435.5482526,15275004,34230,0.0,85680,119936,26.59752948197399,71768,71768,0.9850936845175551,48348,48348,0.0,18560,18920
1789821436.5787938,15275004,34230,0.0,85680,119936,31.051672844239267,71768,71768,0.9703647763824771,48348,48348,0.0,18560,18920
1789821437.619701,15275004,34230,0.0,85760,119936,28.820847839286493,71768,71768,0.0,48348,48348,0.0,18560,18920
1789821438.6504257,15275004,34230,0.0,85760,119936,28.13566532723574,71768,71768,0.9701953561115771,48348,48348,0.0,18560,18920
1789821439.679558,15275008,34230,0.0,85760,119936,27.20740627419388,71768,71768,0.9716930812212099,48348,48348,0.0,18560,18920
1789821440.7224486,15275008,34230,0.0,85760,119936,33.56042419463162,71768,71768,0.9588692627037607,48348,48348,0.0,18560,18920
1789821441.7593005,15275012,34230,0.0,85760,119936,27.969395355230457,71768,71768,0.9644619088010502,48348,48348,0.0,18560,18920
1789821442.7920237,15275012,34230,0.9683135137709313,85840,119936,29.049405413127943,71768,71768,0.0,48348,48348,0.0,18560,18920
1789821443.8318126,15275016,34230,0.0,85840,119936,33.66069290060617,71768,71768,0.9617340828744619,48348,48348,0.0,18560,18920
1789821444.8651414,15275016,34230,0.0,85840,119936,32.90320855881157,71768,71768,0.9677414282003404,48348,48348,0.0,18560,18920
1789821445.8797586,15275016,34230,0.0,85840,119936,28.58232643522499,71768,71768,0.0,48348,48348,0.0,18560,18920
1789821446.910767,15274768,34230,0.0,85840,119936,32.01095744772018,71768,71768,0.9700290135672781,48348,48348,0.0,18560,18920
1789821447.9514782,15274520,34230,0.0,85920,119936,27.862597663380292,71768,71768,0.0,48348,48348,0.0,18560,18920
1789821448.9780416,15274524,34230,0.0,85920,119936,26.30135382439393,71768,71768,0.9741242157182938,48348,48348,0.0,18560,18920
1789821450.008722,15274524,34230,0.0,85920,119936,27.166484707828346,71768,71768,0.0,48348,48348,0.0,18560,18920
1789821451.0491068,15274552,34230,0.0,85920,119936,30.757924511059343,71768,71768,0.9611851409706045,48348,48348,0.0,18560,18920
1789821452.0889027,15274552,34230,0.9617220968244308,85920,119936,28.851662904732922,71768,71768,0.0,48348,48348,0.0,18560,18920
1789821453.1194549,15274300,34230,0.0,86000,119936,30.081092794321044,71768,71768,0.9703578320748724,48348,48348,0.0,18560,18920
1789821454.1529534,15274304,34230,0.0,86000,119936,27.09230832367782,71768,71768,0.0,48348,48348,0.0,18560,18920
1789821455.1803381,15274304,34230,0.0,86000,119936,25.306974821257555,71768,71768,0.9733451854329829,48348,48348,0.0,18560,18920
1789821456.1892693,15274308,34230,0.0,86000,119936,25.76996119437876,71768,71768,0.9911523536299522,48348,48348,0.0,18560,18920
1789821457.230668,15274312,34230,0.960246629744595,86080,119936,26.88690563284866,71768,71768,0.0,48348,48348,0.0,18560,18920
1789821458.2615232,15274316,34230,0.0,86080,119936,28.13201025746639,71768,71768,0.970069319222979,48348,48348,0.0,18560,18920
1789821459.303866,15274316,34230,0.0,86080,119936,25.90317740730565,71768,71768,0.0,48348,48348,0.0,18560,18920
1789821460.3303642,15274316,34230,0.0,86080,119936,25.32871824864182,71768,71768,0.9741814711016086,48348,48348,0.0,18560,18920
1789821461.3407285,15274320,34230,0.0,86080,119936,25.733301122218148,71768,71768,0.9897423508545441,48348,48348,0.0,18560,18920
1789821462.368374,15274320,34230,0.973098055207495,86160,119936,23.354353324979883,71768,71768,0.0,48348,48348,0.0,18560,18920
1789821463.3773472,15274324,34230,0.0,86160,119936,21.804336950804178,71768,71768,0.9911062250365535,48348,48348,0.0,18560,18920
1789821464.412912,15274324,34230,0.0,86160,119936,26.072800175237244,71768,71768,0.9656592657495275,48348,48348,0.0,18560,18920
1789821465.4535787,15274332,34230,0.0,86160,119936,26.905747707099522,71768,71768,0.9609195609678401,48348,48348,0.0,18560,18920
1789821466.482936,15274332,34230,0.0,86160,119936,24.287039764097134,71768,71768,0.0,48348,48348,0.0,18560,18920
1789821467.523491,15274340,34230,0.9610289156910123,86240,119936,24.98675180796632,71768,71768,0.9610289156910123,48348,48348,0.0,18560,18920
1789821468.5527654,15274340,34230,0.0,86240,119936,27.20351286267017,71768,71768,0.0,48348,48348,0.0,18560,18920
1789821469.581386,15274088,34230,0.0,86240,119936,23.332304300932037,71768,71768,0.9721793458721681,48348,48348,0.0,18560,18920
1789821470.6110415,15274092,34230,0.0,86240,119936,28.164635721591218,71768,71768,0.9711943352272834,48348,48348,0.0,18560,18920
1789821471.6470087,15274096,34230,0.0,86240,119936,28.95858063479703,71768,71768,0.0,48348,48348,0.0,18560,18920
1789821472.676437,15274104,34230,0.9714089252099609,86320,119936,28.170858831088868,71768,71768,0.9714089252099609,48348,48348,0.0,18560,18920
1789821473.685995,15273852,34230,0.0,86320,119936,19.810665350626994,71768,71768,0.0,48348,48348,0.0,18560,18920
1789821474.6949615,15273852,34230,0.0,86320,119936,20.813459349772796,71768,71768,0.9911171118939427,48348,48348,0.0,18560,18920
1789821475.7350879,15273856,34230,0.0,86320,119936,25.958256239717944,71768,71768,0.0,48348,48348,0.0,18560,18920
1789821476.7626274,15273856,34230,0.0,86320,119936,25.303273282131435,71768,71768,0.9732028185435168,48348,48348,0.0,18560,18920
1789821477.794577,15273860,34230,0.9690357541988673,86400,119936,29.07107262596602,71768,71768,0.9690357541988673,48348,48348,0.0,18560,18920
1789821478.8032491,15273860,34230,0.0,86400,119936,26.767853541656972,71768,71768,0.0,48348,48348,0.0,18560,18920
1789821479.8149712,15273612,34230,0.0,86400,119936,32.61779688775554,71768,71768,0.9884180875077435,48348,48348,0.0,18560,18920
1789821480.8557603,15273864,34230,0.0,86400,119936,34.58914618707123,71768,71768,0.9608096163075341,48348,48348,0.0,18560,18920
1789821481.896278,15273864,34230,0.0,86400,119936,29.79292235185174,71768,71768,0.0,48348,48348,0.0,18560,18920
1789821482.9307933,15273868,34230,0.9666348261666009,86480,119936,30.93231443733123,71768,71768,0.9666348261666009,48348,48348,0.0,18560,18920
1789821483.9713447,15273868,34230,0.0,86480,119936,32.67497267674583,71768,71768,0.9610286081395832,48348,48348,0.0,18560,18920
1789821485.0057664,15273872,34230,0.0,86480,119936,28.034977644587098,71768,71768,0.0,48348,48348,0.0,18560,18920
1789821486.0463595,15273872,34230,0.0,86480,119936,29.790575845895447,71768,71768,0.9609863176095306,48348,48348,0.0,18560,18920
1789821487.077,15273876,34230,0.0,86480,119936,28.137865153473815,71768,71768,0.9702712121887522,48348,48348,0.0,18560,18920
1789821488.0980034,15273876,34230,0.9794281719679375,86560,119936,32.32112967494194,71768,71768,0.0,48348,48348,0.0,18560,18920
1789821489.1379318,15273876,34230,0.0,86560,119936,29.809894599649667,71768,71768,0.9616095032145054,48348,48348,0.0,18560,18920
1789821490.1650777,15273880,34230,0.0,86560,119936,33.10137489706704,71768,71768,0.9735698499137365,48348,48348,0.0,18560,18920
1789821491.2048903,15273880,34230,0.0,86560,119936,29.813087559204313,71768,71768,0.0,48348,48348,0.0,18560,18920
1789821492.2401042,15273884,34230,0.0,86904,119936,30.911489247239864,71768,71768,0.9659840389762457,48348,48348,0.0,18560,18920
1789821493.2806058,15273888,34230,0.0,86904,119936,31.715489592245596,71768,71768,0.9610754421892604,48348,48348,0.0,18560,18920
1789821494.309217,15273892,34230,0.0,86904,119936,27.221030523331276,71768,71768,0.0,48348,48348,0.0,18560,18920
1789821495.3186986,15273892,34230,0.0,86904,119936,30.708971050642546,71768,71768,0.9906119693755661,48348,48348,0.0,18560,18920
1789821496.3614483,15273892,34230,0.0,86904,119936,32.60609748406622,71768,71768,0.0,48348,48348,0.0,18560,18920
1789821497.3950343,15273644,34230,0.9675017366370638,86984,119936,31.927557309023108,71768,71768,0.9675017366370638,48348,48348,0.0,18560,18920
1789821498.4035368,15273648,34230,0.0,86984,119936,29.7470828646936,71768,71768,0.9915694288231199,48348,48348,0.0,18560,18920
1789821499.413979,15273656,34230,0.0,86984,119936,28.70042732175777,71768,71768,0.9896699076468196,48348,48348,0.0,18560,18920
1789821500.4240072,15273656,34230,0.0,86984,119936,23.761601797627062,71768,71768,0.0,48348,48348,0.0,18560,18920
1789821501.4538128,15273660,34230,0.0,86984,119936,21.363346468317168,71768,71768,0.9710612031053258,48348,48348,0.0,18560,18920
1789821502.490491,15273660,34230,0.9646185925867192,87064,119936,24.11546481466798,71768,71768,0.0,48348,48348,0.0,18560,18920
1789821503.5241625,15273408,34230,0.0,87064,119936,25.153076009510478,71768,71768,0.9674260003657876,48348,48348,0.0,18560,18920
1789821504.5525587,15273412,34230,0.0,87064,119936,26.25436720248417,71768,71768,0.9723839704623766,48348,48348,0.0,18560,18920
1789821505.573099,15273664,34230,0.0,87064,119936,28.416313518705095,71768,71768,0.9798728799553481,48348,48348,0.0,18560,18920
1789821506.6009555,15273668,34230,0.0,87064,119936,26.268380704709624,71768,71768,0.9729029890633194,48348,48348,0.0,18560,18920
1789821507.6296506,15273420,34230,0.9721002768325345,87144,119936,18.469905259818155,71768,71768,0.0,48348,48348,0.0,18560,18920
1789821508.658374,15273424,34230,0.0,87144,119936,20.413729567608147,71768,71768,0.9720823603622928,48348,48348,0.0,18560,18920
1789821509.6933568,15273424,34230,0.0,87144,119936,25.121229061015832,71768,71768,0.0,48348,48348,0.0,18560,18920
1789821510.7281098,15273428,34230,0.0,87144,119936,26.09317937945399,71768,71768,0.9664140510908885,48348,48348,0.0,18560,18920
1789821511.7671359,15273428,34230,0.0,87144,119936,24.060873015488617,71768,71768,0.9624349206195447,48348,48348,0.0,18560,18920
1789821512.8040338,15273428,34230,0.0,87224,119936,29.897026433753055,71768,71768,0.0,48348,48348,0.0,18560,18920
1789821513.845626,15273432,34230,0.0,87224,119936,28.802053001116438,71768,71768,0.9600684333705479,48348,48348,0.0,18560,18920
1789821514.8827248,15273432,34230,0.0,87224,119936,30.85527072131954,71768,71768,0.0,48348,48348,0.0,18560,18920
1789821515.9222276,15273436,34230,0.0,87224,119936,30.78396045031403,71768,71768,0.9619987640723134,48348,48348,0.0,18560,18920
1789821516.9563699,15273436,34230,0.0,87224,119936,29.00956158241839,71768,71768,0.0,48348,48348,0.0,18560,18920
1789821517.9911919,15273184,34230,0.9663501176192649,87304,119936,28.990503528577946,71768,71768,0.9663501176192649,48348,48348,0.0,18560,18920
1789821519.0293834,15273188,34230,0.0,87304,119936,30.822802667427272,71768,71768,0.9632125833571022,48348,48348,0.0,18560,18920
1789821520.0589345,15273200,34230,0.0,87304,119936,31.081520342505915,71768,71768,0.0,48348,48348,0.0,18560,18920
1789821521.1002145,15273200,34230,0.0,87304,119936,30.73141363719549,71768,71768,0.9603566761623591,48348,48348,0.0,18560,18920
1789821522.1293993,15273200,34230,0.9716389511382023,87304,119936,27.205890631869664,71768,71768,0.9716389511382023,48348,48348,0.0,18560,18920
1789821523.1455398,15272952,34230,0.0,87384,119936,27.55521067802923,71768,71768,0.0,48348,48348,0.0,18560,18920
1789821524.1849263,15273456,34230,0.0,87384,119936,25.01488864526763,71768,71768,0.9621111017410626,48348,48348,0.0,18560,18920
1789821525.2122796,15273460,34230,0.0,87384,119936,28.227745342901102,71768,71768,0.0,48348,48348,0.0,18560,18920
1789821526.2222571,15273460,34230,0.0,87384,119936,30.69387713329976,71768,71768,0.9901250688161213,48348,48348,0.0,18560,18920
1789821527.2624848,15273460,34230,0.9613282098153257,87464,119936,26.91718987482912,71768,71768,0.0,48348,48348,0.0,18560,18920
1789821528.3016036,15273464,34230,0.0,87464,119936,25.98343802765356,71768,71768,0.9623495565797615,48348,48348,0.0,18560,18920
1789821529.332678,15273464,34230,0.0,87464,119936,32.00544283396408,71768,71768,0.0,48348,48348,0.0,18560,18920
1789821530.348707,15273468,34230,0.0,87464,119936,31.49515496448943,71768,71768,0.9842235926402947,48348,48348,0.0,18560,18920
1789821531.3660822,15273468,34230,0.0,87464,119936,31.453648799301664,71768,71768,0.982926524978177,48348,48348,0.0,18560,18920
1789821532.4096491,15273472,34230,0.9582516124381971,87544,119936,28.747548373145914,71768,71768,0.0,48348,48348,0.0,18560,18920
1789821533.4495642,15273476,34230,0.0,87544,119936,28.84851856477555,71768,71768,0.9616172854925183,48348,48348,0.0,18560,18920
1789821534.4896953,15273476,34230,0.0,87544,119936,33.649621055641326,71768,71768,0.961417744446895,48348,48348,0.0,18560,18920
1789821535.525653,15273480,34230,0.0,87544,119936,27.028131449704162,71768,71768,0.0,48348,48348,0.0,18560,18920
1789821536.556861,15273480,34230,0.0,87544,119936,29.092063351147026,71768,71768,0.9697354450382342,48348,48348,0.0,18560,18920
1789821537.5975578,15273484,34230,0.0,87624,119936,32.67041352043463,71768,71768,0.9608945153069008,48348,48348,0.0,18560,18920
1789821538.63531,15273232,34230,0.0,87624,119936,33.726613755238596,71768,71768,0.0,48348,48348,0.0,18560,18920
1789821539.6664135,15273232,34230,0.0,87624,119936,33.94423526784356,71768,71768,0.969835293366959,48348,48348,0.0,18560,18920
1789821540.6754308,15273236,34230,0.0,87624,119936,30.723085122286275,71768,71768,0.9910672620092347,48348,48348,0.0,18560,18920
1789821541.711005,15273236,34230,0.0,87624,119936,33.79766359686546,71768,71768,0.0,48348,48348,0.0,18560,18920
1789821542.752565,15273240,34230,0.9600978144586697,87704,119936,32.64332569159477,71768,71768,0.9600978144586697,48348,48348,0.0,18560,18920
1789821543.7849374,15273240,34230,0.0,87704,119936,30.027944130717966,71768,71768,0.0,48348,48348,0.0,18560,18920
1789821544.8156698,15273244,34230,0.0,87704,119936,32.016093422959244,71768,71768,0.9701846491805831,48348,48348,0.0,18560,18920
1789821545.8454342,15273248,34230,0.0,87704,119936,27.190637792628987,71768,71768,0.9710942068796067,48348,48348,0.0,18560,18920
1789821546.8866005,15273248,34230,0.0,87704,119936,29.774202284965288,71768,71768,0.9604581382246866,48348,48348,0.0,18560,18920
1789821547.9126437,15273248,34230,0.0,87784,119936,23.390837266965338,71768,71768,0.0,48348,48348,0.0,18560,18920
1789821548.9518886,15273248,34230,0.0,87784,119936,22.131537275286327,71768,71768,0.9622407510994055,48348,48348,0.0,18560,18920
1789821550.0054655,15273252,34230,0.0,87784,119936,21.830295461224747,71768,71768,0.949143280922815,48348,48348,0.0,18560,18920
1789821551.042256,15273252,34230,0.0,87784,119936,26.042061215939352,71768,71768,0.0,48348,48348,0.0,18560,18920
1789821552.0771987,15273256,34230,0.9662337527522445,87784,119936,29.95324633531958,71768,71768,0.9662337527522445,48348,48348,0.0,18560,18920
1789821553.1148024,15273256,34230,0.0,87864,119936,28.91283289937689,71768,71768,0.0,48348,48348,0.0,18560,18920
1789821554.1435359,15273508,34230,0.0,87864,119936,33.05021797291527,71768,71768,0.9720652344975079,48348,48348,0.0,18560,18920
1789821555.1804,15273516,34230,0.0,87864,119936,34.72020873139212,71768,71768,0.96445024253867,48348,48348,0.0,18560,18920
1789821556.2100012,15273516,34230,0.0,87864,119936,33.02253433753856,71768,71768,0.0,48348,48348,0.0,18560,18920
1789821557.2221942,15273520,34230,0.0,88208,119936,26.674596596129625,71768,71768,0.9879480220788749,48348,48348,0.0,18560,18920
1789821558.2317204,15273520,34230,0.0,88208,119936,22.782982590321687,71768,71768,0.0,48348,48348,0.0,18560,18920
1789821559.2409732,15273520,34230,0.0,88208,119936,25.761642540598487,71768,71768,0.9908324054076341,48348,48348,0.0,18560,18920
1789821560.2533095,15273272,34230,0.0,88208,119936,22.719718174038046,71768,71768,0.0,48348,48348,0.0,18560,18920
1789821561.2801592,15273272,34230,0.0,88208,119936,24.346277091276328,71768,71768,0.973851083651053,48348,48348,0.0,18560,18920
1789821562.3171628,15273284,34230,0.9643217425857341,88288,119936,28.929652277572025,71768,71768,0.9643217425857341,48348,48348,0.0,18560,18920
1789821563.3460152,15273540,34230,0.0,88288,119936,30.13053809727716,71768,71768,0.0,48348,48348,0.0,18560,18920
1789821564.3858058,15273540,34230,0.0,88288,119936,31.737278180322665,71768,71768,0.9617357024340202,48348,48348,0.0,18560,18920
1789821565.4249792,15273540,34230,0.0,88288,119936,32.718314536728336,71768,71768,0.9623033687273039,48348,48348,0.0,18560,18920
1789821566.4643342,15273544,34230,0.0,88288,119936,33.67473903045805,71768,71768,0.96213540087023,48348,48348,0.0,18560,18920
1789821567.4928837,15273548,34230,0.9722436588449654,88368,119936,31.111797083038894,71768,71768,0.0,48348,48348,0.0,18560,18920
1789821568.5241675,15273552,34230,0.0,88368,119936,32.968459465590826,71768,71768,0.9696605725173773,48348,48348,0.0,18560,18920
1789821569.5348814,15273552,34230,0.0,88368,119936,22.75629241935717,71768,71768,0.0,48348,48348,0.0,18560,18920
1789821570.5657034,15273556,34230,0.0,88368,119936,21.342172003719433,71768,71768,0.9700987274417924,48348,48348,0.0,18560,18920
1789821571.6059484,15273560,34230,0.0,88368,119936,27.878081432469465,71768,71768,0.0,48348,48348,0.0,18560,18920
1789821572.6393788,15273560,34230,0.9676505546239901,88448,119936,27.09421552947172,71768,71768,0.9676505546239901,48348,48348,0.0,18560,18920
1789821573.6676834,15273308,34230,0.0,88448,119936,30.146716044054987,71768,71768,0.972474711098548,48348,48348,0.0,18560,18920
1789821574.7027967,15273312,34230,0.0,88448,119936,30.91444567048385,71768,71768,0.0,48348,48348,0.0,18560,18920
1789821575.7426322,15273316,34230,0.0,88448,119936,33.659086485247165,71768,71768,0.9616881852927761,48348,48348,0.0,18560,18920
1789821576.751419,15273324,34230,0.0,88448,119936,27.75609330233933,71768,71768,0.0,48348,48348,0.0,18560,18920
1789821577.7805078,15273324,34230,0.0,88528,119936,29.152117937807247,71768,71768,0.9717372645935749,48348,48348,0.0,18560,18920
1789821578.8211684,15273328,34230,0.0,88528,119936,25.945077457472458,71768,71768,0.9609287947212021,48348,48348,0.0,18560,18920
1789821579.8511336,15273328,34230,0.0,88528,119936,30.098089411247983,71768,71768,0.0,48348,48348,0.0,18560,18920
1789821580.8887148,15273332,34230,0.0,88528,119936,35.6598522234265,71768,71768,0.9637797898223378,48348,48348,0.0,18560,18920
1789821581.9285316,15273336,34230,0.0,88528,119936,30.774531238365466,71768,71768,0.9617041011989208,48348,48348,0.0,18560,18920
1789821582.9682019,15273336,34230,0.961846667731438,88608,119936,24.04616669328595,71768,71768,0.0,48348,48348,0.0,18560,18920
1789821583.9984546,15273340,34230,0.0,88608,119936,24.26590481430697,71768,71768,0.9706361925722788,48348,48348,0.0,18560,18920
1789821585.0345447,15273340,34230,0.0,88608,119936,27.024568443444615,71768,71768,0.0,48348,48348,0.0,18560,18920
1789821586.0703647,15273344,34230,0.0,88608,119936,29.928130240497968,71768,71768,0.9654235561450958,48348,48348,0.0,18560,18920
1789821587.1090412,15273344,34230,0.0,88608,119936,34.65934195900895,71768,71768,0.0,48348,48348,1.9255189977227194,18560,18920
1789821588.1388261,15273092,34230,0.0,88688,119936,30.103344285696704,71768,71768,0.9710756221192486,48348,48348,0.0,18560,18920
1789821589.1506343,15273096,34230,0.0,88688,119936,30.638213738997134,71768,71768,0.9883294754515204,48348,48348,0.0,18560,18920
1789821590.1853008,15273096,34230,0.0,88688,119936,27.061982095930304,71768,71768,0.0,48348,48348,0.0,18560,18920
1789821591.2174752,15273100,34230,0.0,88688,119936,31.97138331001027,71768,71768,0.9688297972730385,48348,48348,0.0,18560,18920
1789821592.2499692,15273356,34230,0.9685271842073457,88768,119936,32.929924263049756,71768,71768,0.0,48348,48348,0.0,18560,18920
1789821593.2846036,15273108,34230,0.0,88768,119936,32.86186753488081,71768,71768,0.9665255157317886,48348,48348,0.0,18560,18920
1789821594.3214507,15273108,34230,0.0,88768,119936,26.040471562731714,71768,71768,0.9644619097308041,48348,48348,0.0,18560,18920
1789821595.3522837,15273108,34230,0.0,88768,119936,29.102698301200334,71768,71768,0.0,48348,48348,0.0,18560,18920
1789821596.3868885,15273112,34230,0.0,88768,119936,28.996566564857606,71768,71768,0.9665522188285869,48348,48348,0.0,18560,18920
1789821597.4253798,15273112,34230,0.9629310848800864,88848,119936,26.96207037664242,71768,71768,0.0,48348,48348,0.0,18560,18920
1789821598.4530501,15273116,34230,0.0,88848,119936,29.192382974755617,71768,71768,0.9730794324918539,48348,48348,0.0,18560,18920
1789821599.4932492,15273120,34230,0.0,88848,119936,25.956546792968634,71768,71768,0.9613535849247643,48348,48348,0.0,18560,18920
1789821600.5285807,15273124,34230,0.0,88848,119936,29.942100670165715,71768,71768,0.965874215166636,48348,48348,0.0,18560,18920
1789821601.5639253,15273124,34230,0.0,88848,119936,34.771070109218954,71768,71768,0.9658630585894153,48348,48348,0.0,18560,18920
1789821602.5934472,15273124,34230,0.0,88928,119936,29.139747279088372,71768,71768,0.0,48348,48348,0.0,18560,18920
1789821603.6262186,15273128,34230,0.0,88928,119936,32.921058942288504,71768,71768,0.9682664394790738,48348,48348,0.0,18560,18920
1789821604.656401,15273128,34230,0.0,88928,119936,33.003891625751685,71768,71768,0.0,48348,48348,0.0,18560,18920
1789821605.6979797,15272376,34230,0.0,88928,119936,26.882281768066555,71768,71768,0.9600814917166627,48348,48348,0.0,18560,18920
1789821606.7328565,15272128,34230,0.0,88928,119936,23.191061924326306,71768,71768,0.0,48348,48348,0.0,18560,18920
1789821607.760876,15272128,34230,0.9727436414561627,89008,119936,26.264078319316393,71768,71768,0.9727436414561627,48348,48348,0.0,18560,18920
1789821608.7700882,15272128,34230,0.0,89008,119936,27.744550128353833,71768,71768,0.0,48348,48348,0.0,18560,18920
1789821609.8098261,15272128,34230,0.0,89008,119936,29.81521181876518,71768,71768,0.9617810264117801,48348,48348,0.0,18560,18920
1789821610.8477528,15272132,34230,0.0,89008,119936,33.721088338529654,71768,71768,0.9634596668151331,48348,48348,0.0,18560,18920
1789821611.8860295,15272140,34230,0.0,89008,119936,26.96762536576072,71768,71768,0.0,48348,48348,0.0,18560,18920
1789821612.9158273,15274060,34230,5.826389374503477,87396,119936,24.276622393764487,71768,71768,0.9710648957505795,48348,48348,0.0,18560,18920
1789821613.9475434,15274060,34230,0.0,87396,119936,23.262313267988677,71768,71768,0.0,48348,48348,0.0,18560,18920
1789821614.979441,15274064,34230,0.0,87396,119936,26.165398972136824,71768,71768,0.9690888508198824,48348,48348,0.0,18560,18920
1789821616.0159872,15274064,34230,0.0,87396,119936,29.906849790991387,71768,71768,0.0,48348,48348,0.0,18560,18920
1789821617.0268767,15272052,34230,0.989232288644276,96896,119936,28.687736370684004,71768,71768,0.989232288644276,48348,48348,0.0,18560,18920
1789821618.064152,15275204,34230,4.820324027059176,85848,119936,30.85007377317872,71768,71768,0.0,48348,48348,0.0,18560,18920
1789821619.095354,15275208,34230,0.0,85848,119936,32.00135632996448,71768,71768,0.9697380706049842,48348,48348,0.0,18560,18920
1789821620.109174,15275208,34230,0.0,85848,119936,26.632055936118125,71768,71768,0.0,48348,48348,0.0,18560,18920
1789821621.1415637,15275220,34230,0.0,85848,119936,30.02738545015239,71768,71768,1.93725067420338,48348,48348,0.0,18560,18920
1789821622.1731288,15277236,34230,2.908202466985721,83928,119936,30.051425492185786,71768,71768,0.0,48348,48348,0.0,18560,18920
1789821623.2071266,15277116,34230,0.0,84172,119936,20.309545677381227,71768,71768,0.9671212227324393,48348,48348,0.0,18560,18920
1789821624.2426598,15277108,34230,0.0,84172,119936,25.1078490514933,71768,71768,0.0,48348,48348,0.0,18560,18920
1789821625.2816613,15277112,34230,0.0,84172,119936,25.02390504775135,71768,71768,0.9624578864519749,48348,48348,0.0,18560,18920
1789821626.32005,15277364,34230,0.0,84172,119936,26.96495144437568,71768,71768,0.9630339801562742,48348,48348,0.0,18560,18920
1789821627.349922,15278504,34230,8.738954673760956,82320,119936,23.303879130029216,71768,71768,0.0,48348,48348,0.0,18560,18920
1789821628.3880153,15278512,34230,0.0,82560,119936,25.045827024024447,71768,71768,0.9633010393855557,48348,48348,0.0,18560,18920
1789821629.4241261,15278516,34230,0.0,82560,119936,27.989401811057164,71768,71768,0.0,48348,48348,0.0,18560,18920
1789821630.453738,15278516,34230,0.0,82560,119936,31.079521691014286,71768,71768,0.9712350528441964,48348,48348,0.0,18560,18920
1789821631.4634566,15278516,34230,0.0,82560,119936,26.740361094674423,71768,71768,0.0,48348,48348,0.0,18560,18920
1789821632.5081282,15278524,34230,0.9572303497059927,82904,119936,29.674140840885773,71768,71768,0.9572303497059927,48348,48348,0.0,18560,18920
1789821633.5357382,15278528,34230,0.0,82904,119936,29.1941312727453,71768,71768,0.0,48348,48348,0.0,18560,18920
1789821634.570264,15278532,34230,0.0,82904,119936,31.898597228331052,71768,71768,0.9666241584342743,48348,48348,0.0,18560,18920
1789821635.5801728,15278532,34230,0.0,82904,119936,32.67622759886101,71768,71768,0.9901887151170004,48348,48348,0.0,18560,18920
1789821636.6152616,15278536,34230,0.0,82904,119936,28.01692685722257,71768,71768,0.0,48348,48348,0.0,18560,18920
1789821637.6561697,15278292,34230,0.0,82984,119936,28.820874392127166,71768,71768,0.9606958130709055,48348,48348,0.0,18560,18920
1789821638.6836252,15278292,34230,0.0,82984,119936,29.198498756472304,71768,71768,0.9732832918824101,48348,48348,0.0,18560,18920
1789821639.6928875,15278548,34230,0.0,82984,119936,28.73368303685561,71768,71768,0.0,48348,48348,0.0,18560,18920
1789821640.7024705,15278552,34230,0.0,82984,119936,29.715371315841814,71768,71768,0.9905123771947272,48348,48348,0.0,18560,18920
1789821641.7394989,15278556,34230,0.0,82984,119936,26.035945337999976,71768,71768,0.0,48348,48348,0.0,18560,18920
1789821642.775538,15278560,34230,0.9652107478253837,83064,119936,27.025900939110745,71768,71768,0.9652107478253837,48348,48348,0.0,18560,18920
1789821643.7848144,15278560,34230,0.0,83064,119936,25.76114373154586,71768,71768,0.0,48348,48348,0.0,18560,18920
1789821644.8256168,15278560,34230,0.0,83064,119936,25.941402669956748,71768,71768,0.9607926914798794,48348,48348,0.0,18560,18920
1789821645.852301,15278560,34230,0.0,83064,119936,24.350331120283908,71768,71768,0.9740132448113562,48348,48348,0.0,18560,18920
1789821646.8883512,15278564,34230,0.0,83064,119936,25.095210989187226,71768,71768,0.0,48348,48348,0.0,18560,18920
1789821647.9168792,15278312,34230,0.0,83144,119936,23.33441874678172,71768,71768,0.9722674477825716,48348,48348,0.0,18560,18920
1789821648.958674,15278316,34230,0.0,83144,119936,24.956845438756858,71768,71768,0.0,48348,48348,0.0,18560,18920
1789821649.9919224,15278316,34230,0.0,83144,119936,22.259962881673474,71768,71768,0.967824473116238,48348,48348,0.0,18560,18920
1789821651.030023,15278320,34230,0.0,83144,119936,24.082336545361677,71768,71768,0.9632934618144671,48348,48348,0.0,18560,18920
1789821652.039228,15278320,35153,0.9908790809283721,83144,119936,30.717251508779533,71768,71768,0.0,48348,48348,0.0,18560,18920
1789821653.0725455,15278080,34230,0.9677628123132885,83224,119936,24.194070307832213,71768,71768,0.9677628123132885,48348,48348,0.0,18560,18920
1789821654.1079004,15278084,34230,0.0,83224,119936,21.248616166971487,71768,71768,0.0,48348,48348,0.0,18560,18920
1789821655.136514,15278084,34230,0.0,83224,119936,22.360309730029048,71768,71768,0.9721873795664803,48348,48348,0.0,18560,18920
1789821656.1653852,15278088,34230,0.0,83224,119936,22.354490785200937,71768,71768,0.9719343819652582,48348,48348,0.0,18560,18920
1789821657.1748202,15278088,34230,0.0,83304,119936,26.747732081589504,71768,71768,0.0,48348,48348,0.0,18560,18920
1789821658.2059221,15278100,34230,0.0,83304,119936,25.21567382855286,71768,71768,0.9698336087904945,48348,48348,0.0,18560,18920
1789821659.2355855,15278100,34230,0.0,83304,119936,26.22216744184075,71768,71768,0.0,48348,48348,0.0,18560,18920
1789821660.2660823,15278100,34230,0.0,83304,119936,22.31929948701579,71768,71768,0.9704043255224256,48348,48348,0.0,18560,18920
1789821661.2778437,15278104,34230,0.0,83304,119936,23.721022978986223,71768,71768,0.0,48348,48348,0.0,18560,18920
1789821662.3065994,15278104,34230,0.972051808444865,83384,119936,20.413087977342165,71768,71768,0.972051808444865,48348,48348,0.0,18560,18920
1789821663.3386626,15277864,34230,0.0,83384,119936,23.254431892126494,71768,71768,0.9689346621719371,48348,48348,0.0,18560,18920
1789821664.374791,15277868,34230,0.0,83384,119936,19.30261035414098,71768,71768,0.965130517707049,48348,48348,0.0,18560,18920
1789821665.4010503,15277868,34230,0.0,83384,119936,28.25780865567255,71768,71768,0.0,48348,48348,0.0,18560,18920
1789821666.410565,15277872,34230,0.0,83384,119936,18.82103469585411,71768,71768,0.9905807734660058,48348,48348,0.0,18560,18920
1789821667.4386194,15277876,34230,0.0,83464,119936,20.426831602779725,71768,71768,0.0,48348,48348,0.0,18560,18920
1789821668.4718513,15277880,34230,0.0,83464,119936,21.292426911207187,71768,71768,0.967837586873054,48348,48348,0.0,18560,18920
1789821669.5028532,15277884,34230,0.0,83464,119936,24.24835944135364,71768,71768,0.0,48348,48348,0.0,18560,18920
1789821670.5294278,15277888,34230,0.0,83464,119936,19.482168823210277,71768,71768,0.9741084411605138,48348,48348,0.0,18560,18920
1789821671.5389645,15277892,34230,0.0,83464,119936,22.782722113299616,71768,71768,0.9905531353608529,48348,48348,0.0,18560,18920
1789821672.5707686,15277892,34230,0.0,83544,119936,25.198576070349585,71768,71768,0.0,48348,48348,0.0,18560,18920
1789821673.6015365,15277900,34230,0.0,83544,119936,22.313583952061606,71768,71768,0.9701558240026785,48348,48348,0.0,18560,18920
1789821674.6302505,15277904,34230,0.0,83544,119936,21.38591501997743,71768,71768,0.0,48348,48348,0.0,18560,18920
1789821675.6411831,15277904,34230,0.0,83544,119936,23.740366426377538,71768,71768,0.9891819344323974,48348,48348,0.0,18560,18920
1789821676.6701725,15277904,34230,0.0,83544,119936,23.3238399214781,71768,71768,0.0,48348,48348,0.0,18560,18920
1789821677.700332,15277908,34230,0.9707271952917385,83624,119936,27.180361468168677,71768,71768,0.9707271952917385,48348,48348,0.0,18560,18920
1789821678.7373111,15277912,34230,0.0,83624,119936,30.858888450804354,71768,71768,0.9643402640876361,48348,48348,0.0,18560,18920
1789821679.770248,15277916,34230,0.0,83624,119936,23.23472650295378,71768,71768,0.0,48348,48348,0.0,18560,18920
1789821680.7997944,15277916,34230,0.0,83624,119936,29.13906564590444,71768,71768,0.9713021881968147,48348,48348,0.0,18560,18920
1789821681.8409405,15277916,34230,0.0,83624,119936,24.972331329211222,71768,71768,0.9604742818927393,48348,48348,0.0,18560,18920
1789821682.8683612,15277920,34230,0.9733115927054925,83704,119936,25.306101410342805,71768,71768,0.0,48348,48348,0.0,18560,18920
1789821683.8778543,15277924,34230,0.0,83704,119936,28.727271671136112,71768,71768,0.9905955748667625,48348,48348,0.0,18560,18920
1789821684.886658,15277928,34230,0.0,83704,119936,25.77312771340445,71768,71768,0.991274142823248,48348,48348,0.0,18560,18920
1789821685.8963695,15277928,34230,0.0,83704,119936,25.750026264037658,71768,71768,0.0,48348,48348,0.0,18560,18920
1789821686.9318259,15277936,34230,0.0,83704,119936,23.178088546856948,71768,71768,0.9657536894523729,48348,48348,0.0,18560,18920
1789821687.9405391,15277688,34230,0.0,83784,119936,21.809971528308374,71768,71768,0.0,48348,48348,0.0,18560,18920
1789821688.9499176,15277444,34230,0.0,83784,119936,27.739956383705035,71768,71768,0.9907127279894655,48348,48348,0.0,18560,18920
1789821689.9588993,15277448,34230,0.0,83784,119936,27.750629348115204,71768,71768,0.0,48348,48348,0.0,18560,18920
1789821690.9956155,15277448,34230,0.0,83784,119936,31.83144127519255,71768,71768,0.9645891295512894,48348,48348,0.0,18560,18920
1789821692.028213,15277452,34230,0.0,83784,119936,29.052792981596212,71768,71768,0.0,48348,48348,0.0,18560,18920
1789821693.058195,15277452,34230,0.9708949556875325,83864,119936,22.33058398081325,71768,71768,0.9708949556875325,48348,48348,0.0,18560,18920
1789821694.0956993,15277464,34230,0.0,83864,119936,22.16859899437085,71768,71768,0.0,48348,48348,0.0,18560,18920
1789821695.1384745,15277464,34230,0.0,83864,119936,31.646306820191192,71768,71768,0.9589789945512482,48348,48348,0.0,18560,18920
1789821696.1686795,15277468,34230,0.0,83864,119936,29.120396552712965,71768,71768,0.9706798850904321,48348,48348,0.0,18560,18920
1789821697.2022965,15277468,34230,0.0,84208,119936,25.154266399383356,71768,71768,0.9674717845916676,48348,48348,0.0,18560,18920
1789821698.2383418,15277472,34230,0.0,84208,119936,19.304301896790275,71768,71768,0.0,48348,48348,0.0,18560,18920
1789821699.2766416,15277480,34230,0.0,84208,119936,27.930229154970352,71768,71768,0.9631113501713914,48348,48348,0.0,18560,18920
1789821700.3093424,15277484,34230,0.0,84208,119936,30.018370497124703,71768,71768,0.968334532165313,48348,48348,0.0,18560,18920
1789821701.3511066,15277488,34230,0.0,84208,119936,23.99766550709838,71768,71768,0.0,48348,48348,0.0,18560,18920
1789821702.3873992,15277488,34230,0.9649827065780522,84288,119936,24.124567664451305,71768,71768,0.9649827065780522,48348,48348,0.0,18560,18920
1789821703.4195757,15277244,34230,0.0,84288,119936,31.971286544947098,71768,71768,0.9688268649983969,48348,48348,0.0,18560,18920
1789821704.4544294,15277248,34230,0.0,84288,119936,26.090509822305954,71768,71768,0.0,48348,48348,0.0,18560,18920
1789821705.482611,15277248,34230,0.0,84288,119936,22.36961492331283,71768,71768,0.9725919531875145,48348,48348,0.0,18560,18920
1789821706.4992309,15277252,34230,0.0,84288,119936,23.60762937240747,71768,71768,0.9836512238503112,48348,48348,0.0,18560,18920
1789821707.518958,15277252,34230,0.9806543049870021,84368,119936,24.516357624675052,71768,71768,0.0,48348,48348,0.9806543049870021,18560,18920
1789821708.5485294,15277260,34230,0.0,84368,119936,33.02358345218422,71768,71768,0.9712818662407122,48348,48348,0.0,18560,18920
1789821709.5847921,15277260,34230,0.0,84368,119936,31.845203991449562,71768,71768,0.0,48348,48348,0.0,18560,18920
1789821710.6217072,15277264,34230,0.0,84368,119936,28.931985393573143,71768,71768,0.9643995131191048,48348,48348,0.0,18560,18920
1789821711.6564424,15277264,34230,0.0,84368,119936,27.060034705851002,71768,71768,0.9664298109232501,48348,48348,0.0,18560,18920
1789821712.69397,15277268,34230,0.0,84448,119936,22.16800609037361,71768,71768,0.0,48348,48348,0.0,18560,18920
1789821713.72285,15277020,34230,0.0,84448,119936,30.129991464732846,71768,71768,0.9719352085397692,48348,48348,0.0,18560,18920
1789821714.7624857,15277020,34230,0.0,84448,119936,25.9705355290577,71768,71768,0.9618716862613963,48348,48348,0.0,18560,18920
1789821715.77256,15277024,34230,0.0,84448,119936,30.690942211917736,71768,71768,0.0,48348,48348,0.0,18560,18920
1789821716.833964,15277024,34230,0.0,84448,119936,29.20644899461244,71768,71768,0.9421435159552399,48348,48348,0.0,18560,18920
1789821717.8613954,15277028,34230,0.9733065396444207,84528,119936,30.17250272897704,71768,71768,0.9733065396444207,48348,48348,0.0,18560,18920
1789821718.8968174,15277032,34230,0.0,84528,119936,28.973556228324227,71768,71768,0.9657852076108076,48348,48348,0.0,18560,18920
1789821719.9118214,15277036,34230,0.0,84528,119936,29.556684200094562,71768,71768,0.0,48348,48348,0.0,18560,18920
1789821720.9415557,15277040,34230,0.0,84528,119936,29.13355355062427,71768,71768,0.9711184516874757,48348,48348,0.0,18560,18920
1789821721.9514406,15277040,34230,0.0,84528,119936,32.67713626730652,71768,71768,0.0,48348,48348,0.0,18560,18920
1789821722.99127,15277040,34230,0.9616920770519927,84608,119936,31.735838542715758,71768,71768,0.9616920770519927,48348,48348,0.0,18560,18920
1789821724.0319586,15277044,34230,0.0,84608,119936,32.670714392019434,71768,71768,0.9609033644711598,48348,48348,0.0,18560,18920
1789821725.0603225,15277044,34230,0.0,84608,119936,31.11738896224019,71768,71768,0.0,48348,48348,0.0,18560,18920
1789821726.070546,15276800,34230,0.0,84608,119936,30.68629146470037,71768,71768,0.9898803698290443,48348,48348,0.0,18560,18920
1789821727.0847888,15276804,34230,0.0,84608,119936,27.606929065486014,71768,71768,0.9859617523387862,48348,48348,0.0,18560,18920
1789821728.1166399,15276552,34230,0.0,84688,119936,25.19729706500325,71768,71768,0.0,48348,48348,0.0,18560,18920
1789821729.145141,15276552,34230,0.0,84688,119936,30.14107965979712,71768,71768,0.9722928922515199,48348,48348,0.0,18560,18920
1789821730.185046,15276556,34230,0.0,84688,119936,30.772055229636774,71768,71768,0.9616267259261492,48348,48348,0.0,18560,18920
1789821731.213845,15276560,34230,0.0,84688,119936,31.104236858775067,71768,71768,0.9720074018367209,48348,48348,0.0,18560,18920
1789821732.244587,15276560,34230,0.9701737852996514,84768,119936,30.07538734428919,71768,71768,0.0,48348,48348,0.0,18560,18920
1789821733.2755537,15276312,34230,0.0,84768,119936,30.068873462727908,71768,71768,0.9699636600879971,48348,48348,0.0,18560,18920
1789821734.287395,15276316,34230,0.0,84768,119936,32.61382108175302,71768,71768,0.0,48348,48348,0.0,18560,18920
1789821735.321227,15276320,34230,0.0,84768,119936,30.95281216603547,71768,71768,0.9672753801886085,48348,48348,0.0,18560,18920
1789821736.3513649,15276320,34230,0.0,84768,119936,27.180821018537394,71768,71768,0.9707436078049069,48348,48348,0.0,18560,18920
1789821737.387417,15276324,34230,0.9652020520539193,84848,119936,31.851667717779335,71768,71768,0.0,48348,48348,0.0,18560,18920
1789821738.4304578,15276324,34230,0.0,84848,119936,28.762057103464553,71768,71768,0.9587352367821518,48348,48348,0.0,18560,18920
1789821739.4676774,15276328,34230,0.0,84848,119936,30.85174557232141,71768,71768,0.964117049135044,48348,48348,0.0,18560,18920
1789821740.500957,15276328,34230,0.0,84848,119936,29.03363480203562,71768,71768,0.0,48348,48348,0.0,18560,18920
1789821741.5426173,15276332,34230,0.0,84848,119936,33.600325229627224,71768,71768,0.9600092922750636,48348,48348,0.0,18560,18920
1789821742.5833418,15276584,34230,0.0,84928,119936,32.669596040442734,71768,71768,0.9608704717777274,48348,48348,0.0,18560,18920
1789821743.6105735,15276584,34230,0.0,84928,119936,28.23106343911582,71768,71768,0.0,48348,48348,0.0,18560,18920
1789821744.6468425,15276584,34230,0.0,84928,119936,28.94998988834796,71768,71768,0.9649996629449321,48348,48348,0.0,18560,18920
1789821745.6792936,15276592,34230,0.0,84928,119936,29.05720037162936,71768,71768,0.9685733457209788,48348,48348,0.0,18560,18920
1789821746.7215254,15276592,34230,0.0,84928,119936,30.7033612246614,71768,71768,0.0,48348,48348,0.0,18560,18920
1789821747.7518265,15276600,34230,0.9705901469862437,85008,119936,26.205933968628578,71768,71768,0.9705901469862437,48348,48348,0.0,18560,18920
1789821748.7616189,15276600,34230,0.0,85008,119936,20.79634400272164,71768,71768,0.0,48348,48348,0.0,18560,18920
1789821749.7968028,15276604,34230,0.0,85008,119936,28.98033651033402,71768,71768,0.9660112170111339,48348,48348,0.0,18560,18920
1789821750.8355122,15276604,34230,0.0,85008,119936,33.695683589373594,71768,71768,0.0,48348,48348,0.0,18560,18920
1789821751.8678055,15276608,34230,0.0,85008,119936,30.998970878728564,71768,71768,0.9687178399602676,48348,48348,0.0,18560,18920
1789821752.90448,15276356,34230,1.929236256546346,85088,119936,27.00930759164884,71768,71768,0.964618128273173,48348,48348,0.0,18560,18920
1789821753.9348118,15276356,34230,0.0,85088,119936,23.293513557179374,71768,71768,0.0,48348,48348,0.0,18560,18920
1789821754.964392,15276360,34230,0.0,85088,119936,22.339149301071267,71768,71768,0.9712673609161421,48348,48348,0.0,18560,18920
1789821755.994284,15276364,34230,0.0,85088,119936,19.419513513863482,71768,71768,0.0,48348,48348,0.0,18560,18920
1789821757.0276427,15276364,34230,0.0,85088,119936,24.193045983379054,71768,71768,0.0,48348,48348,0.0,18560,18920
1789821758.0558152,15276112,34230,0.0,85168,119936,25.287485053248563,71768,71768,0.9725955789710986,48348,48348,0.0,18560,18920
1789821759.0650115,15276116,34230,0.0,85168,119936,22.790521852795752,71768,71768,0.9908922544693806,48348,48348,0.0,18560,18920
1789821760.0932014,15276116,34230,0.0,85168,119936,18.4790007431796,71768,71768,0.0,48348,48348,0.0,18560,18920
1789821761.1021767,15276124,34230,0.0,85168,119936,24.777712918209243,71768,71768,0.9911085167283697,48348,48348,0.0,18560,18920
1789821762.131569,15276124,34230,0.9714429765400667,85168,119936,22.343188460421537,71768,71768,0.0,48348,48348,0.0,18560,18920
1789821763.1405895,15276132,34230,0.0,85512,119936,23.785442394096044,71768,71768,0.9910600997540019,48348,48348,0.0,18560,18920
1789821764.1504538,15276132,34230,0.0,85512,119936,21.78519885428271,71768,71768,0.0,48348,48348,0.0,18560,18920
1789821765.1861262,15276132,34230,0.0,85512,119936,34.76001465255134,71768,71768,0.9655559625708705,48348,48348,0.0,18560,18920
1789821766.2358353,15276140,34230,0.0,85512,119936,33.34255810774115,71768,71768,0.9526445173640329,48348,48348,0.0,18560,18920
1789821767.2775927,15276144,34230,0.959913645246368,85592,119936,27.837495712144673,71768,71768,0.959913645246368,48348,48348,0.0,18560,18920
1789821768.3085673,15276148,34230,0.0,85592,119936,27.158876029916378,71768,71768,0.0,48348,48348,0.0,18560,18920
1789821769.3503463,15276148,34230,0.0,85592,119936,32.636312065416135,71768,71768,0.9598915313357687,48348,48348,0.0,18560,18920
1789821770.3781695,15276152,34230,0.0,85592,119936,33.07963092011869,71768,71768,0.0,48348,48348,0.0,18560,18920
1789821771.41565,15276404,34230,0.0,85592,119936,26.98846447100587,71768,71768,0.9638737311073525,48348,48348,0.0,18560,18920
1789821772.4480908,15276404,34230,0.0,85672,119936,30.99453469108126,71768,71768,0.0,48348,48348,0.0,18560,18920
1789821773.4905202,15276408,34230,0.0,85672,119936,24.941714738070566,71768,71768,0.9592967206950217,48348,48348,0.0,18560,18920
1789821774.520495,15276412,34230,0.0,85672,119936,24.272445556403397,71768,71768,0.0,48348,48348,0.0,18560,18920
1789821775.5503235,15276412,34230,0.0,85672,119936,24.275986897757885,71768,71768,0.9710394759103154,48348,48348,0.0,18560,18920
1789821776.579523,15276420,34230,0.0,85672,119936,22.34737651282273,71768,71768,0.0,48348,48348,0.0,18560,18920
1789821777.5885696,15276420,34230,0.0,85752,119936,21.80276220563384,71768,71768,0.9910346457106292,48348,48348,0.0,18560,18920
1789821778.609724,15275920,34230,0.0,85752,119936,27.420032020298382,71768,71768,0.0,48348,48348,0.0,18560,18920
1789821779.6498628,15275920,34230,0.0,85752,119936,27.880942606600044,71768,71768,0.9614118140206911,48348,48348,0.0,18560,18920
1789821780.6827672,15275920,34230,0.0,85752,119936,26.139879245483588,71768,71768,0.9681436757586513,48348,48348,0.0,18560,18920
1789821781.7195394,15275672,34230,0.0,85752,119936,27.006779528258026,71768,71768,0.0,48348,48348,0.0,18560,18920
1789821782.729301,15275672,34230,0.9903328245393024,85832,119936,29.709984736179074,71768,71768,0.9903328245393024,48348,48348,0.0,18560,18920
1789821783.738779,15275424,34230,0.0,85832,119936,30.70891020942158,71768,71768,0.0,48348,48348,0.0,18560,18920
1789821784.7689257,15275424,34230,0.0,85832,119936,31.063682369006987,71768,71768,1.9414801480629367,48348,48348,0.0,18560,18920
1789821785.8036675,15275680,34230,0.0,85832,119936,31.892000126695084,71768,71768,0.0,48348,48348,0.0,18560,18920
1789821786.8346915,15275680,34230,0.0,85832,119936,30.06722936464924,71768,71768,0.9699106246661046,48348,48348,0.0,18560,18920
1789821787.8718076,15275680,34230,0.9642107456604797,85912,119936,32.78316535245631,71768,71768,0.0,48348,48348,0.0,18560,18920
1789821788.9131367,15275684,34230,0.0,85912,119936,26.888723786148606,71768,71768,0.9603115637910217,48348,48348,0.0,18560,18920
1789821789.9462898,15275684,34230,0.0,85912,119936,26.133606676143856,71768,71768,0.0,48348,48348,0.0,18560,18920
1789821790.9744833,15275688,34230,0.0,85912,119936,24.31449533022348,71768,71768,0.9725798132089392,48348,48348,0.0,18560,18920
1789821792.005557,15275692,34230,0.0,85912,119936,21.336961910012487,71768,71768,0.0,48348,48348,0.0,18560,18920
1789821793.0462713,15275444,34230,0.9608789345635093,85992,119936,23.06109442952422,71768,71768,0.9608789345635093,48348,48348,0.0,18560,18920
1789821794.0897236,15275448,34230,0.0,85992,119936,23.958941075847367,71768,71768,0.0,48348,48348,0.0,18560,18920
1789821795.1177342,15275448,34230,0.0,85992,119936,25.291530461960434,71768,71768,0.9727511716138628,48348,48348,0.0,18560,18920
1789821796.1481616,15275452,34230,0.0,85992,119936,19.40935551335638,71768,71768,0.9704677756678189,48348,48348,0.0,18560,18920
1789821797.1765585,15275452,34230,0.0,86072,119936,24.30976671617171,71768,71768,0.0,48348,48348,0.0,18560,18920
1789821798.205797,15275456,34230,0.0,86072,119936,27.20448418820189,71768,71768,0.9715887210072103,48348,48348,0.0,18560,18920
1789821799.2171159,15275456,34230,0.0,86072,119936,27.686731526768003,71768,71768,0.9888118402417144,48348,48348,0.0,18560,18920
1789821800.2500734,15275460,34230,0.0,86072,119936,27.106682341754123,71768,71768,0.0,48348,48348,0.0,18560,18920
1789821801.2613285,15275464,34230,0.0,86072,119936,26.69945863851539,71768,71768,0.988868838463533,48348,48348,0.0,18560,18920
1789821802.3003733,15275468,34230,0.9624223011333424,86152,119936,27.910246732866927,71768,71768,0.0,48348,48348,0.0,18560,18920
1789821803.3362432,15275472,34230,0.0,86152,119936,20.272819851313656,71768,71768,0.9653723738720789,48348,48348,0.0,18560,18920
1789821804.3742235,15275472,34230,0.0,86152,119936,24.085258918648382,71768,71768,0.0,48348,48348,0.0,18560,18920
1789821805.4022644,15275476,34230,0.0,86152,119936,24.31805484321256,71768,71768,0.9727221937285025,48348,48348,0.0,18560,18920
1789821806.436438,15275728,34230,0.0,86152,119936,28.041729962008027,71768,71768,0.9669562055864837,48348,48348,0.0,18560,18920
1789821807.4713426,15275736,34230,0.0,86232,119936,28.988052425400213,71768,71768,0.0,48348,48348,0.0,18560,18920
1789821808.513124,15275484,34230,0.0,86232,119936,29.756721989969346,71768,71768,0.9598942577409467,48348,48348,0.0,18560,18920
1789821809.5428116,15275484,34230,0.0,86232,119936,23.308036829622132,71768,71768,0.9711682012342555,48348,48348,0.0,18560,18920
1789821810.5627046,15275488,34230,0.0,86232,119936,26.47348645915802,71768,71768,0.9804994984873341,48348,48348,0.0,18560,18920
1789821811.595001,15275488,34230,0.0,86232,119936,30.99884451613203,71768,71768,0.0,48348,48348,0.0,18560,18920
1789821812.6266701,15275492,34230,0.9693034517638458,86312,119936,28.109800101151528,71768,71768,0.9693034517638458,48348,48348,0.0,18560,18920
1789821813.6656954,15275496,34230,0.0,86312,119936,27.91064404615182,71768,71768,0.0,48348,48348,0.0,18560,18920
1789821814.6945043,15275500,34230,0.0,86312,119936,25.2720276438563,71768,71768,0.9720010632252424,48348,48348,0.0,18560,18920
1789821815.73319,15275500,34230,0.0,86312,119936,28.882670289502823,71768,71768,0.0,48348,48348,0.0,18560,18920
1789821816.7728066,15275504,34230,0.0,86312,119936,30.780619332020315,71768,71768,0.9618943541256348,48348,48348,0.0,18560,18920
1789821817.8122861,15275252,34230,0.9620182755532142,86392,119936,27.898529991043212,71768,71768,0.0,48348,48348,0.0,18560,18920
1789821818.8454015,15275256,34230,0.0,86392,119936,26.13456582243262,71768,71768,1.9358937646246386,48348,48348,0.0,18560,18920
1789821819.876853,15275256,34230,0.0,86392,119936,23.268082094863612,71768,71768,0.0,48348,48348,0.0,18560,18920
1789821820.8855722,15275260,34230,0.0,86392,119936,20.81849654022257,71768,71768,0.9913569781058367,48348,48348,0.0,18560,18920
1789821821.8942752,15275260,34230,0.0,86392,119936,23.792904560107846,71768,71768,0.0,48348,48348,0.0,18560,18920
1789821822.9338777,15275008,34230,0.9619109319491297,86472,119936,23.08586236677911,71768,71768,0.0,48348,48348,0.0,18560,18920
1789821823.970323,15275012,34230,0.0,86472,119936,26.05056121974494,71768,71768,0.964835600731294,48348,48348,0.0,18560,18920
1789821824.9997149,15275012,34230,0.0,86472,119936,27.20055747308414,71768,71768,0.0,48348,48348,0.0,18560,18920
1789821826.0275004,15275016,34230,0.0,86472,119936,20.432180330264778,71768,71768,0.9729609681078465,48348,48348,0.0,18560,18920
1789821827.0556886,15275016,34230,0.0,86472,119936,24.31463033617195,71768,71768,0.0,48348,48348,0.0,18560,18920
1789821828.088471,15274772,34230,0.0,86552,119936,22.26999961236982,71768,71768,0.9682608527117312,48348,48348,0.0,18560,18920
1789821829.1144857,15274772,34230,0.0,86552,119936,23.391474669451824,71768,71768,0.0,48348,48348,0.0,18560,18920
1789821830.1436129,15274772,34230,0.0,86552,119936,20.405560515252116,71768,71768,0.9716933578691485,48348,48348,0.0,18560,18920
1789821831.153247,15274776,34230,0.0,86552,119936,25.752018772056605,71768,71768,0.0,48348,48348,0.0,18560,18920
1789821832.1909595,15274776,34230,0.9636537890898097,86896,119936,24.091344727245243,71768,71768,0.9636537890898097,48348,48348,0.0,18560,18920
1789821833.2256682,15274776,34230,0.0,86896,119936,25.127947133589565,71768,71768,0.0,48348,48348,0.0,18560,18920
1789821834.2600074,15274780,34230,0.0,86896,119936,25.136721212860472,71768,71768,0.9667969697254027,48348,48348,0.0,18560,18920
1789821835.2707162,15274788,34230,0.0,86896,119936,21.76690993738011,71768,71768,0.9894049971536414,48348,48348,0.0,18560,18920
1789821836.3042362,15275044,34230,0.0,86896,119936,29.02700742531073,71768,71768,0.0,48348,48348,0.0,18560,18920
1789821837.3219917,15275044,34230,0.9825593263179628,86976,119936,26.529101810584997,71768,71768,0.9825593263179628,48348,48348,0.0,18560,18920
1789821838.348484,15275048,34230,0.0,86976,119936,27.27720629627076,71768,71768,0.9741859391525272,48348,48348,0.0,18560,18920
1789821839.3637464,15275048,34230,0.0,86976,119936,22.654343783191067,71768,71768,0.0,48348,48348,0.0,18560,18920
1789821840.3918679,15275052,34230,0.0,86976,119936,31.124752506540897,71768,71768,0.972648515829403,48348,48348,0.0,18560,18920
1789821841.4223204,15275052,34230,0.0,86976,119936,29.11329983690933,71768,71768,0.0,48348,48348,0.0,18560,18920
1789821842.4329703,15274800,34230,0.9894664283390111,87056,119936,30.673459278509345,71768,71768,0.9894664283390111,48348,48348,0.0,18560,18920
1789821843.4736207,15274548,34230,0.0,87056,119936,34.59359730167623,71768,71768,0.9609332583798953,48348,48348,0.0,18560,18920
1789821844.5008903,15274552,34230,0.0,87056,119936,33.09755111669493,71768,71768,0.0,48348,48348,0.0,18560,18920
1789821845.5375404,15274552,34230,0.0,87056,119936,27.009979584544453,71768,71768,0.9646421280194447,48348,48348,0.0,18560,18920
1789821846.559663,15274556,34230,0.0,87056,119936,28.372461416566065,71768,71768,0.9783607385022781,48348,48348,0.0,18560,18920
1789821847.5912595,15274556,34230,0.0,87136,119936,22.295450736203136,71768,71768,0.0,48348,48348,0.0,18560,18920
1789821848.6192524,15274564,34230,0.0,87136,119936,25.291982563124776,71768,71768,0.9727685601201838,48348,48348,0.0,18560,18920
1789821849.6484928,15274564,34230,0.0,87136,119936,29.147711189485342,71768,71768,0.0,48348,48348,0.0,18560,18920
1789821850.6581304,15274568,34230,0.0,87136,119936,31.694682461476333,71768,71768,0.9904588269211354,48348,48348,0.0,18560,18920
1789821851.6984842,15274568,34230,0.0,87136,119936,30.75878434668825,71768,71768,0.0,48348,48348,0.0,18560,18920
1789821852.732863,15274320,34230,0.9667599328653133,87216,119936,29.969557918824712,71768,71768,0.9667599328653133,48348,48348,0.0,18560,18920
1789821853.7675738,15274320,34230,0.0,87216,119936,28.027138314645732,71768,71768,0.9664530453326114,48348,48348,0.0,18560,18920
1789821854.803294,15274320,34230,0.0,87216,119936,29.931004188451432,71768,71768,0.0,48348,48348,0.0,18560,18920
1789821855.8298974,15274324,34230,0.0,87216,119936,26.300306642101955,71768,71768,0.9740854311889613,48348,48348,0.0,18560,18920
1789821856.8622882,15274324,34230,0.0,87216,119936,30.99604579470433,71768,71768,0.0,48348,48348,0.0,18560,18920
1789821857.8917654,15274324,34230,0.9713612749090345,87296,119936,26.22675442254393,71768,71768,0.9713612749090345,48348,48348,0.0,18560,18920
1789821858.9282544,15274328,34230,0.0,87296,119936,21.225516272914817,71768,71768,0.0,48348,48348,0.0,18560,18920
1789821859.9662087,15274328,34230,0.0,87296,119936,31.793327922732804,71768,71768,0.9634341794767517,48348,48348,0.0,18560,18920
1789821860.9765885,15274332,34230,0.0,87296,119936,27.71235383150956,71768,71768,0.0,48348,48348,0.0,18560,18920
1789821861.9862776,15274332,34230,0.0,87296,119936,22.779276397226027,71768,71768,0.9904033216185228,48348,48348,0.0,18560,18920
1789821863.0260067,15274336,34230,0.0,87376,119936,32.70082484223573,71768,71768,0.9617889659481097,48348,48348,0.0,18560,18920
1789821864.0380914,15274336,34230,0.0,87376,119936,29.64188646917702,71768,71768,0.9880628823059007,48348,48348,0.0,18560,18920
1789821865.0729494,15274336,34230,0.0,87376,119936,31.888339265536132,71768,71768,0.0,48348,48348,0.0,18560,18920
1789821866.10216,15274340,34230,0.0,87376,119936,32.06353501783681,71768,71768,0.9716222732677823,48348,48348,0.0,18560,18920
1789821867.120793,15274352,34230,0.9817083592468749,87376,119936,32.39637585514687,71768,71768,0.0,48348,48348,0.0,18560,18920
1789821868.1606908,15273856,34230,0.0,87456,119936,33.65712283654499,71768,71768,0.9616320810441427,48348,48348,0.0,18560,18920
1789821869.208839,15273860,34230,0.0,87456,119936,31.48409963525262,71768,71768,0.9540636253106854,48348,48348,0.0,18560,18920
1789821870.2475991,15273864,34230,0.0,87456,119936,36.58192307911451,71768,71768,0.962682186292487,48348,48348,0.0,18560,18920
1789821871.2784815,15273864,34230,0.0,87456,119936,30.071332100154706,71768,71768,0.0,48348,48348,0.0,18560,18920
1789821872.3067405,15273864,34230,0.9725171506103815,87536,119936,29.175514518311445,71768,71768,0.9725171506103815,48348,48348,0.0,18560,18920
1789821873.3268034,15273868,34230,0.0,87536,119936,31.370719060978406,71768,71768,0.9803349706555752,48348,48348,0.0,18560,18920
1789821874.3776364,15273872,34230,0.0,87536,119936,28.54870738934581,71768,71768,0.0,48348,48348,0.0,18560,18920
1789821875.387013,15273876,34230,0.0,87536,119936,30.71217066545792,71768,71768,0.9907151827567071,48348,48348,0.0,18560,18920
1789821876.4164865,15273876,34230,0.0,87536,119936,28.169734594882076,71768,71768,0.9713701584442095,48348,48348,0.0,18560,18920
1789821877.449942,15273880,34230,0.0,87616,119936,26.125804457062532,71768,71768,0.0,48348,48348,0.0,18560,18920
1789821878.459027,15273628,34230,0.0,87616,119936,20.810931810439865,71768,71768,0.0,48348,48348,0.0,18560,18920
1789821879.4917965,15273632,34230,0.0,87616,119936,23.23861953677582,71768,71768,0.9682758140323258,48348,48348,0.0,18560,18920
1789821880.5352898,15273636,34230,0.0,87616,119936,25.874613840784445,71768,71768,0.0,48348,48348,0.0,18560,18920
1789821881.5676963,15273636,34230,0.0,87616,119936,28.089550941317018,71768,71768,0.9686052048730006,48348,48348,0.0,18560,18920
1789821882.5890965,15273640,34230,0.9790495622021191,87696,119936,30.350536428265695,71768,71768,0.9790495622021191,48348,48348,0.0,18560,18920
1789821883.6206398,15273640,34230,0.0,87696,119936,30.052039692075574,71768,71768,0.0,48348,48348,0.0,18560,18920
1789821884.64947,15273644,34230,0.0,87696,119936,29.159329247941294,71768,71768,0.9719776415980431,48348,48348,0.0,18560,18920
1789821885.6659899,15273644,34230,0.0,87696,119936,27.5450871291551,71768,71768,0.0,48348,48348,0.0,18560,18920
1789821886.695125,15273644,34230,0.0,87696,119936,23.320574488322706,71768,71768,0.9716906036801127,48348,48348,0.0,18560,18920
1789821887.7331192,15273396,34230,0.9633948103238832,87776,119936,27.93844949939261,71768,71768,0.9633948103238832,48348,48348,0.0,18560,18920
1789821888.7692494,15273396,34230,0.0,87776,119936,27.024135914008166,71768,71768,0.0,48348,48348,0.0,18560,18920
1789821889.8013399,15273400,34230,0.0,87776,119936,22.2844931918366,71768,71768,0.9688910083407217,48348,48348,0.0,18560,18920
1789821890.8314471,15273400,34230,0.0,87776,119936,21.356928633758198,71768,71768,0.0,48348,48348,0.0,18560,18920
1789821891.860583,15273404,34230,0.0,87776,119936,21.377091145432562,71768,71768,0.9716859611560255,48348,48348,0.0,18560,18920
1789821892.8892827,15273416,34230,0.9721060251741284,87856,119936,22.358438579004954,71768,71768,0.9721060251741284,48348,48348,0.0,18560,18920
1789821893.9270737,15273416,34230,0.0,87856,119936,23.125949890557067,71768,71768,0.9635812454398778,48348,48348,0.0,18560,18920
1789821894.95443,15273420,34230,0.0,87856,119936,24.33432241874281,71768,71768,0.0,48348,48348,0.0,18560,18920
1789821895.9824681,15273420,34230,0.0,87856,119936,18.481779371097996,71768,71768,0.9727252300577892,48348,48348,0.0,18560,18920
1789821896.9913774,15273424,34230,0.0,87856,119936,22.796994654747547,71768,71768,0.0,48348,48348,0.0,18560,18920
1789821898.021586,15273428,34230,0.9706787468907238,88200,119936,21.354932431595923,71768,71768,0.9706787468907238,48348,48348,0.0,18560,18920
1789821899.0496273,15273428,34230,0.0,88200,119936,24.31797207566218,71768,71768,0.0,48348,48348,0.0,18560,18920
1789821900.078036,15273428,34230,0.0,88200,119936,30.14379193573453,71768,71768,0.9723803850236945,48348,48348,0.0,18560,18920
1789821901.1200588,15273428,34230,0.0,88200,119936,26.870808033988457,71768,71768,0.9596717154995877,48348,48348,0.0,18560,18920
1789821902.1476815,15273184,34230,0.9731194797405898,88200,119936,27.247345432736513,71768,71768,0.0,48348,48348,0.0,18560,18920
1789821903.1792982,15273188,34230,0.0,88280,119936,25.20305725180739,71768,71768,0.9693483558387458,48348,48348,0.0,18560,18920
1789821904.195947,15273200,34230,0.0,88280,119936,30.49247684252297,71768,71768,0.9836282852426764,48348,48348,0.0,18560,18920
1789821905.226181,15273204,34230,0.0,88280,119936,22.32503691183999,71768,71768,0.0,48348,48348,0.0,18560,18920
1789821906.257576,15273204,34230,0.0,88280,119936,22.29979660006168,71768,71768,0.0,48348,48348,0.0,18560,18920
1789821907.266839,15273204,34230,0.9908265964348741,88360,119936,23.77983831443698,71768,71768,0.9908265964348741,48348,48348,0.0,18560,18920
1789821908.3005514,15272700,34230,0.0,88360,119936,31.92372614635298,71768,71768,0.9673856407985751,48348,48348,0.0,18560,18920
1789821909.328786,15272704,34230,0.0,88360,119936,32.093848887378094,71768,71768,0.9725408753750937,48348,48348,0.0,18560,18920
1789821910.358472,15272704,35153,0.0,88360,119936,19.423319224325866,71768,71768,0.0,48348,48348,0.0,18560,18920
1789821911.3689144,15272708,34230,0.0,88360,119936,19.793316526180877,71768,71768,0.9896658263090439,48348,48348,0.0,18560,18920
1789821912.3980865,15272708,34230,0.0,88440,119936,21.376493099955905,71768,71768,0.0,48348,48348,0.0,18560,18920
1789821913.4261603,15272712,34230,0.0,88440,119936,23.34460506837046,71768,71768,0.9726918778487691,48348,48348,0.0,18560,18920
1789821914.456728,15272712,34230,0.0,88440,119936,20.377129728452555,71768,71768,0.9703395108786932,48348,48348,0.0,18560,18920
1789821915.4854004,15272712,34230,0.0,88440,119936,22.3588325069737,71768,71768,0.0,48348,48348,0.0,18560,18920
1789821916.5139606,15272716,34230,0.0,88440,119936,21.38922012472752,71768,71768,0.0,48348,48348,0.0,18560,18920
1789821917.541867,15272468,34230,0.9728467517330863,88520,119936,28.212555800259505,71768,71768,0.9728467517330863,48348,48348,0.0,18560,18920
1789821918.5518832,15272468,34230,0.0,88520,119936,20.791833884882433,71768,71768,0.0,48348,48348,0.0,18560,18920
1789821919.5811906,15272468,34230,0.0,88520,119936,23.316636031194754,71768,71768,0.9715265012997815,48348,48348,0.0,18560,18920
1789821920.6229446,15272472,34230,0.0,88520,119936,29.7575455785879,71768,71768,0.9599208251157388,48348,48348,0.0,18560,18920
1789821921.675647,15272472,34230,0.0,88520,119936,27.548126489110313,71768,71768,0.0,48348,48348,0.0,18560,18920
1789821922.7080374,15272476,34230,0.968625141010546,88600,119936,30.99600451233747,71768,71768,0.968625141010546,48348,48348,0.0,18560,18920
1789821923.7406466,15272480,34230,0.0,88600,119936,33.89475281618052,71768,71768,0.9684215090337291,48348,48348,0.0,18560,18920
1789821924.7703798,15272484,34230,0.0,88600,119936,29.13375867001345,71768,71768,0.0,48348,48348,0.0,18560,18920
1789821925.8001328,15272484,34230,0.0,88600,119936,33.01761450114222,71768,71768,0.9711063088571241,48348,48348,0.0,18560,18920
1789821926.842325,15272484,34230,0.0,88600,119936,28.789114250895896,71768,71768,0.0,48348,48348,0.0,18560,18920
1789821927.8801475,15272496,34230,0.9634342184609685,88680,119936,30.829894990750994,71768,71768,0.9634342184609685,48348,48348,0.0,18560,18920
1789821928.9183686,15272496,34230,0.0,88680,119936,31.785012585815295,71768,71768,0.9631821995701605,48348,48348,0.0,18560,18920
1789821929.945948,15272496,34230,0.0,88680,119936,31.141140305105917,71768,71768,0.9731606345345599,48348,48348,0.0,18560,18920
1789821930.955395,15272500,34230,0.0,88680,119936,30.710009221674657,71768,71768,0.9906454587636987,48348,48348,0.0,18560,18920
1789821931.9845552,15271496,34230,0.0,88680,119936,31.093257129659367,71768,71768,0.9716642853018552,48348,48348,0.0,18560,18920
1789821933.0281012,15271496,34230,0.9582726554287366,88760,119936,23.956816385718415,71768,71768,0.0,48348,48348,0.0,18560,18920
1789821934.0671403,15271496,34230,0.0,88760,119936,24.060595157583005,71768,71768,0.9624238063033203,48348,48348,0.0,18560,18920
1789821935.0937934,15271500,34230,0.0,88760,119936,24.350981377845564,71768,71768,0.0,48348,48348,0.0,18560,18920
1789821936.1039236,15271504,34230,0.0,88760,119936,23.759431785362654,71768,71768,0.9899763243901106,48348,48348,0.0,18560,18920
1789821937.1329055,15271504,34230,0.0,88760,119936,24.295703985025334,71768,71768,0.0,48348,48348,0.0,18560,18920
1789821938.1417925,15271508,34230,0.0,88840,119936,28.74457923326044,71768,71768,0.9911923873538082,48348,48348,0.0,18560,18920
1789821939.1508539,15271508,34230,0.0,88840,119936,26.75751669433224,71768,71768,0.0,48348,48348,0.0,18560,18920
1789821940.1794317,15271512,34230,0.0,88840,119936,18.47211018631181,71768,71768,0.9722163255953584,48348,48348,0.0,18560,18920
1789821941.2193563,15271516,34230,0.0,88840,119936,20.193866717068627,71768,71768,0.0,48348,48348,0.0,18560,18920
1789821942.2477422,15271520,34230,0.9723970898764039,88920,119936,23.337530157033694,71768,71768,0.9723970898764039,48348,48348,0.0,18560,18920
1789821943.2783375,15271520,34230,0.0,88920,119936,21.346786538781704,71768,71768,0.0,48348,48348,0.0,18560,18920
1789821944.30707,15271520,34230,0.0,88920,119936,23.32979145623661,71768,71768,0.9720746440098587,48348,48348,0.0,18560,18920
1789821945.338666,15271524,34230,0.0,88920,119936,28.111800631122062,71768,71768,0.0,48348,48348,0.0,18560,18920
1789821946.372469,15271524,35153,0.0,88920,119936,25.1498907127504,71768,71768,0.9673034889519384,48348,48348,0.0,18560,18920
1789821947.4132743,15271528,35153,0.0,89000,119936,24.019703835748214,71768,71768,0.9607881534299285,48348,48348,0.9607881534299285,18560,18920
1789821948.4432847,15271528,34230,0.0,89000,119936,21.359122187300745,71768,71768,0.0,48348,48348,0.0,18560,18920
1789821949.4826038,15271532,34230,0.0,89000,119936,28.865050268046407,71768,71768,0.9621683422682136,48348,48348,0.0,18560,18920
1789821950.521626,15271532,34230,0.0,89000,119936,28.87328963005146,71768,71768,0.0,48348,48348,0.0,18560,18920
1789821951.5484333,15271536,34230,0.0,89000,119936,30.190662545798254,71768,71768,0.9738923401870404,48348,48348,0.0,18560,18920
1789821952.59976,15272592,35153,3.8047019513073903,87388,119936,28.53526463480543,71768,71768,0.9511754878268476,48348,48348,0.0,18560,18920
1789821953.6398964,15272680,35153,0.0,87388,119936,29.803761449460925,71768,71768,0.0,48348,48348,0.0,18560,18920
1789821954.6752388,15272684,35153,0.0,87388,119936,28.975908101955177,71768,71768,0.9658636033985059,48348,48348,0.0,18560,18920
1789821955.7097816,15272684,35153,0.0,87388,119936,28.03173707261304,71768,71768,0.0,48348,48348,0.0,18560,18920
1789821956.7369,15272688,34230,0.0,87388,119936,30.181539516448765,71768,71768,0.9735980489177022,48348,48348,0.0,18560,18920
1789821957.756699,15274328,34230,4.902952584327584,85840,119936,32.35948705656205,71768,71768,0.9805905168655168,48348,48348,0.0,18560,18920
1789821958.784384,15274328,35153,0.0,85840,119936,28.218718911500794,71768,71768,0.9730592728103723,48348,48348,0.0,18560,18920
1789821959.8232567,15274332,34230,0.0,85840,119936,31.765203138585175,71768,71768,0.0,48348,48348,0.0,18560,18920
1789821960.8518186,15274336,34230,0.0,85840,119936,29.16682060266556,71768,71768,0.9722273534221854,48348,48348,0.0,18560,18920
1789821961.8714292,15274336,34230,0.0,85840,119936,36.288531550196005,71768,71768,0.0,48348,48348,0.0,18560,18920
1789821962.8996742,15275724,34230,7.780248817224139,84172,119936,24.313277553825436,71768,71768,0.9725311021530174,48348,48348,0.0,18560,18920
1789821963.9301043,15275724,35153,0.0,84172,119936,29.11389668970179,71768,71768,0.9704632229900596,48348,48348,0.0,18560,18920
1789821964.9402418,15275724,34230,0.0,84172,119936,27.719123287920773,71768,71768,0.0,48348,48348,0.0,18560,18920
1789821965.9836664,15275724,34230,0.0,84172,119936,28.75149276314159,71768,71768,0.9583830921047197,48348,48348,0.0,18560,18920
1789821967.019261,15275728,34230,0.0,86808,119936,28.00325221272604,71768,71768,0.0,48348,48348,0.0,18560,18920
1789821968.0502028,15277112,35153,4.849931790658557,82560,119936,29.099590743951342,71768,71768,0.9699863581317114,48348,48348,0.0,18560,18920
1789821969.091771,15277120,34230,0.0,82560,119936,31.68298452699545,71768,71768,0.9600904402119834,48348,48348,0.0,18560,18920
1789821970.1297734,15277120,34230,0.0,82560,119936,34.681983461128404,71768,71768,0.9633884294757891,48348,48348,0.0,18560,18920
1789821971.1895905,15277372,34230,0.0,82560,119936,32.0809988607855,71768,71768,0.0,48348,48348,0.0,18560,18920
1789821972.2294354,15277376,34230,0.9616822117610813,82904,119936,31.73551298811568,71768,71768,0.9616822117610813,48348,48348,0.0,18560,18920
1789821973.2561226,15277380,35153,0.0,82904,119936,30.194218221152877,71768,71768,0.9740070393920284,48348,48348,0.0,18560,18920
1789821974.2982554,15277384,34230,0.0,82904,119936,31.665871944445147,71768,71768,0.0,48348,48348,0.0,18560,18920
1789821975.332148,15277388,34230,0.0,82904,119936,31.918151521876588,71768,71768,0.0,48348,48348,0.0,18560,18920
1789821976.361684,15277388,34230,0.0,82904,119936,30.110656643741155,71768,71768,0.9713115046368115,48348,48348,0.0,18560,18920
1789821977.3946886,15277392,34230,0.9680502666761578,82984,119936,30.97760853363705,71768,71768,0.9680502666761578,48348,48348,0.0,18560,18920
1789821978.4237843,15277392,34230,0.0,82984,119936,31.095262594290244,71768,71768,0.0,48348,48348,0.0,18560,18920
1789821979.4564154,15277396,34230,0.0,82984,119936,27.115189553237347,71768,71768,0.9683996269013339,48348,48348,0.0,18560,18920
1789821980.4910097,15277144,34230,0.0,82984,119936,31.896544343298398,71768,71768,0.9665619497969211,48348,48348,0.0,18560,18920
1789821981.533114,15277148,34230,0.0,82984,119936,29.74753815179152,71768,71768,0.0,48348,48348,0.0,18560,18920
1789821982.580701,15277152,34230,0.9545730229613205,83064,119936,29.591763711800937,71768,71768,0.9545730229613205,48348,48348,0.0,18560,18920
1789821983.6120708,15277156,34230,0.0,83064,119936,28.11796974099244,71768,71768,0.9695851634824979,48348,48348,0.0,18560,18920
1789821984.6440105,15277156,34230,0.0,83064,119936,31.0095723380986,71768,71768,0.0,48348,48348,0.0,18560,18920
1789821985.6732426,15277416,34230,0.0,83064,119936,31.091147433517392,71768,71768,0.9715983572974185,48348,48348,0.0,18560,18920
1789821986.7111266,15277664,34230,0.0,83064,119936,33.7224245303203,71768,71768,0.9634978437234373,48348,48348,0.0,18560,18920
1789821987.7522497,15277668,34230,0.0,83144,119936,27.85445086237526,71768,71768,0.0,48348,48348,0.0,18560,18920
1789821988.780552,15277672,34230,0.0,83144,119936,30.146904171921626,71768,71768,0.9724807797394073,48348,48348,0.0,18560,18920
1789821989.8104382,15277672,34230,0.0,83144,119936,30.100280024735493,71768,71768,0.9709767749914676,48348,48348,0.0,18560,18920
1789821990.8544972,15277676,34230,0.0,83144,119936,28.734135614342403,71768,71768,0.0,48348,48348,0.0,18560,18920
1789821991.8906214,15277676,34230,0.0,83144,119936,31.849442827197425,71768,71768,0.9651346311271947,48348,48348,0.0,18560,18920
1789821992.9317725,15277676,34230,0.9604761269186005,83224,119936,30.735236061395216,71768,71768,0.9604761269186005,48348,48348,0.0,18560,18920
1789821993.963784,15277684,34230,0.0,83224,119936,31.00742515819023,71768,71768,0.9689820361934447,48348,48348,0.0,18560,18920
1789821995.0019245,15277684,34230,0.0,83224,119936,29.86104860356817,71768,71768,0.0,48348,48348,0.0,18560,18920
1789821996.0437877,15277688,34230,0.0,83224,119936,27.83475923591909,71768,71768,0.95981928399721,48348,48348,0.0,18560,18920
1789821997.0757766,15277688,34230,0.9689984686184456,83224,119936,31.976949464408708,71768,71768,0.0,48348,48348,0.0,18560,18920
1789821998.1057277,15277696,34230,0.0,83304,119936,26.214837208726912,71768,71768,0.9709198966195153,48348,48348,0.0,18560,18920
1789821999.1352744,15277696,34230,0.0,83304,119936,27.196421645581612,71768,71768,0.0,48348,48348,0.0,18560,18920
1789822000.1656313,15277696,34230,0.0,83304,119936,29.116266712289956,71768,71768,0.9705422237429986,48348,48348,0.0,18560,18920
1789822001.177127,15277700,34230,0.0,83304,119936,24.71577474466491,71768,71768,0.9886309897865964,48348,48348,0.0,18560,18920
1789822002.2097065,15277700,34230,0.9684515208498643,83384,119936,26.148191062946335,71768,71768,0.0,48348,48348,0.0,18560,18920
1789822003.2497926,15277712,34230,0.0,83384,119936,24.997946875373838,71768,71768,0.961459495206686,48348,48348,0.0,18560,18920
1789822004.2809484,15277712,34230,0.0,83384,119936,30.06332935366679,71768,71768,0.0,48348,48348,0.0,18560,18920
1789822005.3151016,15277716,34230,0.0,83384,119936,29.00914081120061,71768,71768,0.9669713603733536,48348,48348,0.0,18560,18920
1789822006.3487496,15277716,34230,0.0,83384,119936,32.89320929369783,71768,71768,0.9674473321675832,48348,48348,0.0,18560,18920
1789822007.3886433,15277716,34230,0.0,83464,119936,26.925922682419824,71768,71768,0.0,48348,48348,0.0,18560,18920
1789822008.4214697,15277728,34230,0.0,83464,119936,25.17366905206185,71768,71768,0.9682180404639174,48348,48348,0.0,18560,18920
1789822009.4501255,15277728,34230,0.0,83464,119936,26.247846079891843,71768,71768,0.0,48348,48348,0.0,18560,18920
1789822010.4813187,15277732,34230,0.0,83464,119936,23.27401746012255,71768,71768,0.9697507275051062,48348,48348,0.0,18560,18920
1789822011.5206504,15277732,34230,0.0,83464,119936,25.978192156310733,71768,71768,0.0,48348,48348,0.0,18560,18920
1789822012.5552306,15277736,34230,0.9665718379145273,83544,119936,26.097439623692235,71768,71768,0.9665718379145273,48348,48348,0.0,18560,18920
1789822013.5980442,15277736,34230,0.0,83544,119936,26.85044301514131,71768,71768,0.9589443933979039,48348,48348,0.0,18560,18920
1789822014.6252618,15277736,34230,0.0,83544,119936,27.258091527241614,71768,71768,0.0,48348,48348,0.0,18560,18920
1789822015.634047,15277740,34230,0.0,83544,119936,26.764849598497364,71768,71768,0.9912907258702728,48348,48348,0.0,18560,18920
1789822016.6551251,15277740,34230,0.0,83544,119936,30.360216605222718,71768,71768,0.9793618259749264,48348,48348,0.0,18560,18920
1789822017.6844828,15277744,35153,0.9714752597525073,83624,119936,27.201307273070203,71768,71768,0.0,48348,48348,0.0,18560,18920
1789822018.715537,15277744,34230,0.0,83624,119936,28.12671129217157,71768,71768,1.9397731925635566,48348,48348,0.0,18560,18920
1789822019.7527647,15277748,34230,0.0,83624,119936,30.851464249571098,71768,71768,0.0,48348,48348,0.0,18560,18920
1789822020.7882657,15277748,34230,0.0,83624,119936,29.937165742303144,71768,71768,0.9657150239452627,48348,48348,0.0,18560,18920
1789822021.8220491,15277748,34230,0.0,83624,119936,29.019653228356788,71768,71768,0.0,48348,48348,0.0,18560,18920
1789822022.8616512,15277752,34230,0.961905919774602,83704,119936,31.742895352561867,71768,71768,0.961905919774602,48348,48348,0.0,18560,18920
1789822023.9008882,15277760,34230,0.0,83704,119936,30.791787944831338,71768,71768,0.9622433732759793,48348,48348,0.0,18560,18920
1789822024.9416578,15277764,34230,0.0,83704,119936,30.746374239830022,71768,71768,0.0,48348,48348,0.0,18560,18920
1789822025.9807367,15277768,34230,0.0,83704,119936,31.759012581727973,71768,71768,0.9623943206584235,48348,48348,0.0,18560,18920
1789822027.0103755,15277768,34230,0.0,83704,119936,25.251601445166436,71768,71768,0.9712154401987091,48348,48348,0.0,18560,18920
1789822028.0474193,15277264,34230,0.0,83784,119936,33.74976659261922,71768,71768,0.0,48348,48348,0.0,18560,18920
1789822029.0884764,15277268,34230,0.0,83784,119936,24.0139665306327,71768,71768,0.9605586612253081,48348,48348,0.0,18560,18920
1789822030.1178908,15277272,34230,0.0,83784,119936,29.142901185270148,71768,71768,0.0,48348,48348,0.0,18560,18920
1789822031.1473124,15277276,35153,0.0,83784,119936,22.342653072729043,71768,71768,0.9714196988143062,48348,48348,0.0,18560,18920
1789822032.1761107,15277276,34230,0.9720067319749046,83864,119936,24.300168299372615,71768,71768,0.9720067319749046,48348,48348,0.0,18560,18920
1789822033.209022,15277536,34230,0.0,83864,119936,26.139720013814262,71768,71768,0.0,48348,48348,0.0,18560,18920
1789822034.2460423,15277784,34230,0.0,83864,119936,29.89334104131982,71768,71768,0.9643013239135427,48348,48348,0.0,18560,18920
1789822035.2867541,15277784,34230,0.0,83864,119936,26.904555232239897,71768,71768,0.9608769725799963,48348,48348,0.0,18560,18920
1789822036.3279963,15277792,34230,0.0,83864,119936,31.69303215454146,71768,71768,0.0,48348,48348,0.0,18560,18920
1789822037.3596153,15277792,34230,0.0,84208,119936,29.080511761050083,71768,71768,0.9693503920350027,48348,48348,0.0,18560,18920
1789822038.3756363,15277796,35153,0.0,84208,119936,28.54257430657912,71768,71768,0.9842267002268662,48348,48348,0.0,18560,18920
1789822039.4130008,15277796,34230,0.0,84208,119936,27.95558628529828,71768,71768,0.0,48348,48348,0.0,18560,18920
1789822040.4458086,15277800,34230,0.0,84208,119936,29.047027531635095,71768,71768,0.9682342510545032,48348,48348,0.0,18560,18920
1789822041.4779117,15277800,34230,0.0,84208,119936,26.160170219225005,71768,71768,0.0,48348,48348,0.0,18560,18920
1789822042.5078707,15277800,34230,1.9418259679123173,84288,119936,29.12738951868476,71768,71768,0.9709129839561587,48348,48348,0.0,18560,18920
1789822043.5366678,15277552,34230,0.0,84288,119936,27.216261244868058,71768,71768,0.9720093301738592,48348,48348,0.0,18560,18920
1789822044.565888,15277552,35153,0.0,84288,119936,18.46055713718706,71768,71768,0.0,48348,48348,0.0,18560,18920
1789822045.5944092,15277556,34230,0.0,84288,119936,21.38985090930286,71768,71768,0.9722659504228574,48348,48348,0.0,18560,18920
1789822046.6047153,15277556,34230,0.0,84288,119936,20.78586746461761,71768,71768,0.0,48348,48348,0.0,18560,18920
1789822047.6398723,15277564,34230,0.0,84368,119936,24.1509219786563,71768,71768,0.9660368791462519,48348,48348,0.0,18560,18920
1789822048.673221,15277564,34230,0.0,84368,119936,22.257657057397143,71768,71768,0.0,48348,48348,0.0,18560,18920
1789822049.7128441,15277564,34230,0.0,84368,119936,24.047163212583587,71768,71768,0.9618865285033436,48348,48348,0.0,18560,18920
1789822050.7420263,15277568,34230,0.0,84368,119936,25.262874565954906,71768,71768,0.0,48348,48348,0.0,18560,18920
1789822051.7795064,15277568,35153,0.0,84368,119936,20.241281687452858,71768,71768,0.9638705565453741,48348,48348,0.0,18560,18920
1789822052.8123124,15277568,34230,0.9682366725655063,84448,119936,21.30120679644114,71768,71768,0.0,48348,48348,0.0,18560,18920
1789822053.8415897,15277572,34230,0.0,84448,119936,21.37427955100086,71768,71768,0.97155816140913,48348,48348,0.0,18560,18920
1789822054.8733473,15277576,34230,0.0,84448,119936,26.168964164240197,71768,71768,0.0,48348,48348,0.0,18560,18920
1789822055.9059253,15277576,34230,0.0,84448,119936,27.116469707748173,71768,71768,0.9684453467052919,48348,48348,0.0,18560,18920
1789822056.9144697,15277576,35153,0.0,84448,119936,21.813618077571004,71768,71768,0.0,48348,48348,0.0,18560,18920
1789822057.9449182,15277328,34230,0.9704565918298647,84528,119936,26.202327979406345,71768,71768,0.9704565918298647,48348,48348,0.0,18560,18920
1789822058.9849706,15277328,34230,0.0,84528,119936,24.03722981532912,71768,71768,0.9614891926131648,48348,48348,0.0,18560,18920
1789822060.0221152,15277584,34230,0.0,84528,119936,26.997183959431897,71768,71768,0.0,48348,48348,0.0,18560,18920
1789822061.0547829,15277584,34230,0.0,84528,119936,24.20903922023897,71768,71768,0.9683615688095589,48348,48348,0.0,18560,18920
1789822062.0882409,15277592,34230,0.0,84528,119936,29.028746531973862,71768,71768,0.0,48348,48348,0.0,18560,18920
1789822063.1170924,15277596,34230,0.9719576834198629,84608,119936,25.270899768916433,71768,71768,0.9719576834198629,48348,48348,0.0,18560,18920
1789822064.1464622,15277596,34230,0.0,84608,119936,30.11564893955161,71768,71768,0.9714725464371486,48348,48348,0.0,18560,18920
1789822065.1774855,15277600,34230,0.0,84608,119936,27.15750952819855,71768,71768,0.9699110545785196,48348,48348,0.0,18560,18920
1789822066.2103446,15277600,34230,0.0,84608,119936,30.981962396390912,71768,71768,0.0,48348,48348,0.0,18560,18920
1789822067.253336,15277348,34230,0.0,84688,119936,31.63973905471707,71768,71768,0.9587799713550628,48348,48348,0.0,18560,18920
1789822068.2912374,15277352,34230,0.0,84688,119936,29.86784560306613,71768,71768,0.963478890421488,48348,48348,0.0,18560,18920
1789822069.3182676,15277352,34230,0.0,84688,119936,30.184249263044222,71768,71768,0.9736854600982007,48348,48348,0.0,18560,18920
1789822070.3602312,15277360,34230,0.0,84688,119936,34.549963926479776,71768,71768,0.0,48348,48348,0.0,18560,18920
1789822071.3994327,15277360,34230,0.0,84688,119936,32.7175707218354,71768,71768,0.9622814918186883,48348,48348,0.0,18560,18920
1789822072.437033,15277360,34230,0.9637638441495053,84768,119936,30.84044301278417,71768,71768,0.0,48348,48348,0.0,18560,18920
1789822073.4655402,15277364,34230,0.0,84768,119936,30.14075732700133,71768,71768,0.9722824944193978,48348,48348,0.0,18560,18920
1789822074.4954247,15277364,34230,0.0,84768,119936,32.042378776321996,71768,71768,0.9709811750400605,48348,48348,0.0,18560,18920
1789822075.5268664,15277368,34230,0.0,84768,119936,31.993921790848244,71768,71768,0.0,48348,48348,0.0,18560,18920
1789822076.542758,15277368,35153,0.0,84768,119936,30.51509103550947,71768,71768,0.9843577753390151,48348,48348,0.0,18560,18920
1789822077.5524826,15277372,34230,0.9903734865196199,84848,119936,29.711204595588597,71768,71768,0.9903734865196199,48348,48348,0.0,18560,18920
1789822078.5810406,15277372,35153,0.0,84848,119936,31.11150467594913,71768,71768,0.0,48348,48348,0.0,18560,18920
1789822079.6167583,15277372,34230,0.0,84848,119936,32.82751336152505,71768,71768,0.9655150988683839,48348,48348,0.0,18560,18920
1789822080.6499846,15277376,35153,0.0,84848,119936,28.067266250324685,71768,71768,0.0,48348,48348,0.0,18560,18920
1789822081.6607585,15277376,34230,0.0,84848,119936,21.76560439967444,71768,71768,1.9786913090613127,48348,48348,0.0,18560,18920
1789822082.6998608,15276880,34230,0.9623696611400611,84928,119936,28.871089834201833,71768,71768,0.0,48348,48348,0.0,18560,18920
1789822083.727854,15276884,34230,0.0,84928,119936,28.210312255310228,71768,71768,0.9727693881141458,48348,48348,0.0,18560,18920
1789822084.7616284,15276888,34230,0.0,84928,119936,25.15043605154958,71768,71768,0.0,48348,48348,0.0,18560,18920
1789822085.799417,15276888,34230,0.0,84928,119936,30.834780620773472,71768,71768,0.963586894399171,48348,48348,0.0,18560,18920
1789822086.826757,15276888,34230,0.0,84928,119936,29.201748280233303,71768,71768,0.0,48348,48348,0.0,18560,18920
1789822087.8611536,15276892,34230,0.0,85008,119936,19.334955676623693,71768,71768,0.9667477838311846,48348,48348,0.0,18560,18920
1789822088.8898659,15276892,34230,0.0,85008,119936,25.27432052453895,71768,71768,0.0,48348,48348,0.0,18560,18920
1789822089.9326074,15276896,35153,0.0,85008,119936,28.770181423941136,71768,71768,0.9590060474647045,48348,48348,0.0,18560,18920
1789822090.9594073,15276896,35153,0.0,85008,119936,33.11272519068553,71768,71768,0.0,48348,48348,0.0,18560,18920
1789822091.9999616,15276900,35153,0.0,85008,119936,32.67490987373537,71768,71768,0.9610267609922168,48348,48348,0.0,18560,18920
1789822093.0285196,15276396,34230,0.9722349143435345,85088,119936,27.222577601618966,71768,71768,0.0,48348,48348,0.0,18560,18920
1789822094.060947,15276396,34230,0.0,85088,119936,24.214778303408078,71768,71768,0.9685911321363231,48348,48348,0.0,18560,18920
1789822095.0923963,15276400,35153,0.0,85088,119936,25.207125593706387,71768,71768,0.0,48348,48348,0.0,18560,18920
1789822096.1307812,15276400,35153,0.0,85088,119936,26.965085622535675,71768,71768,0.963038772233417,48348,48348,0.0,18560,18920
1789822097.1679358,15276404,35153,0.964175380149974,85168,119936,25.068559883899322,71768,71768,0.964175380149974,48348,48348,0.0,18560,18920
1789822098.2019076,15276404,34230,0.0,85168,119936,31.915774572652353,71768,71768,0.9671446840197683,48348,48348,0.0,18560,18920
1789822099.2338166,15276408,34230,0.0,85168,119936,28.103273716437077,71768,71768,0.0,48348,48348,0.0,18560,18920
1789822100.266641,15276408,35153,0.0,85168,119936,35.82410797522837,71768,71768,0.9682191344656317,48348,48348,0.0,18560,18920
1789822101.2976742,15276408,35153,0.0,85168,119936,30.0668891001471,71768,71768,0.969899648391842,48348,48348,0.0,18560,18920
1789822102.3282762,15276412,35153,0.0,85512,119936,30.079504477311794,71768,71768,0.0,48348,48348,0.0,18560,18920
1789822103.3642337,15276416,34230,0.0,85512,119936,27.028039065336156,71768,71768,0.9652871094762914,48348,48348,0.0,18560,18920
1789822104.3729386,15276424,35153,0.0,85512,119936,19.82747778478253,71768,71768,0.0,48348,48348,0.0,18560,18920
1789822105.4010031,15276424,35153,0.0,85512,119936,21.399413851764717,71768,71768,0.9727006296256689,48348,48348,0.0,18560,18920
1789822106.4299598,15276424,35153,0.0,85512,119936,25.26835272433068,71768,71768,0.0,48348,48348,0.0,18560,18920
1789822107.4589624,15276428,35153,0.9718099006930248,85592,119936,29.154297020790743,71768,71768,0.9718099006930248,48348,48348,0.0,18560,18920
1789822108.4686446,15276428,35153,0.0,85592,119936,27.73161341761592,71768,71768,0.0,48348,48348,0.0,18560,18920
1789822109.508571,15276432,35153,0.0,85592,119936,35.57947036171175,71768,71768,0.9616073070732905,48348,48348,0.0,18560,18920
1789822110.5474832,15276432,35153,0.0,85592,119936,30.801471113317017,71768,71768,0.0,48348,48348,0.0,18560,18920
1789822111.5864522,15276184,35153,0.0,85592,119936,29.837149291529492,71768,71768,0.9624886868235321,48348,48348,0.0,18560,18920
1789822112.614061,15276184,34230,0.0,85672,119936,30.167221276922177,71768,71768,0.9731361702232961,48348,48348,0.0,18560,18920
1789822113.6489706,15276184,35153,0.0,85672,119936,32.85299516648722,71768,71768,0.9662645637202123,48348,48348,0.0,18560,18920
1789822114.6585324,15276440,34230,0.0,85672,119936,29.71598083608901,71768,71768,0.9905326945363003,48348,48348,0.0,18560,18920
1789822115.688466,15276440,35153,0.0,85672,119936,32.04088155501071,71768,71768,0.0,48348,48348,0.0,18560,18920
1789822116.7217777,15276444,34230,0.0,85672,119936,29.032887881492943,71768,71768,0.9677629293830982,48348,48348,0.0,18560,18920
1789822117.7550907,15276196,34230,0.9677600410257214,85752,119936,32.903841394874526,71768,71768,0.9677600410257214,48348,48348,0.0,18560,18920
1789822118.7916272,15276200,35153,0.0,85752,119936,29.90730422078668,71768,71768,0.0,48348,48348,0.0,18560,18920
1789822119.8217502,15276200,34230,0.0,85752,119936,28.151975672051353,71768,71768,0.9707577817948742,48348,48348,0.0,18560,18920
1789822120.8591015,15276204,35153,0.0,85752,119936,24.099846628577353,71768,71768,0.0,48348,48348,0.0,18560,18920
1789822121.8867407,15276204,35153,0.0,85752,119936,26.273682645036555,71768,71768,0.9730993572235762,48348,48348,0.0,18560,18920
1789822122.9162266,15276204,35153,0.9713630431115022,85832,119936,29.140891293345067,71768,71768,0.9713630431115022,48348,48348,0.0,18560,18920
1789822123.9571748,15276208,35153,0.0,85832,119936,20.173859434968143,71768,71768,0.0,48348,48348,0.0,18560,18920
1789822124.9882016,15276208,35153,0.0,85832,119936,22.307959664491953,71768,71768,0.9699112897605197,48348,48348,0.0,18560,18920
1789822126.0271022,15276212,34230,0.0,85832,119936,27.914075013651935,71768,71768,0.0,48348,48348,0.0,18560,18920
1789822127.061099,15276212,35153,0.0,85832,119936,24.177961401326158,71768,71768,0.9671184560530464,48348,48348,0.0,18560,18920
1789822128.0893638,15276212,34230,0.0,85912,119936,29.17547669623404,71768,71768,0.0,48348,48348,0.0,18560,18920
1789822129.1290698,15276216,34230,0.0,85912,119936,31.739601873662874,71768,71768,0.9618061173837235,48348,48348,0.0,18560,18920
1789822130.1389565,15276216,34230,0.0,85912,119936,31.686866393755988,71768,71768,0.9902145748048746,48348,48348,0.0,18560,18920
1789822131.1810343,15276220,35153,0.0,85912,119936,30.707855657253408,71768,71768,0.0,48348,48348,0.0,18560,18920
1789822132.2136989,15276220,35153,0.9683687190095447,85992,119936,35.82964260335315,71768,71768,0.9683687190095447,48348,48348,0.0,18560,18920
1789822133.242494,15275972,34230,0.0,85992,119936,31.104201576238456,71768,71768,0.9720062992574517,48348,48348,0.0,18560,18920
1789822134.2626197,15275972,35153,0.0,85992,119936,30.38857553933243,71768,71768,0.9802766303010461,48348,48348,0.0,18560,18920
1789822135.3038032,15275972,35153,0.0,85992,119936,32.65511013076385,71768,71768,0.0,48348,48348,0.0,18560,18920
1789822136.3301954,15275976,35153,0.0,85992,119936,28.254202081841925,71768,71768,0.9742828304083423,48348,48348,0.0,18560,18920
1789822137.340929,15275980,35153,0.9893795458301934,86072,119936,30.670765920735995,71768,71768,0.9893795458301934,48348,48348,0.0,18560,18920
1789822138.3737762,15275988,34230,0.0,86072,119936,28.07786330363315,71768,71768,0.0,48348,48348,0.0,18560,18920
1789822139.4093156,15275988,35153,0.0,86072,119936,31.867331439943264,71768,71768,0.9656767103013111,48348,48348,0.0,18560,18920
1789822140.4370973,15275992,35153,0.0,86072,119936,31.135148578776864,71768,71768,0.0,48348,48348,0.0,18560,18920
1789822141.4465551,15275992,35153,0.0,86072,119936,20.803145884208657,71768,71768,0.9906259944861265,48348,48348,0.0,18560,18920
1789822142.4750223,15275740,35153,0.9723196398725851,86152,119936,24.307990996814627,71768,71768,0.0,48348,48348,0.0,18560,18920
1789822143.4836266,15275744,34230,0.0,86152,119936,23.795269451641005,71768,71768,0.9914695604850419,48348,48348,0.0,18560,18920
1789822144.4926481,15275492,35153,0.0,86152,119936,24.77658129113188,71768,71768,0.0,48348,48348,0.0,18560,18920
1789822145.533443,15275496,34230,0.0,86152,119936,26.902431247172924,71768,71768,0.9608011159704616,48348,48348,0.0,18560,18920
1789822146.5659146,15275496,34230,0.0,86152,119936,26.150837610995644,71768,71768,0.0,48348,48348,0.0,18560,18920
1789822147.574332,15275500,35153,0.991652557342942,86232,119936,21.816356261544723,71768,71768,0.991652557342942,48348,48348,0.0,18560,18920
1789822148.583314,15275500,34230,0.0,86232,119936,23.786472782378738,71768,71768,0.0,48348,48348,0.0,18560,18920
1789822149.6241422,15275500,35153,0.0,86232,119936,26.901524456365816,71768,71768,0.9607687305844934,48348,48348,0.0,18560,18920
1789822150.6569095,15275504,34230,0.0,86232,119936,28.080004262278404,71768,71768,0.968276009044083,48348,48348,0.0,18560,18920
1789822151.6910894,15275504,35153,0.0,86232,119936,21.272918245513242,71768,71768,0.0,48348,48348,0.0,18560,18920
1789822152.7197237,15275256,35153,0.0,86312,119936,25.276111109634094,71768,71768,0.9721581196013113,48348,48348,0.0,18560,18920
1789822153.7494864,15275256,34230,0.0,86312,119936,23.306439197979756,71768,71768,0.9711016332491565,48348,48348,0.0,18560,18920
1789822154.7818937,15275260,34230,0.0,86312,119936,29.058160818408847,71768,71768,0.0,48348,48348,0.0,18560,18920
1789822155.8099294,15275260,35153,0.0,86312,119936,29.18186454120022,71768,71768,0.9727288180400073,48348,48348,0.0,18560,18920
1789822156.8272972,15275264,34230,0.0,86312,119936,27.52213882812356,71768,71768,0.0,48348,48348,0.0,18560,18920
1789822157.855465,15275268,34230,0.9726042505001159,86392,119936,27.232919014003247,71768,71768,0.9726042505001159,48348,48348,0.0,18560,18920
1789822158.8971074,15275268,34230,0.0,86392,119936,22.080386820123355,71768,71768,0.9600168182662329,48348,48348,0.0,18560,18920
1789822159.9220645,15275272,34230,0.0,86392,119936,24.391278045015486,71768,71768,0.0,48348,48348,0.0,18560,18920
1789822160.9316356,15275272,34230,0.0,86392,119936,20.801006299604065,71768,71768,0.9905241095049555,48348,48348,0.0,18560,18920
1789822161.9613016,15275276,34230,0.0,86392,119936,24.2797139512121,71768,71768,0.0,48348,48348,0.0,18560,18920
1789822162.9904065,15275024,34230,0.9717142088186707,86472,119936,31.09485468219746,71768,71768,0.9717142088186707,48348,48348,0.0,18560,18920
1789822164.0023375,15275024,34230,0.0,86472,119936,30.63450480845988,71768,71768,0.0,48348,48348,0.0,18560,18920
1789822165.030306,15275028,35153,0.0,86472,119936,32.102318845350844,71768,71768,1.945595081536415,48348,48348,0.0,18560,18920
1789822166.071,15274780,34230,0.0,86472,119936,28.82674889837507,71768,71768,0.0,48348,48348,0.0,18560,18920
1789822167.091759,15274780,34230,0.9796679306221284,86472,119936,26.451034126797467,71768,71768,0.9796679306221284,48348,48348,0.0,18560,18920
1789822168.1268606,15274780,34230,0.0,86816,119936,23.18604330730148,71768,71768,0.0,48348,48348,0.0,18560,18920
1789822169.1537147,15274784,34230,0.0,86816,119936,26.29389068628612,71768,71768,0.9738478031957821,48348,48348,0.0,18560,18920
1789822170.1629515,15274784,35153,0.0,86816,119936,26.75289244121892,71768,71768,0.0,48348,48348,0.0,18560,18920
1789822171.191772,15274788,35153,0.0,86816,119936,24.29978448161742,71768,71768,0.9719913792646967,48348,48348,0.0,18560,18920
1789822172.222154,15274792,35153,0.0,86896,119936,26.2038505826723,71768,71768,0.0,48348,48348,0.0,18560,18920
1789822173.263632,15274796,35153,0.0,86896,119936,32.64580832131352,71768,71768,0.9601708329798093,48348,48348,0.0,18560,18920
1789822174.3025885,15274800,35153,0.0,86896,119936,34.6501472089972,71768,71768,0.962504089138811,48348,48348,0.0,18560,18920
1789822175.340161,15274804,35153,0.0,86896,119936,30.841205929432476,71768,71768,0.9637876852947649,48348,48348,0.0,18560,18920
1789822176.3502862,15275056,35153,0.0,86896,119936,19.79953954210515,71768,71768,0.0,48348,48348,0.0,18560,18920
1789822177.3793294,15275056,35153,0.9717753514613703,86976,119936,24.294383786534258,71768,71768,0.9717753514613703,48348,48348,0.0,18560,18920
1789822178.3881495,15275060,34230,0.0,86976,119936,22.79902185734799,71768,71768,0.9912618198846953,48348,48348,0.0,18560,18920
1789822179.4160423,15275060,34230,0.0,86976,119936,23.348637230033887,71768,71768,0.0,48348,48348,0.0,18560,18920
1789822180.4514823,15275060,34230,0.0,86976,119936,26.07587845560218,71768,71768,0.0,48348,48348,0.0,18560,18920
1789822181.460439,15275064,34230,0.0,86976,119936,26.760425046883345,71768,71768,0.991126853588272,48348,48348,0.0,18560,18920
1789822182.5019746,15275068,35153,0.0,87056,119936,27.8435138336407,71768,71768,0.9601211666772654,48348,48348,0.0,18560,18920
1789822183.5286102,15275068,34230,0.0,87056,119936,31.169690106301992,71768,71768,0.0,48348,48348,0.0,18560,18920
1789822184.5730155,15275068,34230,0.0,87056,119936,22.0221513179409,71768,71768,0.9574848399104738,48348,48348,0.0,18560,18920
1789822185.5988853,15275068,34230,0.0,87056,119936,19.495589786634515,71768,71768,0.9747794893317256,48348,48348,0.0,18560,18920
1789822186.6207402,15275072,34230,0.0,87056,119936,22.50817387025383,71768,71768,0.0,48348,48348,0.0,18560,18920
1789822187.6531532,15275072,35153,0.9686054000174597,87136,119936,23.24652960041903,71768,71768,0.9686054000174597,48348,48348,1.9372108000349193,18560,18920
1789822188.695114,15274824,35153,0.0,87136,119936,25.912538225492927,71768,71768,0.0,48348,48348,0.0,18560,18920
1789822189.7211702,15274828,34230,0.0,87136,119936,22.415932305950314,71768,71768,0.9746057524326224,48348,48348,0.0,18560,18920
1789822190.7301285,15274828,35153,0.0,87136,119936,21.80477007532588,71768,71768,0.0,48348,48348,0.0,18560,18920
1789822191.768532,15274828,34230,0.0,87136,119936,27.927491226650165,71768,71768,0.9630169388500057,48348,48348,0.0,18560,18920
1789822192.7979398,15274836,34230,0.9714281134696505,87216,119936,26.228559063680564,71768,71768,0.9714281134696505,48348,48348,0.0,18560,18920
1789822193.809573,15275340,34230,0.0,87216,119936,18.781503797915654,71768,71768,0.0,48348,48348,0.0,18560,18920
1789822194.8184216,15275340,35153,0.0,87216,119936,21.807123256573732,71768,71768,0.991232875298806,48348,48348,0.0,18560,18920
1789822195.8553355,15275344,34230,0.0,87216,119936,20.25236127920896,71768,71768,0.9643981561528076,48348,48348,0.0,18560,18920
1789822196.8816943,15275348,35153,0.0,87216,119936,23.383704919073956,71768,71768,0.0,48348,48348,0.0,18560,18920
1789822197.9116287,15275348,34230,0.9709350194145228,87296,119936,24.27337548536307,71768,71768,0.9709350194145228,48348,48348,0.0,18560,18920
1789822198.9483774,15275348,34230,0.0,87296,119936,23.14931289262019,71768,71768,0.0,48348,48348,0.0,18560,18920
1789822199.9828742,15275348,35153,0.0,87296,119936,30.93276046582885,71768,71768,0.9666487645571515,48348,48348,0.0,18560,18920
1789822201.0242841,15275352,35153,0.0,87296,119936,29.767472816837536,71768,71768,0.0,48348,48348,0.0,18560,18920
1789822202.0630527,15275352,35153,0.0,87296,119936,32.730968505207734,71768,71768,0.9626755442708157,48348,48348,0.0,18560,18920
1789822203.0912645,15275104,35153,0.0,87376,119936,34.03981067120679,71768,71768,0.9725660191773368,48348,48348,0.0,18560,18920
1789822204.1327035,15274856,34230,0.0,87376,119936,32.64709877469566,71768,71768,0.9602087874910487,48348,48348,0.0,18560,18920
1789822205.1754656,15274860,34230,0.0,87376,119936,26.851779844877562,71768,71768,0.0,48348,48348,0.0,18560,18920
1789822206.2136605,15274860,35153,0.0,87376,119936,27.932975449547996,71768,71768,0.9632060499844137,48348,48348,0.0,18560,18920
1789822207.240593,15274860,35153,0.9737724925099027,87456,119936,22.396767327727762,71768,71768,0.9737724925099027,48348,48348,0.0,18560,18920
1789822208.249838,15274612,34230,0.0,87456,119936,24.770981942445726,71768,71768,0.0,48348,48348,0.0,18560,18920
1789822209.260646,15274612,34230,0.0,87456,119936,28.689922871147623,71768,71768,0.989307685211987,48348,48348,0.0,18560,18920
1789822210.2723155,15274616,34230,0.0,87456,119936,28.665638007174046,71768,71768,0.9884702761094499,48348,48348,0.0,18560,18920
1789822211.3061697,15274616,34230,0.0,87456,119936,29.017631053642486,71768,71768,0.0,48348,48348,0.0,18560,18920
1789822212.338562,15274620,34230,0.0,87536,119936,27.121364951419213,71768,71768,0.9686201768364004,48348,48348,0.0,18560,18920
1789822213.3606305,15274624,34230,0.0,87536,119936,30.330793979236223,71768,71768,0.97841270900762,48348,48348,0.0,18560,18920
1789822214.3980715,15274628,34230,0.0,87536,119936,24.097719150603112,71768,71768,0.0,48348,48348,0.0,18560,18920
1789822215.4276967,15274632,34230,0.0,87536,119936,25.25191821072277,71768,71768,0.0,48348,48348,0.0,18560,18920
1789822216.4665232,15274632,34230,0.0,87536,119936,24.0656356443438,71768,71768,0.962625425773752,48348,48348,0.0,18560,18920
1789822217.503293,15274636,34230,0.0,87616,119936,26.04243902291688,71768,71768,0.9645347786265512,48348,48348,0.0,18560,18920
1789822218.5402484,15274384,34230,0.0,87616,119936,19.287192763385434,71768,71768,0.0,48348,48348,0.0,18560,18920
1789822219.5684083,15274388,34230,0.0,87616,119936,23.3425947314811,71768,71768,0.9726081138117124,48348,48348,0.0,18560,18920
1789822220.5774772,15274388,34230,0.0,87616,119936,20.811269506198094,71768,71768,0.0,48348,48348,0.0,18560,18920
1789822221.6054637,15274388,34230,0.0,87616,119936,20.428284669083002,71768,71768,0.9727754604325239,48348,48348,0.0,18560,18920
1789822222.6138933,15274392,34230,0.9916406743847767,87696,119936,22.807735510849863,71768,71768,0.0,48348,48348,0.0,18560,18920
1789822223.622683,15274392,35153,0.0,87696,119936,22.79959064069871,71768,71768,0.9912865495955961,48348,48348,0.0,18560,18920
1789822224.6520314,15274456,35153,0.0,87696,119936,18.458381094919787,71768,71768,0.0,48348,48348,0.0,18560,18920
1789822225.6919138,15274456,35153,0.0,87696,119936,27.88761308848151,71768,71768,0.0,48348,48348,0.0,18560,18920
1789822226.7250328,15274456,34230,0.0,87696,119936,26.13446989705008,71768,71768,0.9679433295203733,48348,48348,0.0,18560,18920
1789822227.734826,15274460,34230,0.9903016452272644,87776,119936,23.767239485454343,71768,71768,0.9903016452272644,48348,48348,0.0,18560,18920
1789822228.7709477,15274464,34230,0.0,87776,119936,24.12855694367505,71768,71768,0.9651422777470021,48348,48348,0.0,18560,18920
1789822229.7981493,15274468,35153,0.0,87776,119936,22.390824023817395,71768,71768,0.0,48348,48348,0.0,18560,18920
1789822230.8264964,15274472,34230,0.0,87776,119936,29.1731573375933,71768,71768,0.9724385779197766,48348,48348,0.0,18560,18920
1789822231.8561785,15274472,34230,0.0,87776,119936,32.04868939450514,71768,71768,0.0,48348,48348,0.0,18560,18920
1789822232.8862553,15274224,34230,0.0,88120,119936,29.124065791346535,71768,71768,0.9708021930448846,48348,48348,0.0,18560,18920
1789822233.926868,15274224,34230,0.0,88120,119936,32.67305597371861,71768,71768,0.0,48348,48348,0.0,18560,18920
1789822234.95913,15274224,34230,0.0,88120,119936,23.24993764439871,71768,71768,0.9687474018499462,48348,48348,0.0,18560,18920
1789822235.9979935,15274224,34230,0.0,88120,119936,25.989905543790577,71768,71768,0.9625890942144658,48348,48348,0.0,18560,18920
1789822237.034487,15274228,34230,0.9647919282404211,88120,119936,25.084590134250952,71768,71768,0.9647919282404211,48348,48348,0.0,18560,18920
1789822238.064806,15274232,34230,0.0,88200,119936,22.323198742167197,71768,71768,0.9705738583550956,48348,48348,0.0,18560,18920
1789822239.0925176,15274236,34230,0.0,88200,119936,29.191073976354097,71768,71768,0.9730357992118033,48348,48348,0.0,18560,18920
1789822240.1210377,15274488,35153,0.0,88200,119936,32.08488554660897,71768,71768,0.0,48348,48348,0.0,18560,18920
1789822241.1504333,15274488,34230,0.0,88200,119936,32.05764027449994,71768,71768,0.9714436446818164,48348,48348,0.0,18560,18920
1789822242.1935098,15274240,35153,0.9586995043345666,88280,119936,29.719684634371564,71768,71768,0.9586995043345666,48348,48348,0.0,18560,18920
1789822243.2254176,15273988,34230,0.0,88280,119936,28.10340874463313,71768,71768,0.0,48348,48348,0.0,18560,18920
1789822244.2579443,15273992,34230,0.0,88280,119936,30.023435228185157,71768,71768,0.9684979105866179,48348,48348,0.0,18560,18920
1789822245.287747,15273992,35153,0.0,88280,119936,23.30531043571547,71768,71768,0.0,48348,48348,0.0,18560,18920
1789822246.3057163,15273996,34230,0.0,88280,119936,19.646960485984035,71768,71768,0.9823480242992019,48348,48348,0.0,18560,18920
1789822247.3429897,15273996,34230,0.0,88360,119936,25.065838993185004,71768,71768,0.0,48348,48348,0.0,18560,18920
1789822248.3807802,15274000,34230,0.0,88360,119936,33.72534222553165,71768,71768,0.9635812064437614,48348,48348,0.0,18560,18920
1789822249.4091885,15274004,34230,0.0,88360,119936,33.06092910449146,71768,71768,0.9723802677791605,48348,48348,0.0,18560,18920
1789822250.4501624,15274004,34230,0.0,88360,119936,30.740464522362462,71768,71768,0.0,48348,48348,0.0,18560,18920
1789822251.4793036,15274008,34230,0.0,88360,119936,27.20715292839951,71768,71768,0.9716840331571254,48348,48348,0.0,18560,18920
1789822252.5197725,15274012,34230,0.9611061559898508,88440,119936,31.716503147665076,71768,71768,0.9611061559898508,48348,48348,0.0,18560,18920
1789822253.558545,15274012,34230,0.0,88440,119936,34.656088858203084,71768,71768,0.0,48348,48348,0.0,18560,18920
1789822254.5669851,15274012,34230,0.0,88440,119936,30.740661512097464,71768,71768,0.9916342423257247,48348,48348,0.0,18560,18920
1789822255.6036088,15274016,34230,0.0,88440,119936,32.798835566474686,71768,71768,0.964671634308079,48348,48348,0.0,18560,18920
1789822256.6327682,15274016,34230,0.0,88440,119936,31.093297402611565,71768,71768,0.0,48348,48348,0.0,18560,18920
1789822257.6638966,15274020,35153,0.9698126409545726,88520,119936,29.09437922863718,71768,71768,0.9698126409545726,48348,48348,0.0,18560,18920
1789822258.6949842,15274020,34230,0.0,88520,119936,32.00503545892331,71768,71768,0.9698495593613123,48348,48348,0.0,18560,18920
1789822259.7280257,15274020,35153,0.0,88520,119936,29.040300344790225,71768,71768,0.0,48348,48348,0.0,18560,18920
1789822260.755344,15274024,34230,0.0,88520,119936,32.122625353897746,71768,71768,0.973412889512053,48348,48348,0.0,18560,18920
1789822261.795705,15274024,34230,0.0,88520,119936,29.797364684346057,71768,71768,0.0,48348,48348,0.0,18560,18920
1789822262.8327718,15273772,34230,0.0,88600,119936,30.856117412476312,71768,71768,0.9642536691398848,48348,48348,0.0,18560,18920
1789822263.8654656,15273272,34230,0.0,88600,119936,30.01870963526325,71768,71768,0.9683454721052661,48348,48348,0.0,18560,18920
1789822264.9018998,15273272,34230,0.0,88600,119936,33.76962752986964,71768,71768,0.0,48348,48348,0.0,18560,18920
1789822265.9309454,15273276,34230,0.0,88600,119936,28.181455505923285,71768,71768,0.9717743277904581,48348,48348,0.0,18560,18920
1789822266.9719734,15273276,34230,0.0,88600,119936,27.856976041198322,71768,71768,0.9605853807309767,48348,48348,0.0,18560,18920
1789822267.999292,15273028,34230,0.9734062170327445,88680,119936,23.36174920878587,71768,71768,0.9734062170327445,48348,48348,0.0,18560,18920
1789822269.0094173,15273032,34230,0.0,88680,119936,26.729478724107658,71768,71768,0.9899806934854688,48348,48348,0.0,18560,18920
1789822270.0368495,15273048,34230,0.0,88680,119936,22.385815294722793,71768,71768,0.0,48348,48348,0.0,18560,18920
1789822271.0701826,15273052,34230,0.0,88680,119936,30.000162097639787,71768,71768,0.9677471644399932,48348,48348,0.0,18560,18920
1789822272.1078434,15273056,34230,0.9637065687307792,88680,119936,28.911197061923374,71768,71768,0.9637065687307792,48348,48348,0.0,18560,18920
1789822273.1481638,15273060,34230,0.0,88760,119936,27.87586174754062,71768,71768,0.0,48348,48348,0.0,18560,18920
1789822274.1783922,15273060,34230,0.0,88760,119936,25.237254434021352,71768,71768,0.9706636320777443,48348,48348,0.0,18560,18920
1789822275.2209723,15273064,35153,0.0,88760,119936,30.69310546343147,71768,71768,0.9591595457322334,48348,48348,0.0,18560,18920
1789822276.248878,15273064,34230,0.0,88760,119936,29.185416748492162,71768,71768,0.0,48348,48348,0.0,18560,18920
1789822277.2590327,15273068,34230,0.0,88840,119936,29.698525309925117,71768,71768,0.9899508436641705,48348,48348,0.0,18560,18920
1789822278.3006089,15273068,35153,0.0,88840,119936,30.722663040412908,71768,71768,0.9600832200129034,48348,48348,0.0,18560,18920
1789822279.3392913,15273072,34230,0.0,88840,119936,31.77102779699703,71768,71768,0.0,48348,48348,0.0,18560,18920
1789822280.3813314,15273324,35153,0.0,88840,119936,33.58797815862476,71768,71768,0.9596565188178503,48348,48348,0.0,18560,18920
1789822281.4181714,15273076,34230,0.0,88840,119936,32.79184987505776,71768,71768,0.0,48348,48348,0.0,18560,18920
1789822282.4595459,15273076,34230,0.9602672993905551,88920,119936,22.08614788598277,71768,71768,0.9602672993905551,48348,48348,0.0,18560,18920
1789822283.489847,15273080,34230,0.0,88920,119936,23.294286951302034,71768,71768,0.9705952896375848,48348,48348,0.0,18560,18920
1789822284.5181189,15273084,35153,0.0,88920,119936,23.340021970959793,71768,71768,0.0,48348,48348,0.0,18560,18920
1789822285.5466466,15273084,34230,0.0,88920,119936,18.47301789102305,71768,71768,0.9722640995275291,48348,48348,0.0,18560,18920
1789822286.5836852,15273088,34230,0.0,88920,119936,25.07146773753895,71768,71768,0.0,48348,48348,0.0,18560,18920
1789822287.61992,15273088,34230,0.0,89000,119936,19.30055355560116,71768,71768,0.9650276777800579,48348,48348,0.0,18560,18920
1789822288.6483214,15273092,35153,0.0,89000,119936,22.364934620343497,71768,71768,0.0,48348,48348,0.0,18560,18920
1789822289.6859767,15273092,34230,0.0,89000,119936,23.129052402713594,71768,71768,0.9637105167797331,48348,48348,0.0,18560,18920
1789822290.6990058,15273092,34230,0.0,89000,119936,24.6784581741717,71768,71768,0.0,48348,48348,0.0,18560,18920
1789822291.7397058,15273092,35153,0.0,89000,119936,25.94396182653398,71768,71768,0.960887475056814,48348,48348,0.0,18560,18920
1789822292.78345,15274732,34230,4.790490301891781,87388,119936,29.70103987172904,71768,71768,0.9580980603783562,48348,48348,0.0,18560,18920
1789822293.8105605,15274732,34230,0.0,87388,119936,26.28723794631941,71768,71768,0.0,48348,48348,0.0,18560,18920
1789822294.845421,15274736,34230,0.0,87388,119936,28.989391180593227,71768,71768,0.9663130393531075,48348,48348,0.0,18560,18920
1789822295.87676,15274736,35153,0.0,87388,119936,30.058007066784096,71768,71768,0.0,48348,48348,0.0,18560,18920
1789822296.9158251,15274740,34230,0.0,87388,119936,29.83454460269012,71768,71768,0.9624046646029071,48348,48348,0.0,18560,18920
1789822297.9435184,15276148,34230,3.8922099435108826,85840,119936,30.164627062209338,71768,71768,0.9730524858777206,48348,48348,0.0,18560,18920
1789822298.973061,15276152,35153,0.0,85840,119936,27.196399641154713,71768,71768,0.9712999871840968,48348,48348,0.0,18560,18920
1789822299.9850829,15276152,34230,0.0,85840,119936,28.655633305181226,71768,71768,0.9881252863855595,48348,48348,0.0,18560,18920
1789822301.014546,15276404,35153,0.0,85840,119936,21.370361471118418,71768,71768,0.0,48348,48348,0.0,18560,18920
1789822302.0573888,15278168,35153,2.8767392735686443,83920,119936,34.520871282823734,71768,71768,0.958913091189548,48348,48348,0.0,18560,18920
1789822303.087744,15277548,34230,1.9410887635203726,84164,119936,29.11633145280559,71768,71768,0.9705443817601863,48348,48348,0.0,18560,18920
1789822304.1216235,15277548,35153,0.0,84164,119936,31.91858759158688,71768,71768,0.9672299270177843,48348,48348,0.0,18560,18920
1789822305.1601138,15277552,35153,0.0,84164,119936,31.776908109713858,71768,71768,0.9629366093852684,48348,48348,0.0,18560,18920
1789822306.2020693,15277556,34230,0.0,84164,119936,29.75176588224279,71768,71768,0.0,48348,48348,0.0,18560,18920
1789822307.238176,15278036,34230,7.721194425341253,82324,119936,29.919628398197357,71768,71768,0.9651493031676567,48348,48348,0.9651493031676567,18560,18920
1789822308.2587142,15278188,34230,0.0,82816,119936,30.37618327875311,71768,71768,0.9798768799597778,48348,48348,0.0,18560,18920
1789822309.296806,15278188,35153,0.0,82816,119936,31.789093812152593,71768,71768,0.0,48348,48348,0.0,18560,18920
1789822310.327084,15278192,35153,0.0,82816,119936,31.05959313769957,71768,71768,0.9706122855531115,48348,48348,0.0,18560,18920
1789822311.363555,15278192,34230,0.0,82816,119936,31.83883246300183,71768,71768,0.0,48348,48348,0.0,18560,18920
1789822312.3921485,15278192,34230,0.0,82896,119936,26.24939418949531,71768,71768,0.9721997847961225,48348,48348,0.0,18560,18920
1789822313.4314117,15278196,34230,0.0,82896,119936,23.09319931924619,71768,71768,0.9622166383019246,48348,48348,0.0,18560,18920
1789822314.461015,15278200,34230,0.0,82896,119936,32.05131059736987,71768,71768,0.0,48348,48348,0.0,18560,18920
1789822315.5049555,15278200,34230,0.0,82896,119936,29.695158820003012,71768,71768,0.9579083490323552,48348,48348,0.0,18560,18920
1789822316.544827,15278204,34230,0.0,82896,119936,27.88808908743256,71768,71768,0.9616582443942263,48348,48348,0.0,18560,18920
1789822317.5852542,15278208,34230,0.9611434528357806,82976,119936,27.87316013223764,71768,71768,0.0,48348,48348,0.0,18560,18920
1789822318.6121185,15278216,34230,0.0,82976,119936,30.18903323788036,71768,71768,0.9738397818671083,48348,48348,0.0,18560,18920
1789822319.6433268,15278216,35153,0.0,82976,119936,27.152438874183975,71768,71768,0.9697299597922848,48348,48348,0.0,18560,18920
1789822320.6621385,15278216,34230,0.0,82976,119936,27.483019206807075,71768,71768,0.9815364002431098,48348,48348,0.0,18560,18920
1789822321.6972005,15278220,34230,0.0,82976,119936,25.119381454473174,71768,71768,0.0,48348,48348,0.0,18560,18920
1789822322.7276664,15278220,34230,0.9704344208102403,83056,119936,23.290426099445767,71768,71768,0.0,48348,48348,0.0,18560,18920
1789822323.7596016,15278224,34230,0.0,83056,119936,22.288236295720488,71768,71768,1.9381075039756948,48348,48348,0.0,18560,18920
1789822324.7989326,15278224,34230,0.0,83056,119936,19.24313464706215,71768,71768,0.0,48348,48348,0.0,18560,18920
1789822325.828021,15278228,35153,0.0,83056,119936,23.321516813108296,71768,71768,0.9717298672128456,48348,48348,0.0,18560,18920
1789822326.8626382,15278228,34230,0.0,83056,119936,29.962907602174486,71768,71768,0.0,48348,48348,0.0,18560,18920
1789822327.8922045,15278232,34230,0.9712821011441574,83136,119936,25.253334629748093,71768,71768,0.9712821011441574,48348,48348,0.0,18560,18920
1789822328.9254434,15278236,35153,0.0,83136,119936,25.16348603156426,71768,71768,0.9678263858293946,48348,48348,0.0,18560,18920
1789822329.9541535,15278240,34230,0.0,83136,119936,18.46974291575403,71768,71768,0.0,48348,48348,0.0,18560,18920
1789822330.9853082,15278240,34230,0.0,83136,119936,21.33530737423436,71768,71768,0.9697866988288346,48348,48348,0.0,18560,18920
1789822332.0263562,15278240,34230,0.0,83136,119936,24.014339434693206,71768,71768,0.0,48348,48348,0.0,18560,18920
1789822333.0626817,15278244,34230,0.0,83216,119936,22.19372149538406,71768,71768,0.9649444128427852,48348,48348,0.0,18560,18920
1789822334.0920472,15278244,34230,0.0,83216,119936,29.14417639314021,71768,71768,0.971472546438007,48348,48348,0.0,18560,18920
1789822335.130316,15278244,34230,0.0,83216,119936,25.041802545849656,71768,71768,0.0,48348,48348,0.0,18560,18920
1789822336.1717222,15278248,35153,0.0,83216,119936,29.76727510299546,71768,71768,0.960234680741789,48348,48348,0.0,18560,18920
1789822337.200602,15278248,34230,0.9719352472707707,83296,119936,24.29838118176927,71768,71768,0.9719352472707707,48348,48348,0.0,18560,18920
1789822338.2290864,15278256,34230,0.0,83296,119936,19.44601148508158,71768,71768,0.0,48348,48348,0.0,18560,18920
1789822339.2566743,15278260,34230,0.0,83296,119936,29.19457873565704,71768,71768,0.0,48348,48348,0.0,18560,18920
1789822340.269763,15278012,34230,0.0,83296,119936,27.638394202624887,71768,71768,0.9870855072366032,48348,48348,0.0,18560,18920
1789822341.3025274,15278012,34230,0.0,83296,119936,26.143385820208128,71768,71768,0.9682735488965973,48348,48348,0.0,18560,18920
1789822342.3414073,15278012,35153,0.9625720306609603,83376,119936,25.98944482784593,71768,71768,0.0,48348,48348,0.0,18560,18920
1789822343.36874,15278020,34230,0.0,83376,119936,29.201980426917725,71768,71768,0.9733993475639241,48348,48348,0.0,18560,18920
1789822344.3991232,15278020,34230,0.0,83376,119936,22.32179502666778,71768,71768,0.0,48348,48348,0.0,18560,18920
1789822345.4326086,15278024,34230,0.0,83376,119936,23.222353040527384,71768,71768,0.9675980433553077,48348,48348,0.0,18560,18920
1789822346.472452,15278024,34230,0.0,83376,119936,25.965458247050467,71768,71768,0.0,48348,48348,0.0,18560,18920
1789822347.4994118,15278028,34230,0.0,83456,119936,24.343594237183634,71768,71768,1.9474875389746908,48348,48348,0.0,18560,18920
1789822348.5149114,15278032,34230,0.0,83456,119936,27.572761195740476,71768,71768,0.9847414712764455,48348,48348,0.0,18560,18920
1789822349.5438693,15278032,35153,0.0,83456,119936,20.409018599550464,71768,71768,0.0,48348,48348,0.0,18560,18920
1789822350.5724607,15278036,35153,0.0,83456,119936,23.33286098224314,71768,71768,0.9722025409267975,48348,48348,0.0,18560,18920
1789822351.6134598,15278040,34230,0.0,83456,119936,24.975896650706975,71768,71768,0.960611409642576,48348,48348,0.0,18560,18920
1789822352.6461844,15278040,35153,0.9683165217013139,83536,119936,24.207913042532848,71768,71768,0.0,48348,48348,0.0,18560,18920
1789822353.6765234,15277800,35153,0.0,83536,119936,25.234293744897993,71768,71768,0.9705497594191536,48348,48348,0.0,18560,18920
1789822354.7051198,15277800,35153,0.0,83536,119936,24.305063523169938,71768,71768,0.0,48348,48348,0.0,18560,18920
1789822355.7374506,15277800,34230,0.0,83536,119936,22.27959756748965,71768,71768,0.9686781551082456,48348,48348,0.0,18560,18920
1789822356.7461805,15277804,34230,0.0,83536,119936,25.775102538926138,71768,71768,0.9913500976510053,48348,48348,0.0,18560,18920
1789822357.7836902,15277556,34230,0.0,83616,119936,26.98771010138702,71768,71768,0.0,48348,48348,0.0,18560,18920
1789822358.821948,15277560,34230,0.0,83616,119936,26.96810260787934,71768,71768,0.9631465217099765,48348,48348,0.0,18560,18920
1789822359.8604846,15277560,34230,0.0,83616,119936,33.70143728206707,71768,71768,0.9628982080590592,48348,48348,0.0,18560,18920
1789822360.901174,15277564,34230,0.0,83616,119936,32.67066727056504,71768,71768,0.0,48348,48348,0.0,18560,18920
1789822361.9375188,15277564,34230,0.0,83616,119936,31.84265737854668,71768,71768,0.9649290114711114,48348,48348,0.0,18560,18920
1789822362.9757357,15277564,34230,1.926379706639558,83696,119936,34.67483471951205,71768,71768,0.963189853319779,48348,48348,0.0,18560,18920
1789822364.015825,15277568,35153,0.0,83696,119936,22.113404508858352,71768,71768,0.0,48348,48348,0.0,18560,18920
1789822365.0439105,15277568,35153,0.0,83696,119936,27.23509330792508,71768,71768,0.9726819038544672,48348,48348,0.0,18560,18920
1789822366.0544899,15277824,34230,0.0,83696,119936,27.706896801453432,71768,71768,0.9895320286233368,48348,48348,0.0,18560,18920
1789822367.0647497,15277824,34230,0.989845627061301,83696,119936,28.70552318477773,71768,71768,0.0,48348,48348,0.0,18560,18920
1789822368.100076,15277828,35153,0.0,83776,119936,28.010433376434804,71768,71768,0.9658770129805104,48348,48348,0.0,18560,18920
1789822369.140196,15277832,35153,0.0,83776,119936,23.07434939948727,71768,71768,0.0,48348,48348,0.0,18560,18920
1789822370.1705205,15277580,35153,0.0,83776,119936,22.322995622339835,71768,71768,0.9705650270582538,48348,48348,0.0,18560,18920
1789822371.211194,15277584,34230,0.0,83776,119936,27.866657226457953,71768,71768,0.9609192147054466,48348,48348,0.0,18560,18920
1789822372.2509189,15277592,35153,0.0,84120,119936,31.73914778594153,71768,71768,0.0,48348,48348,0.0,18560,18920
1789822373.2811346,15277596,35153,0.0,84120,119936,20.384023668513656,71768,71768,0.9706677937387456,48348,48348,0.0,18560,18920
1789822374.3019435,15277600,35153,0.0,84120,119936,32.32728798385717,71768,71768,0.9796147873896112,48348,48348,0.0,18560,18920
1789822375.329363,15277600,34230,0.0,84120,119936,23.359507599966797,71768,71768,0.0,48348,48348,0.0,18560,18920
1789822376.3388152,15277604,35153,0.0,84120,119936,27.73793657967498,71768,71768,0.9906405921312492,48348,48348,0.0,18560,18920
1789822377.3687053,15277604,35153,0.0,84200,119936,24.274300559539178,71768,71768,0.0,48348,48348,0.0,18560,18920
1789822378.3790288,15277608,34230,0.0,84200,119936,29.69359914412781,71768,71768,0.9897866381375937,48348,48348,0.0,18560,18920
1789822379.4221046,15277612,34230,0.0,84200,119936,28.760995497557946,71768,71768,0.9586998499185982,48348,48348,0.0,18560,18920
1789822380.4500048,15277612,34230,0.0,84200,119936,21.402947798611038,71768,71768,0.0,48348,48348,0.0,18560,18920
1789822381.4871788,15277616,35153,0.0,84200,119936,29.889860684329527,71768,71768,0.9641890543332106,48348,48348,0.0,18560,18920
1789822382.5271537,15277364,35153,0.9615341078232158,84280,119936,31.73062555816612,71768,71768,0.9615341078232158,48348,48348,0.0,18560,18920
1789822383.561053,15277364,34230,0.0,84280,119936,28.049046175243774,71768,71768,0.0,48348,48348,0.0,18560,18920
1789822384.5940037,15277116,34230,0.0,84280,119936,29.043022701614923,71768,71768,0.9681007567204974,48348,48348,0.0,18560,18920
1789822385.6234512,15277120,34230,0.0,84280,119936,27.19903487877518,71768,71768,0.0,48348,48348,0.0,18560,18920
1789822386.658244,15277120,34230,0.0,84280,119936,25.1257110837132,71768,71768,0.9663735032197385,48348,48348,0.0,18560,18920
1789822387.6873467,15277124,34230,0.9717202670268602,84360,119936,28.179887743778945,71768,71768,0.0,48348,48348,0.0,18560,18920
1789822388.7075438,15277124,34230,0.0,84360,119936,22.544673679945564,71768,71768,0.9802032034758942,48348,48348,0.0,18560,18920
1789822389.734321,15277124,34230,0.0,84360,119936,22.40027826834265,71768,71768,0.0,48348,48348,0.0,18560,18920
1789822390.771452,15277128,34230,0.0,84360,119936,24.104841590290377,71768,71768,0.9641936636116151,48348,48348,0.0,18560,18920
1789822391.801553,15277128,35153,0.0,84360,119936,24.269477584998995,71768,71768,0.9707791033999599,48348,48348,0.0,18560,18920
